{
"type": "FeatureCollection",
"name": "hungary_counties_topo_simplified",
"crs": { "type": "name", "properties": { "name": "urn:ogc:def:crs:OGC:1.3:CRS84" } },
"features": [
{ "type": "Feature", "properties": { "county_name": "BAC", "osm_relation_id": "22260" }, "geometry": { "type": "MultiPolygon", "coordinates": [ [ [ [ 18.8027743, 46.1088411 ], [ 18.7978698, 46.1038783 ], [ 18.7803769, 46.0992705 ], [ 18.7699953, 46.0946715 ], [ 18.7564577, 46.067603 ], [ 18.7385169, 46.048894 ], [ 18.733072, 46.0454516 ], [ 18.7396761, 46.0374749 ], [ 18.7429995, 46.0287267 ], [ 18.7522966, 46.0287515 ], [ 18.7572043, 46.0310512 ], [ 18.7643112, 46.0314474 ], [ 18.7747323, 46.0238562 ], [ 18.7812719, 46.0272992 ], [ 18.783466, 46.026164 ], [ 18.7883748, 46.0284624 ], [ 18.7944032, 46.0254268 ], [ 18.8080728, 46.0243164 ], [ 18.8380655, 46.0418907 ], [ 18.8446367, 46.0384755 ], [ 18.8473811, 46.0350531 ], [ 18.8435735, 46.0300944 ], [ 18.8687464, 46.0210019 ], [ 18.8355745, 45.9798171 ], [ 18.8372085, 45.9802045 ], [ 18.8405058, 45.9756368 ], [ 18.8274602, 45.9596223 ], [ 18.8252713, 45.9603803 ], [ 18.8252852, 45.9569531 ], [ 18.8367617, 45.9554506 ], [ 18.8411328, 45.9531718 ], [ 18.8405981, 45.9512682 ], [ 18.8466019, 45.9493765 ], [ 18.8564487, 45.9433015 ], [ 18.8548209, 45.941396 ], [ 18.8460908, 45.9409965 ], [ 18.8455265, 45.9470876 ], [ 18.8384286, 45.9470747 ], [ 18.8384417, 45.9436475 ], [ 18.8378836, 45.9455553 ], [ 18.835158, 45.9451659 ], [ 18.8351743, 45.9409764 ], [ 18.8313533, 45.9413534 ], [ 18.8280802, 45.9402005 ], [ 18.8291788, 45.9386842 ], [ 18.8275476, 45.9379187 ], [ 18.819917, 45.9360009 ], [ 18.8073739, 45.9344502 ], [ 18.8030213, 45.9306293 ], [ 18.8046727, 45.9287303 ], [ 18.8035889, 45.9268253 ], [ 18.8123345, 45.9230387 ], [ 18.8216375, 45.9146492 ], [ 18.8275588, 45.9047913 ], [ 18.8682163, 45.9112483 ], [ 18.8646283, 45.9207495 ], [ 18.8712233, 45.9161976 ], [ 18.8791457, 45.9164376 ], [ 18.8864996, 45.9214034 ], [ 18.8899167, 45.9213753 ], [ 18.9060047, 45.9352738 ], [ 18.9620183, 45.9258707 ], [ 18.9879734, 45.9321983 ], [ 18.9946964, 45.9238829 ], [ 19.0088503, 45.9232971 ], [ 18.9978752, 45.9462114 ], [ 19.0058141, 45.9587094 ], [ 19.0187804, 45.9631378 ], [ 19.0326879, 45.9646528 ], [ 19.0550031, 45.9655 ], [ 19.0632861, 45.9637717 ], [ 19.0795568, 45.9635326 ], [ 19.0656569, 46.0000364 ], [ 19.10459, 46.0400025 ], [ 19.1136395, 46.0379544 ], [ 19.1337859, 46.0371064 ], [ 19.1472095, 46.0080098 ], [ 19.1456915, 46.0013992 ], [ 19.147739, 45.9961247 ], [ 19.2049172, 45.9926841 ], [ 19.1995868, 45.9981606 ], [ 19.2327088, 45.9993552 ], [ 19.2366566, 45.9950584 ], [ 19.2853496, 45.9967585 ], [ 19.2965383, 45.9877968 ], [ 19.30271, 45.9915685 ], [ 19.2816008, 46.0145217 ], [ 19.364162, 46.0521699 ], [ 19.3801798, 46.0358061 ], [ 19.3950701, 46.0419678 ], [ 19.4154393, 46.0457307 ], [ 19.4230059, 46.0549398 ], [ 19.4382518, 46.0661783 ], [ 19.4665282, 46.081649 ], [ 19.4669294, 46.089006 ], [ 19.4644229, 46.0952749 ], [ 19.4707825, 46.0965902 ], [ 19.4803497, 46.1017651 ], [ 19.4818399, 46.1048042 ], [ 19.4857724, 46.1034945 ], [ 19.5089664, 46.1107236 ], [ 19.5270685, 46.1209367 ], [ 19.5080822, 46.133599 ], [ 19.5094421, 46.1373526 ], [ 19.502454, 46.1420863 ], [ 19.5167587, 46.1517353 ], [ 19.5265629, 46.1476923 ], [ 19.5604429, 46.1662977 ], [ 19.5586322, 46.168016 ], [ 19.5631693, 46.1697583 ], [ 19.5598325, 46.1739294 ], [ 19.5642619, 46.1756179 ], [ 19.5631497, 46.1769784 ], [ 19.5676294, 46.1787179 ], [ 19.6316031, 46.1692415 ], [ 19.6615385, 46.1900524 ], [ 19.6695821, 46.1840195 ], [ 19.6702835, 46.1865601 ], [ 19.6765567, 46.1818411 ], [ 19.6825437, 46.1797353 ], [ 19.6865235, 46.1801107 ], [ 19.686297, 46.1817982 ], [ 19.6980954, 46.18793 ], [ 19.6993099, 46.1883238 ], [ 19.695514, 46.191767 ], [ 19.6832091, 46.2177323 ], [ 19.6381849, 46.2644376 ], [ 19.6531618, 46.2780679 ], [ 19.6891921, 46.3060507 ], [ 19.6799901, 46.318288 ], [ 19.6625574, 46.3317102 ], [ 19.6561354, 46.3469798 ], [ 19.6969767, 46.3593153 ], [ 19.7223099, 46.362216 ], [ 19.7436052, 46.3502792 ], [ 19.7939771, 46.374328 ], [ 19.8194911, 46.3890132 ], [ 19.8572201, 46.3731356 ], [ 19.8666336, 46.3768733 ], [ 19.8810793, 46.386288 ], [ 19.8851602, 46.4011086 ], [ 19.8946403, 46.4086555 ], [ 19.8986666, 46.4196704 ], [ 19.898195, 46.4250044 ], [ 19.8825347, 46.4445403 ], [ 19.8998503, 46.4600305 ], [ 19.9010797, 46.4680169 ], [ 19.8952142, 46.4806249 ], [ 19.8859671, 46.4883114 ], [ 19.873377, 46.4941189 ], [ 19.8482679, 46.5110532 ], [ 19.837745, 46.508462 ], [ 19.809587, 46.50599 ], [ 19.7801594, 46.5320803 ], [ 19.8157271, 46.5501228 ], [ 19.8396098, 46.5602409 ], [ 19.8923422, 46.5785226 ], [ 19.9306519, 46.5572802 ], [ 19.9437478, 46.5484191 ], [ 19.9611813, 46.5673209 ], [ 19.9947356, 46.5918013 ], [ 19.989416, 46.6032691 ], [ 19.99229, 46.6097225 ], [ 19.9941789, 46.6230331 ], [ 19.9910292, 46.6322019 ], [ 19.9806078, 46.6372344 ], [ 19.9853396, 46.6547179 ], [ 19.9931999, 46.661508 ], [ 20.0079005, 46.6796634 ], [ 20.0115029, 46.6952464 ], [ 20.0055639, 46.7036768 ], [ 19.9694289, 46.7268228 ], [ 19.9812593, 46.7385339 ], [ 19.9997956, 46.7528469 ], [ 20.024679, 46.7808194 ], [ 20.0611969, 46.8063963 ], [ 20.0613121, 46.8124882 ], [ 20.0470091, 46.819092 ], [ 20.0437862, 46.8244508 ], [ 20.0376761, 46.8241199 ], [ 20.0326417, 46.8218826 ], [ 20.0309156, 46.818848 ], [ 20.0401586, 46.8084847 ], [ 20.0400459, 46.8023928 ], [ 20.0355077, 46.7971017 ], [ 20.0299533, 46.7963874 ], [ 20.0041654, 46.8118427 ], [ 20.0014622, 46.8156711 ], [ 20.0015503, 46.8206228 ], [ 20.0032543, 46.8225113 ], [ 20.013824, 46.8243249 ], [ 20.0244431, 46.8288086 ], [ 20.0416782, 46.8305622 ], [ 20.0434598, 46.8370177 ], [ 20.0612923, 46.8410503 ], [ 20.0707586, 46.8424904 ], [ 20.0784887, 46.8405177 ], [ 20.1034285, 46.8387643 ], [ 20.1146012, 46.8428502 ], [ 20.1152066, 46.8451255 ], [ 20.1070829, 46.8554845 ], [ 20.0944231, 46.8609322 ], [ 20.0858082, 46.8747218 ], [ 20.093073, 46.8769425 ], [ 20.1206246, 46.8942028 ], [ 20.1234777, 46.8976036 ], [ 20.1230855, 46.9059875 ], [ 20.1481875, 46.9107003 ], [ 20.1554753, 46.9136731 ], [ 20.1600579, 46.9204839 ], [ 20.1585519, 46.9281164 ], [ 20.1563898, 46.9311808 ], [ 20.148775, 46.9392567 ], [ 20.1443548, 46.9408179 ], [ 20.1260693, 46.9436638 ], [ 20.1165531, 46.9407038 ], [ 20.1110145, 46.9365555 ], [ 20.1071546, 46.9381163 ], [ 20.1038741, 46.9461525 ], [ 20.1045706, 46.9530013 ], [ 20.1124367, 46.9571182 ], [ 20.1302681, 46.9588532 ], [ 20.1331086, 46.9618758 ], [ 20.133747, 46.9656755 ], [ 20.1282725, 46.9702957 ], [ 20.1266914, 46.9745007 ], [ 20.1306846, 46.9794153 ], [ 20.1391438, 46.983859 ], [ 20.1292806, 46.9923768 ], [ 20.0945144, 47.007552 ], [ 20.0884203, 47.0091325 ], [ 20.0696923, 47.0195845 ], [ 20.0606625, 47.0131878 ], [ 20.0265941, 47.0073922 ], [ 19.9997163, 46.9984834 ], [ 19.98275, 46.9830106 ], [ 19.9835103, 46.962817 ], [ 19.9536322, 46.9722004 ], [ 19.9341742, 46.9727314 ], [ 19.9269783, 46.9750742 ], [ 19.9081693, 46.9816884 ], [ 19.8767075, 46.9979185 ], [ 19.8613039, 46.9732744 ], [ 19.8612633, 46.9706095 ], [ 19.8402963, 46.9444837 ], [ 19.8291755, 46.9445604 ], [ 19.8020895, 46.9554035 ], [ 19.7797496, 46.9486941 ], [ 19.7355804, 46.9729615 ], [ 19.699054, 46.9884105 ], [ 19.689668, 46.9941719 ], [ 19.6367317, 47.0382516 ], [ 19.6291926, 47.06266 ], [ 19.6204906, 47.0825059 ], [ 19.603989, 47.1035297 ], [ 19.587166, 47.120925 ], [ 19.5779438, 47.1126561 ], [ 19.5697389, 47.1085155 ], [ 19.5614116, 47.1073235 ], [ 19.5327467, 47.1112856 ], [ 19.5060277, 47.1189198 ], [ 19.4931094, 47.0963889 ], [ 19.4859108, 47.072341 ], [ 19.474447, 47.0550055 ], [ 19.4616414, 47.0533986 ], [ 19.4292328, 47.0636332 ], [ 19.3860993, 47.0381296 ], [ 19.374373, 47.0328275 ], [ 19.3582211, 47.0328727 ], [ 19.3331266, 47.0268459 ], [ 19.3253107, 47.0226756 ], [ 19.3191342, 47.0127927 ], [ 19.2953042, 47.036076 ], [ 19.3143943, 47.0668788 ], [ 19.328936, 47.0759792 ], [ 19.3477932, 47.0932229 ], [ 19.3119484, 47.1204069 ], [ 19.2982354, 47.1257535 ], [ 19.2818794, 47.1280823 ], [ 19.2689813, 47.1343751 ], [ 19.2371666, 47.1310051 ], [ 19.2091433, 47.0891586 ], [ 19.2024805, 47.0975471 ], [ 19.1640075, 47.0956902 ], [ 19.1589788, 47.0907434 ], [ 19.1433574, 47.0827627 ], [ 19.1394372, 47.0770517 ], [ 19.1321896, 47.0717274 ], [ 19.1065042, 47.0675255 ], [ 19.0981846, 47.0629905 ], [ 19.0987293, 47.054233 ], [ 19.0953845, 47.045471 ], [ 19.0730961, 47.0378675 ], [ 19.0697588, 47.034441 ], [ 19.0641856, 47.0386316 ], [ 19.0391202, 47.0439626 ], [ 19.0240868, 47.0489063 ], [ 19.0207401, 47.0511925 ], [ 19.0201764, 47.0542416 ], [ 18.9934329, 47.0572753 ], [ 18.95665, 47.0641056 ], [ 18.9577788, 47.0561127 ], [ 18.9733232, 47.0461842 ], [ 18.9773033, 47.0412767 ], [ 18.9706261, 47.0321309 ], [ 18.9666614, 47.0305866 ], [ 18.9655184, 47.0301374 ], [ 18.9674887, 47.020025 ], [ 18.9647428, 47.0103642 ], [ 18.9535369, 47.0000212 ], [ 18.9486704, 46.9916034 ], [ 18.951356, 46.9689635 ], [ 18.9588931, 46.9595709 ], [ 18.9615689, 46.9525334 ], [ 18.9655296, 46.9367209 ], [ 18.964918, 46.9309099 ], [ 18.9582818, 46.9059562 ], [ 18.9519547, 46.8950584 ], [ 18.9317193, 46.8757565 ], [ 18.9262342, 46.8650345 ], [ 18.9250892, 46.8571724 ], [ 18.9243332, 46.8241749 ], [ 18.9265598, 46.8177068 ], [ 18.9354522, 46.8089583 ], [ 18.9537711, 46.8009796 ], [ 18.9498946, 46.7986894 ], [ 18.9537817, 46.794881 ], [ 18.956568, 46.7853634 ], [ 18.9615621, 46.7823241 ], [ 18.9671133, 46.7743329 ], [ 18.9710061, 46.7644315 ], [ 18.9782111, 46.7651984 ], [ 18.9771097, 46.7591052 ], [ 18.9826674, 46.7492106 ], [ 18.9837867, 46.7404475 ], [ 18.9865606, 46.7347408 ], [ 19.0020782, 46.717989 ], [ 19.0059598, 46.7088548 ], [ 19.0065256, 46.6993351 ], [ 19.0037573, 46.691717 ], [ 18.9932554, 46.6829549 ], [ 18.9783408, 46.6635228 ], [ 18.9678491, 46.6543804 ], [ 18.9562484, 46.6486573 ], [ 18.9556821, 46.6536089 ], [ 18.942424, 46.6494077 ], [ 18.9330309, 46.6440685 ], [ 18.9241905, 46.6417723 ], [ 18.9230881, 46.6398684 ], [ 18.9170075, 46.6390992 ], [ 18.917569, 46.6375752 ], [ 18.8888199, 46.6383011 ], [ 18.8827422, 46.636774 ], [ 18.8689752, 46.6207566 ], [ 18.8612622, 46.6142736 ], [ 18.8590763, 46.6066528 ], [ 18.8640852, 46.5959945 ], [ 18.8845825, 46.5754673 ], [ 18.8956714, 46.5598702 ], [ 18.89736, 46.5503463 ], [ 18.8952155, 46.52712 ], [ 18.8963422, 46.5191201 ], [ 18.9118391, 46.4970566 ], [ 18.9103695, 46.4951571 ], [ 18.9173629, 46.4913486 ], [ 18.9223628, 46.4749795 ], [ 18.9240465, 46.464321 ], [ 18.920224, 46.4498448 ], [ 18.9004682, 46.4212612 ], [ 18.8889369, 46.4113477 ], [ 18.8856557, 46.4029636 ], [ 18.8851219, 46.3957299 ], [ 18.8928959, 46.3740298 ], [ 18.8934788, 46.3610833 ], [ 18.8979458, 46.338244 ], [ 18.8996035, 46.3340565 ], [ 18.9078682, 46.3245471 ], [ 18.9194382, 46.3154252 ], [ 18.9222006, 46.3081893 ], [ 18.9216629, 46.3009558 ], [ 18.9189359, 46.2933357 ], [ 18.9178353, 46.2937125 ], [ 18.9178435, 46.2902851 ], [ 18.9129308, 46.2777164 ], [ 18.9113282, 46.2609557 ], [ 18.9052942, 46.2586675 ], [ 18.8921214, 46.2597906 ], [ 18.8860736, 46.2624471 ], [ 18.8761661, 46.2704339 ], [ 18.8673828, 46.270036 ], [ 18.8624591, 46.264698 ], [ 18.8674332, 46.2548019 ], [ 18.8767889, 46.2456809 ], [ 18.8751695, 46.2380614 ], [ 18.8669641, 46.2319561 ], [ 18.8620153, 46.2349974 ], [ 18.8537772, 46.236124 ], [ 18.8423053, 46.2231566 ], [ 18.8297104, 46.2178029 ], [ 18.8226149, 46.2086473 ], [ 18.822083, 46.2056031 ], [ 18.8330619, 46.2010506 ], [ 18.8494844, 46.2083196 ], [ 18.8675403, 46.2224373 ], [ 18.8719242, 46.2224442 ], [ 18.8714104, 46.2129236 ], [ 18.867036, 46.2102517 ], [ 18.865947, 46.2075849 ], [ 18.866513, 46.2011092 ], [ 18.8709152, 46.1976888 ], [ 18.87093, 46.193121 ], [ 18.854476, 46.1927161 ], [ 18.8512044, 46.1892831 ], [ 18.8517652, 46.1847101 ], [ 18.8440962, 46.1835562 ], [ 18.8392234, 46.1675571 ], [ 18.841422, 46.1664145 ], [ 18.8392467, 46.1614586 ], [ 18.8409195, 46.1530885 ], [ 18.8398606, 46.1454696 ], [ 18.83822, 46.1431796 ], [ 18.8321901, 46.1439305 ], [ 18.826759, 46.13326 ], [ 18.8251173, 46.1336348 ], [ 18.8109555, 46.1145666 ], [ 18.8197371, 46.1092547 ], [ 18.8027743, 46.1088411 ] ] ] ] } },
{ "type": "Feature", "properties": { "county_name": "BAR", "osm_relation_id": "22234" }, "geometry": { "type": "MultiPolygon", "coordinates": [ [ [ [ 18.0531924, 46.2958844 ], [ 18.0483048, 46.2927916 ], [ 18.0356377, 46.2945878 ], [ 18.0245214, 46.3013429 ], [ 18.0174591, 46.2974666 ], [ 18.0147145, 46.2974415 ], [ 18.0113646, 46.3000761 ], [ 18.0075712, 46.2973759 ], [ 18.0052914, 46.301545 ], [ 18.0014321, 46.3022717 ], [ 18.0018453, 46.3091309 ], [ 17.9754902, 46.3081212 ], [ 17.960179, 46.3045469 ], [ 17.9591174, 46.3026338 ], [ 17.9536584, 46.3010562 ], [ 17.9486602, 46.3036729 ], [ 17.9341946, 46.2856301 ], [ 17.934896, 46.2780253 ], [ 17.9377033, 46.2753815 ], [ 17.9339857, 46.2692518 ], [ 17.9324736, 46.2623814 ], [ 17.927643, 46.2570029 ], [ 17.9310726, 46.2505657 ], [ 17.9311667, 46.2459922 ], [ 17.9345718, 46.2406953 ], [ 17.9222438, 46.2261058 ], [ 17.9195345, 46.2245539 ], [ 17.9123383, 46.2279093 ], [ 17.9051883, 46.2285995 ], [ 17.9003956, 46.2216953 ], [ 17.8927424, 46.2204704 ], [ 17.8844134, 46.2249592 ], [ 17.8778499, 46.2241288 ], [ 17.8757687, 46.2187765 ], [ 17.8709063, 46.2152981 ], [ 17.8609172, 46.220524 ], [ 17.8571119, 46.218959 ], [ 17.8539189, 46.214735 ], [ 17.8472893, 46.2165675 ], [ 17.8451613, 46.2138795 ], [ 17.8457648, 46.2112205 ], [ 17.8430246, 46.2111913 ], [ 17.8408881, 46.2085031 ], [ 17.8370757, 46.2073216 ], [ 17.8315104, 46.2110675 ], [ 17.8249318, 46.2106182 ], [ 17.8216042, 46.212485 ], [ 17.8150516, 46.2108886 ], [ 17.8142909, 46.2204012 ], [ 17.812605, 46.2222857 ], [ 17.8082127, 46.2222375 ], [ 17.802801, 46.2191343 ], [ 17.7972583, 46.2213602 ], [ 17.7943945, 46.2266592 ], [ 17.7840819, 46.2219694 ], [ 17.784777, 46.2155059 ], [ 17.7788407, 46.211249 ], [ 17.7762254, 46.2058887 ], [ 17.7768501, 46.2028461 ], [ 17.770862, 46.2008754 ], [ 17.7582345, 46.2014939 ], [ 17.7576179, 46.2041522 ], [ 17.7521202, 46.2048516 ], [ 17.7470755, 46.2093618 ], [ 17.7344744, 46.2313075 ], [ 17.7283829, 46.2335237 ], [ 17.7181306, 46.2265474 ], [ 17.7154645, 46.2234662 ], [ 17.7155299, 46.2208015 ], [ 17.7199131, 46.2208533 ], [ 17.7232536, 46.2189896 ], [ 17.7279049, 46.2083763 ], [ 17.7231086, 46.2026111 ], [ 17.723155, 46.2007087 ], [ 17.7209506, 46.2010608 ], [ 17.7171973, 46.1975887 ], [ 17.7122253, 46.1990547 ], [ 17.7078913, 46.1967159 ], [ 17.7101238, 46.1952238 ], [ 17.7029945, 46.1951389 ], [ 17.704224, 46.1898165 ], [ 17.707057, 46.1860443 ], [ 17.7048807, 46.185634 ], [ 17.7055283, 46.1814577 ], [ 17.7007841, 46.1737829 ], [ 17.699143, 46.1737632 ], [ 17.6990579, 46.1771901 ], [ 17.6968257, 46.1786882 ], [ 17.697568, 46.1710789 ], [ 17.6922065, 46.1660617 ], [ 17.6933604, 46.1637883 ], [ 17.692311, 46.1618727 ], [ 17.6868929, 46.1595262 ], [ 17.6881612, 46.1526858 ], [ 17.6815065, 46.1339411 ], [ 17.6839952, 46.1221629 ], [ 17.6835, 46.1198758 ], [ 17.6802401, 46.1190737 ], [ 17.6848059, 46.1115111 ], [ 17.6875886, 46.1096418 ], [ 17.6653412, 46.1017523 ], [ 17.671536, 46.0949726 ], [ 17.6809292, 46.0916594 ], [ 17.6766147, 46.0889414 ], [ 17.6777964, 46.085528 ], [ 17.6779784, 46.0782965 ], [ 17.6757978, 46.0778855 ], [ 17.6769985, 46.0737099 ], [ 17.669914, 46.0724827 ], [ 17.6701645, 46.0625866 ], [ 17.6554457, 46.0608803 ], [ 17.6561737, 46.0536493 ], [ 17.6316854, 46.0487748 ], [ 17.6328492, 46.0461241 ], [ 17.6285099, 46.0449287 ], [ 17.6285595, 46.0430264 ], [ 17.6324549, 46.0404039 ], [ 17.6319824, 46.0373545 ], [ 17.6342798, 46.0331931 ], [ 17.6338952, 46.027095 ], [ 17.6372081, 46.0256119 ], [ 17.6384795, 46.0187722 ], [ 17.6412885, 46.0157639 ], [ 17.6489954, 46.0135729 ], [ 17.6573502, 46.0075836 ], [ 17.6530339, 46.0052427 ], [ 17.6533943, 45.9911579 ], [ 17.6250717, 45.9881369 ], [ 17.6299773, 45.9885771 ], [ 17.6331903, 45.9699599 ], [ 17.6428792, 45.9540833 ], [ 17.6450219, 45.9346902 ], [ 17.6596967, 45.9367759 ], [ 17.6538939, 45.9504149 ], [ 17.6593189, 45.9516228 ], [ 17.6627707, 45.94481 ], [ 17.6687458, 45.9460304 ], [ 17.6694031, 45.941464 ], [ 17.6769836, 45.9438442 ], [ 17.6851819, 45.943566 ], [ 17.6891053, 45.9394235 ], [ 17.6820858, 45.9362886 ], [ 17.6760915, 45.9362154 ], [ 17.6817537, 45.9279104 ], [ 17.6818109, 45.9256239 ], [ 17.6873004, 45.9241659 ], [ 17.6949259, 45.9250206 ], [ 17.7146681, 45.920689 ], [ 17.7246072, 45.9158543 ], [ 17.7242319, 45.9089945 ], [ 17.7204985, 45.9055226 ], [ 17.7304159, 45.9014497 ], [ 17.7343236, 45.8976898 ], [ 17.7338101, 45.896159 ], [ 17.729453, 45.8961077 ], [ 17.7262615, 45.8926424 ], [ 17.7281518, 45.8820036 ], [ 17.734204, 45.8797876 ], [ 17.7348455, 45.8759894 ], [ 17.7272996, 45.872473 ], [ 17.7267956, 45.8705641 ], [ 17.7312422, 45.8671889 ], [ 17.7280247, 45.8648638 ], [ 17.7225237, 45.867086 ], [ 17.7220016, 45.8659331 ], [ 17.7159782, 45.8670083 ], [ 17.716034, 45.8647217 ], [ 17.7094884, 45.8650218 ], [ 17.7034087, 45.8683766 ], [ 17.6976011, 45.8606951 ], [ 17.6933035, 45.858356 ], [ 17.6952776, 45.86676 ], [ 17.6891118, 45.8735345 ], [ 17.6853829, 45.8700677 ], [ 17.6799377, 45.869617 ], [ 17.6740369, 45.866117 ], [ 17.6701952, 45.8668322 ], [ 17.6688228, 45.8565322 ], [ 17.6666992, 45.8542188 ], [ 17.6683876, 45.8523367 ], [ 17.6662738, 45.8496454 ], [ 17.659209, 45.8487955 ], [ 17.6553674, 45.8498945 ], [ 17.6516805, 45.8482404 ], [ 17.6606249, 45.8393457 ], [ 17.6705348, 45.8349963 ], [ 17.6882735, 45.8387972 ], [ 17.7004629, 45.8369234 ], [ 17.7068107, 45.8317116 ], [ 17.732273, 45.8304702 ], [ 17.7438864, 45.8281834 ], [ 17.7592087, 45.8119359 ], [ 17.7635952, 45.8120632 ], [ 17.766729, 45.8152209 ], [ 17.7715595, 45.8169334 ], [ 17.7832346, 45.8168103 ], [ 17.7984212, 45.8067934 ], [ 17.8096462, 45.8037793 ], [ 17.8150316, 45.8048333 ], [ 17.8202474, 45.8099478 ], [ 17.8262828, 45.8095 ], [ 17.830841, 45.8043204 ], [ 17.8333314, 45.7911555 ], [ 17.8406124, 45.785545 ], [ 17.8516258, 45.7833371 ], [ 17.8534686, 45.7800484 ], [ 17.8524818, 45.7757551 ], [ 17.8557371, 45.7704705 ], [ 17.8640868, 45.7668474 ], [ 17.8684808, 45.7679245 ], [ 17.8710491, 45.7751073 ], [ 17.8754914, 45.7789154 ], [ 17.8974419, 45.7904548 ], [ 17.9061943, 45.7921906 ], [ 17.921805, 45.7869838 ], [ 17.9303114, 45.7859115 ], [ 17.9497935, 45.7923769 ], [ 17.9699088, 45.7886908 ], [ 17.976939, 45.7898369 ], [ 17.988323, 45.7948259 ], [ 17.9963607, 45.7951546 ], [ 18.0022606, 45.793411 ], [ 18.0145452, 45.7829706 ], [ 18.0267797, 45.7772616 ], [ 18.0532714, 45.7731162 ], [ 18.0826924, 45.7643075 ], [ 18.0975562, 45.7663906 ], [ 18.105854, 45.7702366 ], [ 18.113577, 45.7779216 ], [ 18.1190415, 45.7864526 ], [ 18.1229823, 45.7889473 ], [ 18.1504852, 45.7872701 ], [ 18.1557417, 45.7848463 ], [ 18.162811, 45.7782294 ], [ 18.1695489, 45.7758412 ], [ 18.1725702, 45.7766239 ], [ 18.1839177, 45.7854674 ], [ 18.1907376, 45.7874275 ], [ 18.2049604, 45.781358 ], [ 18.2303105, 45.7787814 ], [ 18.2342817, 45.7750523 ], [ 18.2362404, 45.7688247 ], [ 18.2437187, 45.7610245 ], [ 18.2595646, 45.7611685 ], [ 18.2759005, 45.7554698 ], [ 18.290938, 45.7605369 ], [ 18.2964138, 45.7608096 ], [ 18.3095105, 45.7565116 ], [ 18.3322933, 45.7542324 ], [ 18.3366408, 45.7514183 ], [ 18.3378033, 45.7470782 ], [ 18.3390932, 45.746955 ], [ 18.3450018, 45.7499557 ], [ 18.3463957, 45.7550653 ], [ 18.3546835, 45.7640042 ], [ 18.3565234, 45.7639181 ], [ 18.3564332, 45.7668788 ], [ 18.3650013, 45.7656476 ], [ 18.3666767, 45.7667215 ], [ 18.3642257, 45.7729364 ], [ 18.3807321, 45.7636669 ], [ 18.3856372, 45.7647726 ], [ 18.3918949, 45.7616983 ], [ 18.3920305, 45.757766 ], [ 18.3945426, 45.7571712 ], [ 18.3971714, 45.7531367 ], [ 18.4001397, 45.7552439 ], [ 18.3995209, 45.7505743 ], [ 18.3968167, 45.7495046 ], [ 18.3979134, 45.7446505 ], [ 18.4007417, 45.744353 ], [ 18.4076301, 45.7397119 ], [ 18.4105726, 45.7389227 ], [ 18.4189021, 45.7409864 ], [ 18.4234999, 45.7400465 ], [ 18.4275001, 45.7414873 ], [ 18.434613, 45.7388477 ], [ 18.446853, 45.737128 ], [ 18.4500733, 45.7457849 ], [ 18.4479265, 45.7487143 ], [ 18.4490566, 45.7579597 ], [ 18.4450763, 45.7605196 ], [ 18.4562828, 45.7695229 ], [ 18.4638006, 45.7662352 ], [ 18.4821108, 45.7654765 ], [ 18.4823323, 45.7756502 ], [ 18.4853595, 45.7813657 ], [ 18.4858578, 45.7863199 ], [ 18.4906707, 45.7947168 ], [ 18.5021019, 45.7943951 ], [ 18.5053933, 45.7921242 ], [ 18.5048819, 45.7883165 ], [ 18.5101881, 45.7848045 ], [ 18.5185165, 45.7853327 ], [ 18.5223505, 45.7826859 ], [ 18.5212099, 45.7880103 ], [ 18.5325912, 45.7937773 ], [ 18.5391233, 45.7934291 ], [ 18.5440045, 45.7953538 ], [ 18.548368, 45.7938488 ], [ 18.555439, 45.7946424 ], [ 18.5592826, 45.8036559 ], [ 18.5749232, 45.800304 ], [ 18.5728156, 45.8135942 ], [ 18.5951927, 45.8213706 ], [ 18.6035631, 45.8280161 ], [ 18.6010945, 45.8337902 ], [ 18.6232491, 45.8394736 ], [ 18.6147306, 45.8530364 ], [ 18.6235534, 45.8543238 ], [ 18.6262291, 45.8615663 ], [ 18.6277705, 45.8733783 ], [ 18.6315591, 45.8768197 ], [ 18.6376222, 45.868085 ], [ 18.6549902, 45.8741304 ], [ 18.6418562, 45.884468 ], [ 18.6412809, 45.8890397 ], [ 18.6544825, 45.8953992 ], [ 18.6610482, 45.8953197 ], [ 18.6619787, 45.8993917 ], [ 18.6650062, 45.8994347 ], [ 18.6621537, 45.9008845 ], [ 18.6600233, 45.904698 ], [ 18.6595328, 45.9168864 ], [ 18.6627235, 45.9167238 ], [ 18.6695203, 45.9106871 ], [ 18.675949, 45.9148219 ], [ 18.7047865, 45.9180493 ], [ 18.7100407, 45.912316 ], [ 18.7216286, 45.9052279 ], [ 18.7382944, 45.9006703 ], [ 18.7502259, 45.9002825 ], [ 18.7504696, 45.8980281 ], [ 18.7569043, 45.8967929 ], [ 18.7605319, 45.8931019 ], [ 18.7602319, 45.8886362 ], [ 18.7672207, 45.8894253 ], [ 18.7730478, 45.8879841 ], [ 18.785266, 45.8800675 ], [ 18.7910962, 45.8781625 ], [ 18.8089306, 45.879463 ], [ 18.8126002, 45.8908159 ], [ 18.8115167, 45.8977626 ], [ 18.8072491, 45.9031911 ], [ 18.8216375, 45.9146492 ], [ 18.8123345, 45.9230387 ], [ 18.8035889, 45.9268253 ], [ 18.8046727, 45.9287303 ], [ 18.8030213, 45.9306293 ], [ 18.8073739, 45.9344502 ], [ 18.819917, 45.9360009 ], [ 18.8275476, 45.9379187 ], [ 18.8291788, 45.9386842 ], [ 18.8280802, 45.9402005 ], [ 18.8313533, 45.9413534 ], [ 18.8351743, 45.9409764 ], [ 18.835158, 45.9451659 ], [ 18.8378836, 45.9455553 ], [ 18.8384417, 45.9436475 ], [ 18.8384286, 45.9470747 ], [ 18.8455265, 45.9470876 ], [ 18.8460908, 45.9409965 ], [ 18.8548209, 45.941396 ], [ 18.8564487, 45.9433015 ], [ 18.8466019, 45.9493765 ], [ 18.8405981, 45.9512682 ], [ 18.8411328, 45.9531718 ], [ 18.8367617, 45.9554506 ], [ 18.8252852, 45.9569531 ], [ 18.8252713, 45.9603803 ], [ 18.8274602, 45.9596223 ], [ 18.8405058, 45.9756368 ], [ 18.8372085, 45.9802045 ], [ 18.8355745, 45.9798171 ], [ 18.8687464, 46.0210019 ], [ 18.8435735, 46.0300944 ], [ 18.8473811, 46.0350531 ], [ 18.8446367, 46.0384755 ], [ 18.8380655, 46.0418907 ], [ 18.8080728, 46.0243164 ], [ 18.7944032, 46.0254268 ], [ 18.7883748, 46.0284624 ], [ 18.783466, 46.026164 ], [ 18.7812719, 46.0272992 ], [ 18.7747323, 46.0238562 ], [ 18.7643112, 46.0314474 ], [ 18.7572043, 46.0310512 ], [ 18.7522966, 46.0287515 ], [ 18.7429995, 46.0287267 ], [ 18.7396761, 46.0374749 ], [ 18.733072, 46.0454516 ], [ 18.7385169, 46.048894 ], [ 18.7564577, 46.067603 ], [ 18.7699953, 46.0946715 ], [ 18.7803769, 46.0992705 ], [ 18.7978698, 46.1038783 ], [ 18.8027743, 46.1088411 ], [ 18.7797778, 46.1087888 ], [ 18.7753746, 46.1144863 ], [ 18.7611391, 46.1136887 ], [ 18.7578802, 46.1098749 ], [ 18.7512922, 46.1121448 ], [ 18.7469298, 46.1098463 ], [ 18.7386759, 46.1166786 ], [ 18.7287889, 46.1219811 ], [ 18.7211452, 46.1185318 ], [ 18.718384, 46.1227135 ], [ 18.7019203, 46.1287565 ], [ 18.6936628, 46.1348233 ], [ 18.6898398, 46.1332866 ], [ 18.6904074, 46.1310076 ], [ 18.6931513, 46.1298697 ], [ 18.6931686, 46.1272047 ], [ 18.6874731, 46.1248506 ], [ 18.6860548, 46.1260417 ], [ 18.6860296, 46.129847 ], [ 18.6788408, 46.1397277 ], [ 18.6573961, 46.1514561 ], [ 18.6419285, 46.1689226 ], [ 18.6210205, 46.1791275 ], [ 18.6171572, 46.1825402 ], [ 18.6132569, 46.1905205 ], [ 18.6083316, 46.189361 ], [ 18.6001637, 46.1832302 ], [ 18.5930477, 46.1816832 ], [ 18.5908018, 46.1877666 ], [ 18.5814146, 46.1961015 ], [ 18.5698724, 46.1994805 ], [ 18.5720189, 46.2040636 ], [ 18.567613, 46.20671 ], [ 18.5653767, 46.2112683 ], [ 18.5658909, 46.2146979 ], [ 18.5708142, 46.2162435 ], [ 18.5685666, 46.2230889 ], [ 18.552146, 46.2192062 ], [ 18.5466343, 46.2214689 ], [ 18.5482701, 46.2222385 ], [ 18.5471633, 46.2241363 ], [ 18.5328592, 46.2278774 ], [ 18.5284166, 46.2339558 ], [ 18.533871, 46.2370239 ], [ 18.5387456, 46.2439009 ], [ 18.5408575, 46.2530523 ], [ 18.5390729, 46.2671321 ], [ 18.5423312, 46.2713365 ], [ 18.5423099, 46.2736173 ], [ 18.5346134, 46.2747292 ], [ 18.5345954, 46.2766319 ], [ 18.5312722, 46.2792818 ], [ 18.5319132, 46.2701428 ], [ 18.5302745, 46.2686168 ], [ 18.5187211, 46.2712284 ], [ 18.5148522, 46.2738753 ], [ 18.5197425, 46.2792285 ], [ 18.5188514, 46.2841408 ], [ 18.5092328, 46.2871742 ], [ 18.5086407, 46.2909831 ], [ 18.5031365, 46.2924752 ], [ 18.4851125, 46.2931719 ], [ 18.4788801, 46.3011195 ], [ 18.4755888, 46.3003405 ], [ 18.4806686, 46.2874186 ], [ 18.4802976, 46.2698951 ], [ 18.4775822, 46.2672163 ], [ 18.4682654, 46.2660285 ], [ 18.4606262, 46.2617992 ], [ 18.4678294, 46.2549815 ], [ 18.4662019, 46.2534484 ], [ 18.4596138, 46.2537985 ], [ 18.4601753, 46.2522768 ], [ 18.4579818, 46.2518872 ], [ 18.4546778, 46.2533884 ], [ 18.4442435, 46.2533331 ], [ 18.4459638, 46.2472497 ], [ 18.4443451, 46.2441978 ], [ 18.4405043, 46.2441772 ], [ 18.4383417, 46.2418785 ], [ 18.4268459, 46.2387726 ], [ 18.4235943, 46.2357053 ], [ 18.4170169, 46.2345283 ], [ 18.4110514, 46.2291645 ], [ 18.3968233, 46.2256558 ], [ 18.3815872, 46.2156624 ], [ 18.3683959, 46.2174865 ], [ 18.3639837, 46.2197469 ], [ 18.3595188, 46.2254342 ], [ 18.361672, 46.2288749 ], [ 18.3802927, 46.2316518 ], [ 18.3840906, 46.2351017 ], [ 18.3950386, 46.2374464 ], [ 18.399369, 46.2420455 ], [ 18.4037453, 46.2435891 ], [ 18.4047672, 46.2500718 ], [ 18.4090726, 46.2569512 ], [ 18.4101268, 46.2607627 ], [ 18.4090143, 46.2619031 ], [ 18.4101133, 46.2619093 ], [ 18.4116949, 46.2680108 ], [ 18.4165345, 46.2760334 ], [ 18.4220177, 46.2772044 ], [ 18.4147123, 46.2912579 ], [ 18.3982867, 46.2869747 ], [ 18.3916435, 46.2915042 ], [ 18.3894628, 46.2899668 ], [ 18.3839367, 46.2929839 ], [ 18.3756847, 46.2936974 ], [ 18.3722911, 46.3012883 ], [ 18.3755667, 46.3032169 ], [ 18.3727506, 46.3089085 ], [ 18.3765676, 46.3112183 ], [ 18.3759047, 46.3199722 ], [ 18.3736802, 46.3226241 ], [ 18.3730545, 46.3283349 ], [ 18.3894444, 46.3364271 ], [ 18.3905079, 46.3394827 ], [ 18.3865304, 46.3501202 ], [ 18.3760441, 46.3534858 ], [ 18.376011, 46.3561508 ], [ 18.3716075, 46.3561245 ], [ 18.3688359, 46.3580107 ], [ 18.3550487, 46.3609765 ], [ 18.3512095, 46.3601906 ], [ 18.3505705, 46.3674198 ], [ 18.3433632, 46.371565 ], [ 18.3416663, 46.37536 ], [ 18.3420139, 46.3905971 ], [ 18.3441924, 46.3925135 ], [ 18.3441627, 46.3948004 ], [ 18.3474341, 46.3967235 ], [ 18.3457367, 46.4005186 ], [ 18.3379232, 46.4088497 ], [ 18.3351878, 46.407692 ], [ 18.3302185, 46.4088011 ], [ 18.3141349, 46.4174558 ], [ 18.3037514, 46.4120576 ], [ 18.2977, 46.4116396 ], [ 18.2818044, 46.4065808 ], [ 18.2724625, 46.4057548 ], [ 18.2670135, 46.4015273 ], [ 18.2510262, 46.4037029 ], [ 18.2438065, 46.4078418 ], [ 18.2372837, 46.4024648 ], [ 18.2207131, 46.4057725 ], [ 18.1856102, 46.3978927 ], [ 18.1889128, 46.3636417 ], [ 18.1961158, 46.3598906 ], [ 18.1994843, 46.3557259 ], [ 18.202775, 46.356513 ], [ 18.2029948, 46.3424199 ], [ 18.1997943, 46.3359251 ], [ 18.2009195, 46.3319893 ], [ 18.1929682, 46.3311296 ], [ 18.1804575, 46.3328211 ], [ 18.1730107, 46.3281188 ], [ 18.1720317, 46.3255715 ], [ 18.1643217, 46.3196556 ], [ 18.1566235, 46.3199794 ], [ 18.153771, 46.3264278 ], [ 18.1521627, 46.3241341 ], [ 18.1544358, 46.3191997 ], [ 18.1528215, 46.3172841 ], [ 18.1396386, 46.3171788 ], [ 18.1390139, 46.3213638 ], [ 18.1269043, 46.3227842 ], [ 18.1247688, 46.3189611 ], [ 18.1225816, 46.3181808 ], [ 18.1170575, 46.3200383 ], [ 18.1143223, 46.3188752 ], [ 18.1106015, 46.311611 ], [ 18.1185036, 46.2998687 ], [ 18.1147484, 46.2941229 ], [ 18.1153289, 46.292603 ], [ 18.12472, 46.2892587 ], [ 18.1290536, 46.2930998 ], [ 18.1323691, 46.291602 ], [ 18.1226665, 46.28124 ], [ 18.1171175, 46.2842439 ], [ 18.1143801, 46.283837 ], [ 18.110924, 46.2929508 ], [ 18.101425, 46.302392 ], [ 18.0910311, 46.3000172 ], [ 18.0849601, 46.3014904 ], [ 18.0789568, 46.2991518 ], [ 18.076287, 46.2949451 ], [ 18.0763417, 46.291896 ], [ 18.0719093, 46.2937606 ], [ 18.0653345, 46.2929412 ], [ 18.059804, 46.29518 ], [ 18.05876, 46.2921213 ], [ 18.0531924, 46.2958844 ] ] ] ] } },
{ "type": "Feature", "properties": { "county_name": "BEK", "osm_relation_id": "22266" }, "geometry": { "type": "MultiPolygon", "coordinates": [ [ [ [ 20.4243859, 46.8037207 ], [ 20.4427855, 46.8073088 ], [ 20.4534467, 46.8121242 ], [ 20.4927175, 46.7872582 ], [ 20.5034234, 46.7734097 ], [ 20.5377948, 46.7733487 ], [ 20.5628079, 46.7760618 ], [ 20.5955995, 46.7596265 ], [ 20.5848317, 46.73197 ], [ 20.5817062, 46.7194406 ], [ 20.5843087, 46.7136899 ], [ 20.5843683, 46.6965549 ], [ 20.5895244, 46.6831508 ], [ 20.5927501, 46.6800631 ], [ 20.5750179, 46.6791563 ], [ 20.5762829, 46.6650489 ], [ 20.5751652, 46.6646858 ], [ 20.5692937, 46.6331496 ], [ 20.5764483, 46.6319127 ], [ 20.574417, 46.6189902 ], [ 20.579484, 46.5640726 ], [ 20.6047569, 46.5404936 ], [ 20.6151584, 46.5376844 ], [ 20.6107057, 46.5362272 ], [ 20.613252, 46.5289515 ], [ 20.614915, 46.5293128 ], [ 20.6154161, 46.5273965 ], [ 20.613709, 46.525517 ], [ 20.6135321, 46.5194257 ], [ 20.6094982, 46.5137721 ], [ 20.6061622, 46.5126713 ], [ 20.6042581, 46.5039382 ], [ 20.6019958, 46.5020661 ], [ 20.6017324, 46.4929261 ], [ 20.5988249, 46.4876348 ], [ 20.6008035, 46.4799889 ], [ 20.5946619, 46.4770294 ], [ 20.5988139, 46.4682132 ], [ 20.6021449, 46.4689299 ], [ 20.606218, 46.4574427 ], [ 20.6039905, 46.4567109 ], [ 20.6050274, 46.4544153 ], [ 20.5823899, 46.4528219 ], [ 20.5827816, 46.4082516 ], [ 20.5712389, 46.4091704 ], [ 20.560132, 46.4055073 ], [ 20.5539071, 46.3994969 ], [ 20.5487323, 46.3915691 ], [ 20.5789759, 46.371357 ], [ 20.5716718, 46.3657466 ], [ 20.5857925, 46.3594613 ], [ 20.5881024, 46.363236 ], [ 20.6218607, 46.351345 ], [ 20.623607, 46.3547488 ], [ 20.6823538, 46.3512471 ], [ 20.6937087, 46.3807886 ], [ 20.7389433, 46.3843105 ], [ 20.7429691, 46.3724404 ], [ 20.7488765, 46.3677826 ], [ 20.7541438, 46.3604685 ], [ 20.7628918, 46.3412853 ], [ 20.7486468, 46.2904622 ], [ 20.7636941, 46.2799556 ], [ 20.775654, 46.27596 ], [ 20.7891546, 46.2731213 ], [ 20.873271, 46.287756 ], [ 20.890544, 46.2713931 ], [ 20.9221563, 46.2618353 ], [ 20.9250702, 46.2766191 ], [ 20.946585, 46.279303 ], [ 20.9526839, 46.2651077 ], [ 20.9608171, 46.262304 ], [ 20.9903529, 46.2595396 ], [ 21.015767, 46.26326 ], [ 21.0246723, 46.2665329 ], [ 21.036624, 46.248039 ], [ 21.0660828, 46.2429394 ], [ 21.070879, 46.253901 ], [ 21.079601, 46.252226 ], [ 21.0825233, 46.256742 ], [ 21.086306, 46.255148 ], [ 21.0870088, 46.2593269 ], [ 21.0908207, 46.2584952 ], [ 21.0942493, 46.2622771 ], [ 21.1003706, 46.2640379 ], [ 21.103161, 46.262589 ], [ 21.1091332, 46.2779703 ], [ 21.1155011, 46.3016603 ], [ 21.122567, 46.3009339 ], [ 21.1453362, 46.3046349 ], [ 21.1475161, 46.2991298 ], [ 21.1515444, 46.2975575 ], [ 21.1676588, 46.2978175 ], [ 21.1805936, 46.3041159 ], [ 21.1731193, 46.318443 ], [ 21.1774415, 46.3234401 ], [ 21.1758854, 46.3296206 ], [ 21.1789067, 46.3304223 ], [ 21.1762269, 46.3357664 ], [ 21.1900274, 46.3393094 ], [ 21.1994707, 46.3479089 ], [ 21.1965421, 46.3708133 ], [ 21.2063155, 46.4032299 ], [ 21.2163243, 46.4018338 ], [ 21.2191182, 46.4110976 ], [ 21.2253589, 46.4135347 ], [ 21.2396331, 46.4103381 ], [ 21.2753984, 46.4066884 ], [ 21.2831951, 46.4032211 ], [ 21.2962805, 46.406696 ], [ 21.2894388, 46.4135766 ], [ 21.289518, 46.415478 ], [ 21.293464, 46.417688 ], [ 21.2959051, 46.4233501 ], [ 21.3115162, 46.4398429 ], [ 21.3131628, 46.4495436 ], [ 21.3177669, 46.4506918 ], [ 21.2963246, 46.4761514 ], [ 21.2743063, 46.4764633 ], [ 21.2727956, 46.4834085 ], [ 21.2604143, 46.5019609 ], [ 21.2762089, 46.5350232 ], [ 21.2742187, 46.5407104 ], [ 21.2803252, 46.5449574 ], [ 21.2896513, 46.5443105 ], [ 21.2936438, 46.5522177 ], [ 21.2975049, 46.5534315 ], [ 21.3049586, 46.5606346 ], [ 21.303434, 46.5643301 ], [ 21.3207803, 46.5828136 ], [ 21.3160869, 46.5855794 ], [ 21.3140418, 46.5841313 ], [ 21.3084567, 46.5875045 ], [ 21.3070455, 46.5863838 ], [ 21.3011224, 46.5908157 ], [ 21.306843, 46.5989201 ], [ 21.3068789, 46.6017933 ], [ 21.3140883, 46.6175941 ], [ 21.3299635, 46.6315742 ], [ 21.3348372, 46.6290066 ], [ 21.3478099, 46.6313478 ], [ 21.353202, 46.6302062 ], [ 21.365614, 46.6378313 ], [ 21.3786428, 46.6330093 ], [ 21.381567, 46.628276 ], [ 21.4099891, 46.6218365 ], [ 21.4164199, 46.6425181 ], [ 21.4217341, 46.6464998 ], [ 21.4324817, 46.6481311 ], [ 21.4414584, 46.6514552 ], [ 21.4548856, 46.6611553 ], [ 21.4557082, 46.6671027 ], [ 21.4423936, 46.6665769 ], [ 21.4309553, 46.6781367 ], [ 21.430264, 46.680492 ], [ 21.4315836, 46.6821938 ], [ 21.4276209, 46.6893456 ], [ 21.430051, 46.6938662 ], [ 21.4344031, 46.6956089 ], [ 21.451163, 46.6885301 ], [ 21.4730032, 46.6956373 ], [ 21.4793802, 46.6921405 ], [ 21.4836981, 46.6917119 ], [ 21.4893265, 46.6861226 ], [ 21.4922181, 46.6859799 ], [ 21.4954623, 46.6877321 ], [ 21.5001724, 46.6954898 ], [ 21.5075644, 46.6980644 ], [ 21.5072666, 46.7002546 ], [ 21.5093104, 46.7012559 ], [ 21.5074649, 46.7048644 ], [ 21.5123513, 46.7078235 ], [ 21.511102, 46.7117223 ], [ 21.5195339, 46.7137842 ], [ 21.5293422, 46.7208103 ], [ 21.5303249, 46.7273233 ], [ 21.5266634, 46.7391945 ], [ 21.5116533, 46.7453616 ], [ 21.4931708, 46.7574856 ], [ 21.4847718, 46.7584738 ], [ 21.4832192, 46.7647151 ], [ 21.4902013, 46.7758154 ], [ 21.493463, 46.7749656 ], [ 21.5092255, 46.7833602 ], [ 21.5117119, 46.7900315 ], [ 21.5152307, 46.7938549 ], [ 21.5138427, 46.7955644 ], [ 21.518681, 46.7998628 ], [ 21.5194046, 46.8053921 ], [ 21.5222034, 46.8084968 ], [ 21.5210161, 46.8118646 ], [ 21.5225618, 46.8139069 ], [ 21.5212442, 46.8199187 ], [ 21.5190501, 46.8209262 ], [ 21.5202208, 46.8372841 ], [ 21.525409, 46.8394452 ], [ 21.5344557, 46.8394908 ], [ 21.5378126, 46.8440681 ], [ 21.5379236, 46.8474094 ], [ 21.5480816, 46.8488098 ], [ 21.5570075, 46.8537046 ], [ 21.5690482, 46.8539268 ], [ 21.569973, 46.8555031 ], [ 21.5808848, 46.8574961 ], [ 21.5844176, 46.8598595 ], [ 21.5952352, 46.860513 ], [ 21.597729, 46.8626703 ], [ 21.5977256, 46.8646646 ], [ 21.6018733, 46.8663911 ], [ 21.6033056, 46.8687373 ], [ 21.6010801, 46.8789245 ], [ 21.6035123, 46.8850041 ], [ 21.6142, 46.8865295 ], [ 21.6071144, 46.9043288 ], [ 21.6027233, 46.9039845 ], [ 21.5990409, 46.9091968 ], [ 21.599425, 46.9160744 ], [ 21.5973656, 46.9180528 ], [ 21.5986842, 46.9274662 ], [ 21.6062043, 46.9325188 ], [ 21.6383305, 46.9329974 ], [ 21.6407212, 46.9389041 ], [ 21.6498772, 46.9436031 ], [ 21.6512403, 46.947684 ], [ 21.6558881, 46.9499371 ], [ 21.6555424, 46.9520834 ], [ 21.6580214, 46.9560181 ], [ 21.6731532, 46.9537105 ], [ 21.6757232, 46.9590724 ], [ 21.6788273, 46.9604142 ], [ 21.6818429, 46.9669311 ], [ 21.6764106, 46.9692351 ], [ 21.6679336, 46.9701899 ], [ 21.6685235, 46.9728284 ], [ 21.6703735, 46.9801507 ], [ 21.6776322, 46.9891194 ], [ 21.6760303, 46.9925566 ], [ 21.6793326, 46.9979593 ], [ 21.687456, 46.9993629 ], [ 21.6889507, 47.0018204 ], [ 21.6826723, 47.004012 ], [ 21.6810863, 47.0062425 ], [ 21.6783653, 47.0121831 ], [ 21.6778782, 47.0183902 ], [ 21.6615511, 47.0203356 ], [ 21.65923, 47.0226328 ], [ 21.6520998, 47.0189488 ], [ 21.6419847, 47.0177248 ], [ 21.6398822, 47.0252149 ], [ 21.634818, 47.0241887 ], [ 21.627397, 47.0205429 ], [ 21.6260995, 47.0167647 ], [ 21.6282905, 47.0159525 ], [ 21.6253818, 47.0133517 ], [ 21.6192782, 47.0138676 ], [ 21.6196933, 47.0108135 ], [ 21.624011, 47.0080497 ], [ 21.611925, 47.0034559 ], [ 21.6034899, 46.9982234 ], [ 21.5912046, 46.9973567 ], [ 21.5758742, 46.9988414 ], [ 21.5691848, 47.0027935 ], [ 21.5648255, 46.9929868 ], [ 21.5573959, 46.9889585 ], [ 21.5535653, 46.9783771 ], [ 21.5628048, 46.961791 ], [ 21.5482047, 46.9590611 ], [ 21.5432905, 46.9610724 ], [ 21.5421069, 46.959579 ], [ 21.539418, 46.9615414 ], [ 21.5353505, 46.9578167 ], [ 21.5339546, 46.9517516 ], [ 21.5294778, 46.9510864 ], [ 21.5289877, 46.9526225 ], [ 21.5256588, 46.9526948 ], [ 21.5241792, 46.9569187 ], [ 21.5214019, 46.956979 ], [ 21.5196494, 46.9551133 ], [ 21.5212435, 46.9535534 ], [ 21.517888, 46.9532478 ], [ 21.5172481, 46.9513518 ], [ 21.5129381, 46.9544958 ], [ 21.503836, 46.9501222 ], [ 21.5012711, 46.951571 ], [ 21.4991917, 46.9494921 ], [ 21.4966871, 46.9517951 ], [ 21.4942705, 46.9476614 ], [ 21.4903288, 46.9465987 ], [ 21.4862141, 46.9417385 ], [ 21.48342, 46.9414138 ], [ 21.4818509, 46.9437354 ], [ 21.4789703, 46.9415087 ], [ 21.47678, 46.9423181 ], [ 21.472089, 46.9492759 ], [ 21.4434869, 46.9563537 ], [ 21.4234187, 46.9430638 ], [ 21.4254471, 46.9510203 ], [ 21.4315871, 46.9516548 ], [ 21.4301768, 46.9573951 ], [ 21.4424765, 46.9586629 ], [ 21.4389094, 46.9659738 ], [ 21.4385697, 46.9709353 ], [ 21.4251296, 46.9689342 ], [ 21.4209307, 46.9747324 ], [ 21.4150116, 46.9765411 ], [ 21.4030551, 46.9761858 ], [ 21.3549439, 46.9797912 ], [ 21.3423356, 46.9847225 ], [ 21.2548629, 47.0096856 ], [ 21.2475012, 47.0067771 ], [ 21.2470743, 47.0098358 ], [ 21.2331312, 47.0230555 ], [ 21.2351188, 47.0306374 ], [ 21.2404101, 47.0373871 ], [ 21.2390307, 47.0446552 ], [ 21.232741, 47.054299 ], [ 21.2318441, 47.0596482 ], [ 21.2885131, 47.0817896 ], [ 21.2954051, 47.0866083 ], [ 21.2956617, 47.092698 ], [ 21.2916722, 47.1038189 ], [ 21.3075831, 47.1107475 ], [ 21.300053, 47.1173689 ], [ 21.3011855, 47.117731 ], [ 21.3015392, 47.1261005 ], [ 21.2994352, 47.1291924 ], [ 21.2939423, 47.1312037 ], [ 21.3009149, 47.1508761 ], [ 21.2940854, 47.147966 ], [ 21.2728293, 47.1468559 ], [ 21.2544155, 47.1472122 ], [ 21.2407036, 47.1531858 ], [ 21.2299816, 47.1503465 ], [ 21.2099285, 47.1652037 ], [ 21.125426, 47.1751435 ], [ 21.1138837, 47.1799276 ], [ 21.0680016, 47.2074102 ], [ 21.0607956, 47.2090558 ], [ 21.0658003, 47.1937355 ], [ 21.0517116, 47.1905544 ], [ 21.0200457, 47.2253806 ], [ 21.0144248, 47.2247146 ], [ 21.0096627, 47.2320371 ], [ 20.992091, 47.2321926 ], [ 20.9876348, 47.2259335 ], [ 20.9773062, 47.2305421 ], [ 20.9674911, 47.22551 ], [ 20.9552279, 47.2089404 ], [ 20.9448542, 47.1862794 ], [ 20.9326083, 47.1876221 ], [ 20.926371, 47.1850589 ], [ 20.9257361, 47.1827817 ], [ 20.9184356, 47.1817605 ], [ 20.9109622, 47.1757884 ], [ 20.9097515, 47.1731424 ], [ 20.8941643, 47.1745354 ], [ 20.8474773, 47.1482375 ], [ 20.8609209, 47.1331721 ], [ 20.8601341, 47.1263282 ], [ 20.8622415, 47.1228666 ], [ 20.8683125, 47.120867 ], [ 20.8447409, 47.1166646 ], [ 20.8450251, 47.1086631 ], [ 20.8476439, 47.1036688 ], [ 20.8475155, 47.0998645 ], [ 20.8439586, 47.0934422 ], [ 20.852288, 47.0925485 ], [ 20.8434718, 47.0789808 ], [ 20.8444974, 47.0762928 ], [ 20.8499373, 47.0724008 ], [ 20.8614543, 47.0668873 ], [ 20.8597341, 47.0653895 ], [ 20.861325, 47.063083 ], [ 20.8562464, 47.061254 ], [ 20.8569247, 47.0646715 ], [ 20.8437047, 47.069455 ], [ 20.8405883, 47.0595975 ], [ 20.8384091, 47.0611567 ], [ 20.8258559, 47.0522088 ], [ 20.8123216, 47.0474715 ], [ 20.8028085, 47.046093 ], [ 20.8114543, 47.0379629 ], [ 20.8064049, 47.0368939 ], [ 20.7595723, 47.035702 ], [ 20.7599018, 47.0459815 ], [ 20.7562357, 47.0532707 ], [ 20.7461369, 47.05114 ], [ 20.7275013, 47.0434124 ], [ 20.7257867, 47.0340298 ], [ 20.7230283, 47.0304771 ], [ 20.7162375, 47.0344436 ], [ 20.7116402, 47.0338018 ], [ 20.7081004, 47.035134 ], [ 20.7020348, 47.012553 ], [ 20.7108759, 47.0119804 ], [ 20.7164134, 47.0055307 ], [ 20.7156039, 47.0013089 ], [ 20.7183487, 47.0001281 ], [ 20.7132219, 46.9963968 ], [ 20.7123493, 46.9861252 ], [ 20.7096396, 46.9781533 ], [ 20.7203544, 46.9753395 ], [ 20.7142351, 46.975429 ], [ 20.7136118, 46.9731568 ], [ 20.7223668, 46.9684599 ], [ 20.725587, 46.9646001 ], [ 20.7265448, 46.9596329 ], [ 20.7237099, 46.9581558 ], [ 20.7116146, 46.9625235 ], [ 20.7054495, 46.9610882 ], [ 20.7042656, 46.9588179 ], [ 20.7125025, 46.9552699 ], [ 20.7258643, 46.9558366 ], [ 20.7274696, 46.9539099 ], [ 20.7256136, 46.9478434 ], [ 20.7277674, 46.9455242 ], [ 20.7270511, 46.9405816 ], [ 20.7202055, 46.9349728 ], [ 20.7206592, 46.931538 ], [ 20.7036505, 46.9211176 ], [ 20.6931656, 46.9107678 ], [ 20.6728627, 46.9139481 ], [ 20.6413386, 46.9002966 ], [ 20.6068335, 46.9175359 ], [ 20.5990544, 46.9183984 ], [ 20.5861152, 46.912102 ], [ 20.5601001, 46.9133028 ], [ 20.5533871, 46.9169359 ], [ 20.5459771, 46.9142448 ], [ 20.5457832, 46.9061915 ], [ 20.5376938, 46.9001677 ], [ 20.4965123, 46.8904703 ], [ 20.4761518, 46.8941122 ], [ 20.4734681, 46.8975738 ], [ 20.4602842, 46.9030689 ], [ 20.4518189, 46.8982207 ], [ 20.4528609, 46.8955424 ], [ 20.4438164, 46.8895602 ], [ 20.4328746, 46.8744573 ], [ 20.4075039, 46.8595327 ], [ 20.4168623, 46.8346628 ], [ 20.4181537, 46.8201731 ], [ 20.4218889, 46.814419 ], [ 20.4243859, 46.8037207 ] ] ] ] } },
{ "type": "Feature", "properties": { "county_name": "BUD", "osm_relation_id": "37244" }, "geometry": { "type": "MultiPolygon", "coordinates": [ [ [ [ 18.9251057, 47.5441443 ], [ 18.9297897, 47.5418333 ], [ 18.9357518, 47.5433397 ], [ 18.9343186, 47.5356412 ], [ 18.935328, 47.5226433 ], [ 18.9303547, 47.5246384 ], [ 18.9279539, 47.5243459 ], [ 18.9268967, 47.5222438 ], [ 18.9334747, 47.5207347 ], [ 18.9353292, 47.5226409 ], [ 18.9447868, 47.5175182 ], [ 18.9429264, 47.5171486 ], [ 18.9338566, 47.5070997 ], [ 18.9440584, 47.5035135 ], [ 18.9455163, 47.4993342 ], [ 18.9445975, 47.4969936 ], [ 18.9398544, 47.4978647 ], [ 18.9359282, 47.4915402 ], [ 18.941698, 47.4884174 ], [ 18.9415237, 47.4870192 ], [ 18.9470626, 47.4824417 ], [ 18.9550643, 47.4863048 ], [ 18.9636819, 47.4822826 ], [ 18.978875, 47.4688119 ], [ 18.9826683, 47.4607778 ], [ 18.9810547, 47.4552125 ], [ 18.9774326, 47.4550674 ], [ 18.9698967, 47.4510976 ], [ 18.9785151, 47.4472141 ], [ 18.9792237, 47.4379139 ], [ 18.9762365, 47.4300716 ], [ 18.9570475, 47.418595 ], [ 18.9569082, 47.4142609 ], [ 18.9624741, 47.3993087 ], [ 18.9540778, 47.3971046 ], [ 18.9513396, 47.3925554 ], [ 18.9548797, 47.383642 ], [ 18.9534771, 47.3828832 ], [ 18.9553262, 47.3782385 ], [ 18.9623767, 47.3726234 ], [ 18.9762979, 47.3824776 ], [ 18.9947161, 47.3869779 ], [ 19.0166532, 47.3898082 ], [ 19.0188672, 47.3880904 ], [ 19.0224447, 47.3890829 ], [ 19.0240622, 47.3871571 ], [ 19.0276588, 47.3884606 ], [ 19.0303509, 47.3853211 ], [ 19.0382316, 47.3883735 ], [ 19.0439653, 47.3850196 ], [ 19.0479811, 47.3888067 ], [ 19.0508724, 47.3873791 ], [ 19.0536513, 47.393375 ], [ 19.0628242, 47.392037 ], [ 19.0645702, 47.3934571 ], [ 19.0605141, 47.3976623 ], [ 19.0708615, 47.4027654 ], [ 19.0836196, 47.4048964 ], [ 19.0940016, 47.3910256 ], [ 19.1052232, 47.3869689 ], [ 19.0981731, 47.378676 ], [ 19.128191, 47.3598382 ], [ 19.1404776, 47.3496899 ], [ 19.1507446, 47.3567436 ], [ 19.179723, 47.3610728 ], [ 19.192576, 47.3739836 ], [ 19.2058415, 47.3954749 ], [ 19.2156862, 47.4029417 ], [ 19.2179199, 47.4008758 ], [ 19.2263926, 47.4074575 ], [ 19.2174223, 47.4127942 ], [ 19.2316902, 47.4241808 ], [ 19.2347718, 47.4231533 ], [ 19.2364054, 47.426036 ], [ 19.2387264, 47.4239034 ], [ 19.2379199, 47.4222537 ], [ 19.2469876, 47.4192067 ], [ 19.2547071, 47.4289332 ], [ 19.260142, 47.4271733 ], [ 19.2657695, 47.4382332 ], [ 19.2808994, 47.4363091 ], [ 19.2922813, 47.4506399 ], [ 19.3012638, 47.4571781 ], [ 19.3076148, 47.4564439 ], [ 19.3304118, 47.4597947 ], [ 19.3349258, 47.4632105 ], [ 19.3310621, 47.4674813 ], [ 19.3298221, 47.4776748 ], [ 19.3142178, 47.4930363 ], [ 19.3138981, 47.5031401 ], [ 19.3210962, 47.5104483 ], [ 19.3186944, 47.5154243 ], [ 19.2964014, 47.5112745 ], [ 19.2638164, 47.508291 ], [ 19.258807, 47.5204905 ], [ 19.2448869, 47.5369178 ], [ 19.2211482, 47.5327422 ], [ 19.2094161, 47.5403195 ], [ 19.2034636, 47.5373749 ], [ 19.1985332, 47.5398106 ], [ 19.1949325, 47.5375716 ], [ 19.190302, 47.5389938 ], [ 19.1773626, 47.5461324 ], [ 19.180781, 47.5482346 ], [ 19.1611232, 47.5595248 ], [ 19.1743919, 47.5642885 ], [ 19.157766, 47.5762296 ], [ 19.151554, 47.5739475 ], [ 19.145354, 47.5781449 ], [ 19.1538362, 47.5849905 ], [ 19.1381137, 47.5956474 ], [ 19.1403634, 47.596402 ], [ 19.1381081, 47.5998434 ], [ 19.1279713, 47.5979524 ], [ 19.118315, 47.60326 ], [ 19.1086333, 47.6058353 ], [ 19.10726, 47.6072473 ], [ 19.1090625, 47.6103547 ], [ 19.0992826, 47.6131468 ], [ 19.0885455, 47.6045492 ], [ 19.0745731, 47.5891295 ], [ 19.0712811, 47.5894956 ], [ 19.0718181, 47.5975358 ], [ 19.0767223, 47.6068533 ], [ 19.0602037, 47.6094768 ], [ 19.0381747, 47.609626 ], [ 19.0252812, 47.6045889 ], [ 19.029707, 47.5996609 ], [ 19.0344669, 47.5869376 ], [ 19.01985, 47.5876438 ], [ 19.0016873, 47.5834365 ], [ 18.9969086, 47.5859382 ], [ 18.993828, 47.5837556 ], [ 18.9830234, 47.5890291 ], [ 18.9777865, 47.5857341 ], [ 18.9850891, 47.5831117 ], [ 18.9772115, 47.5739078 ], [ 18.959585, 47.5778639 ], [ 18.9425905, 47.578906 ], [ 18.9394691, 47.5756486 ], [ 18.9288432, 47.5724407 ], [ 18.9381149, 47.5571891 ], [ 18.9335623, 47.5559461 ], [ 18.940496, 47.5527905 ], [ 18.9408244, 47.5507918 ], [ 18.9332235, 47.5463736 ], [ 18.9251057, 47.5441443 ] ] ] ] } },
{ "type": "Feature", "properties": { "county_name": "BOR", "osm_relation_id": "22271" }, "geometry": { "type": "MultiPolygon", "coordinates": [ [ [ [ 20.0519069, 48.1677197 ], [ 20.0545652, 48.1662035 ], [ 20.0585836, 48.1680709 ], [ 20.0619858, 48.1672793 ], [ 20.0608099, 48.1653873 ], [ 20.0635934, 48.1623209 ], [ 20.0630064, 48.1611798 ], [ 20.0647404, 48.1607849 ], [ 20.063512, 48.1581331 ], [ 20.0657228, 48.1546875 ], [ 20.0721768, 48.1532487 ], [ 20.0765414, 48.1553547 ], [ 20.0804545, 48.1518937 ], [ 20.0861859, 48.1533271 ], [ 20.088997, 48.1521958 ], [ 20.0933671, 48.1434017 ], [ 20.0979208, 48.1433608 ], [ 20.0984012, 48.1391679 ], [ 20.1012287, 48.1380023 ], [ 20.1183316, 48.1401268 ], [ 20.118943, 48.1424075 ], [ 20.1269576, 48.144998 ], [ 20.1456563, 48.141397 ], [ 20.1488892, 48.1397478 ], [ 20.1500882, 48.1360266 ], [ 20.1551735, 48.1344541 ], [ 20.16373, 48.1355189 ], [ 20.167595, 48.1301469 ], [ 20.1652537, 48.1271271 ], [ 20.1675054, 48.1259654 ], [ 20.1691588, 48.1236631 ], [ 20.1685537, 48.1217667 ], [ 20.1707887, 48.1198429 ], [ 20.1701252, 48.1156606 ], [ 20.177467, 48.1133033 ], [ 20.180905, 48.1144101 ], [ 20.1932938, 48.1093444 ], [ 20.2029257, 48.1077251 ], [ 20.2040382, 48.1065739 ], [ 20.2011642, 48.1054561 ], [ 20.199968, 48.1028035 ], [ 20.2039034, 48.1004781 ], [ 20.2043834, 48.0966688 ], [ 20.2213318, 48.0923107 ], [ 20.240118, 48.0936443 ], [ 20.2411946, 48.0909688 ], [ 20.245179, 48.091306 ], [ 20.2491025, 48.0889853 ], [ 20.255475, 48.0946263 ], [ 20.2600244, 48.0945791 ], [ 20.2600774, 48.096865 ], [ 20.2748091, 48.0951866 ], [ 20.2805766, 48.0985523 ], [ 20.2789106, 48.1004722 ], [ 20.2841235, 48.1046059 ], [ 20.2819296, 48.1076777 ], [ 20.2779705, 48.1084817 ], [ 20.2861139, 48.1163889 ], [ 20.2856069, 48.1190531 ], [ 20.2878972, 48.1197965 ], [ 20.2874141, 48.1232282 ], [ 20.2964811, 48.1219852 ], [ 20.3026619, 48.1192544 ], [ 20.3198317, 48.1236413 ], [ 20.3236706, 48.1178863 ], [ 20.3207566, 48.1148757 ], [ 20.3263802, 48.1125277 ], [ 20.3257509, 48.1098701 ], [ 20.3325301, 48.1082713 ], [ 20.3341477, 48.1048268 ], [ 20.3387167, 48.1055385 ], [ 20.3449027, 48.1031833 ], [ 20.3454099, 48.1005132 ], [ 20.3549312, 48.0950778 ], [ 20.3543387, 48.0939443 ], [ 20.3565561, 48.0916329 ], [ 20.3613956, 48.0922939 ], [ 20.3623449, 48.0936264 ], [ 20.3608086, 48.0974586 ], [ 20.3643278, 48.1017383 ], [ 20.3631225, 48.1045035 ], [ 20.3597288, 48.1049259 ], [ 20.3637726, 48.1075449 ], [ 20.3638588, 48.1109706 ], [ 20.362195, 48.1125075 ], [ 20.3644709, 48.112866 ], [ 20.3697398, 48.1188975 ], [ 20.3743299, 48.1203697 ], [ 20.3738528, 48.1241798 ], [ 20.37569, 48.1291098 ], [ 20.3894161, 48.1323794 ], [ 20.3952244, 48.1368793 ], [ 20.3870239, 48.149918 ], [ 20.39482, 48.1506139 ], [ 20.3978161, 48.1494157 ], [ 20.4081721, 48.1538622 ], [ 20.4115084, 48.1507746 ], [ 20.4160234, 48.1495816 ], [ 20.4348148, 48.1501219 ], [ 20.4377273, 48.1527517 ], [ 20.4462006, 48.150364 ], [ 20.4541712, 48.1506524 ], [ 20.4558333, 48.149108 ], [ 20.4512477, 48.1476389 ], [ 20.4591356, 48.1448793 ], [ 20.4635769, 48.1410208 ], [ 20.4656676, 48.1341421 ], [ 20.4684255, 48.1310598 ], [ 20.4741367, 48.1317523 ], [ 20.4757953, 48.1298261 ], [ 20.4740329, 48.1279488 ], [ 20.4779488, 48.1256144 ], [ 20.4767589, 48.1237266 ], [ 20.4782945, 48.1176165 ], [ 20.4833577, 48.1156519 ], [ 20.4844117, 48.1125902 ], [ 20.4808215, 48.106165 ], [ 20.4813426, 48.1042501 ], [ 20.4847145, 48.1030684 ], [ 20.4816773, 48.0958742 ], [ 20.4877497, 48.0893238 ], [ 20.4916727, 48.0873729 ], [ 20.49549, 48.0816121 ], [ 20.4969788, 48.0735998 ], [ 20.5024844, 48.0674398 ], [ 20.5000525, 48.0617566 ], [ 20.4783827, 48.0586041 ], [ 20.4811764, 48.0566612 ], [ 20.4805515, 48.0547664 ], [ 20.4832001, 48.0478801 ], [ 20.4936157, 48.0423798 ], [ 20.4902771, 48.0367499 ], [ 20.4918296, 48.0314013 ], [ 20.4888793, 48.0272488 ], [ 20.4904933, 48.0238019 ], [ 20.4881172, 48.0200264 ], [ 20.4846789, 48.0189287 ], [ 20.4857206, 48.0154889 ], [ 20.4834389, 48.0151329 ], [ 20.4803653, 48.0064145 ], [ 20.4796878, 48.0022337 ], [ 20.4824381, 47.9991571 ], [ 20.4811884, 47.9949834 ], [ 20.478272, 47.9919704 ], [ 20.4708885, 47.9916829 ], [ 20.4613965, 47.9761884 ], [ 20.4613348, 47.9739025 ], [ 20.4539335, 47.972852 ], [ 20.4515512, 47.9682991 ], [ 20.4733725, 47.9577672 ], [ 20.478879, 47.9519858 ], [ 20.4878702, 47.94921 ], [ 20.4984097, 47.9410847 ], [ 20.5007092, 47.9421963 ], [ 20.5034972, 47.9406369 ], [ 20.5108845, 47.9413064 ], [ 20.5178987, 47.9286562 ], [ 20.5116361, 47.9275887 ], [ 20.5109997, 47.924932 ], [ 20.5024073, 47.9216128 ], [ 20.4938686, 47.9202011 ], [ 20.4972164, 47.9182506 ], [ 20.4931702, 47.9152582 ], [ 20.4992098, 47.9083288 ], [ 20.4997403, 47.9071819 ], [ 20.4974422, 47.9060641 ], [ 20.4924195, 47.9084134 ], [ 20.4809716, 47.9039879 ], [ 20.473214, 47.9101752 ], [ 20.468129, 47.9106155 ], [ 20.4629825, 47.9087758 ], [ 20.4605931, 47.9042376 ], [ 20.4526089, 47.9020477 ], [ 20.4479952, 47.8990544 ], [ 20.4496385, 47.896754 ], [ 20.4500175, 47.8898953 ], [ 20.4626317, 47.8748937 ], [ 20.4947192, 47.8687842 ], [ 20.50306, 47.8633503 ], [ 20.5082997, 47.8484355 ], [ 20.5121296, 47.8438136 ], [ 20.5131129, 47.8384714 ], [ 20.5116951, 47.8282078 ], [ 20.5035729, 47.8206933 ], [ 20.5041011, 47.8191683 ], [ 20.5018489, 47.8195746 ], [ 20.5026223, 47.8066184 ], [ 20.5070423, 47.8031357 ], [ 20.5074962, 47.7989404 ], [ 20.5125489, 47.7977364 ], [ 20.5199415, 47.7916167 ], [ 20.5218808, 47.7880986 ], [ 20.5201468, 47.7865961 ], [ 20.5240247, 47.7838818 ], [ 20.5310699, 47.77351 ], [ 20.5412337, 47.7733794 ], [ 20.5422668, 47.7699388 ], [ 20.5461099, 47.7660839 ], [ 20.5500717, 47.7664106 ], [ 20.5561959, 47.763288 ], [ 20.5705809, 47.7528178 ], [ 20.5761881, 47.7516035 ], [ 20.5889225, 47.7430554 ], [ 20.5961824, 47.7402935 ], [ 20.5812075, 47.7302107 ], [ 20.577729, 47.7268294 ], [ 20.5776405, 47.7237812 ], [ 20.569011, 47.7181868 ], [ 20.577847, 47.7115937 ], [ 20.5840963, 47.7130355 ], [ 20.5891277, 47.7114439 ], [ 20.5890388, 47.708402 ], [ 20.5946184, 47.7064248 ], [ 20.6028445, 47.6983131 ], [ 20.6336341, 47.6906622 ], [ 20.6413981, 47.6863656 ], [ 20.6729785, 47.6863105 ], [ 20.6771703, 47.694247 ], [ 20.6876532, 47.6868596 ], [ 20.7041332, 47.6908146 ], [ 20.7086354, 47.690372 ], [ 20.7186528, 47.6864159 ], [ 20.724174, 47.6825304 ], [ 20.7252176, 47.6798501 ], [ 20.7412736, 47.6708581 ], [ 20.7440003, 47.6677687 ], [ 20.7524344, 47.6672665 ], [ 20.7639178, 47.6564295 ], [ 20.77175, 47.6544101 ], [ 20.7647217, 47.6636571 ], [ 20.7648455, 47.667461 ], [ 20.7729563, 47.6741955 ], [ 20.7963503, 47.6826022 ], [ 20.8052916, 47.6801858 ], [ 20.8190615, 47.6704551 ], [ 20.8305676, 47.6689878 ], [ 20.8277791, 47.6626812 ], [ 20.8279707, 47.6590164 ], [ 20.8339147, 47.6568779 ], [ 20.8374006, 47.66245 ], [ 20.8453721, 47.6567739 ], [ 20.8543373, 47.6578731 ], [ 20.8534232, 47.6524141 ], [ 20.859451, 47.6457928 ], [ 20.8677919, 47.6430561 ], [ 20.876539, 47.643281 ], [ 20.87964, 47.645981 ], [ 20.8795139, 47.6496832 ], [ 20.876357, 47.6521024 ], [ 20.8636061, 47.6560054 ], [ 20.8550549, 47.661554 ], [ 20.8517235, 47.6707917 ], [ 20.8519757, 47.6753178 ], [ 20.8575868, 47.6759516 ], [ 20.8940499, 47.6708008 ], [ 20.9021469, 47.6763862 ], [ 20.9005704, 47.6798392 ], [ 20.8988959, 47.6802441 ], [ 20.8875299, 47.6777602 ], [ 20.8834238, 47.6892552 ], [ 20.8835694, 47.6934368 ], [ 20.8871052, 47.6979551 ], [ 20.8916196, 47.6978832 ], [ 20.8947428, 47.6905937 ], [ 20.903041, 47.6858927 ], [ 20.9179881, 47.6940323 ], [ 20.9265285, 47.6961749 ], [ 20.9349201, 47.6941354 ], [ 20.9328944, 47.7006458 ], [ 20.9341729, 47.7048151 ], [ 20.9434262, 47.7111351 ], [ 20.9456565, 47.7103361 ], [ 20.9503963, 47.7167357 ], [ 20.9520577, 47.7159459 ], [ 20.9674235, 47.719498 ], [ 20.9871118, 47.7176449 ], [ 20.9968071, 47.7205318 ], [ 21.0003352, 47.7242782 ], [ 21.0010364, 47.7280785 ], [ 20.999474, 47.7315326 ], [ 20.9955964, 47.7335008 ], [ 20.9973843, 47.7361361 ], [ 20.9957651, 47.7380663 ], [ 21.0021417, 47.7425271 ], [ 20.9977082, 47.7448891 ], [ 20.9962015, 47.749867 ], [ 21.0077724, 47.7572897 ], [ 21.0134549, 47.7583339 ], [ 21.0252618, 47.7569924 ], [ 21.030198, 47.753096 ], [ 21.0333577, 47.7469487 ], [ 21.0361628, 47.7465225 ], [ 21.0440053, 47.7597144 ], [ 21.04176, 47.7601374 ], [ 21.0418464, 47.762417 ], [ 21.0442218, 47.7654257 ], [ 21.0470132, 47.7646152 ], [ 21.0530018, 47.7736545 ], [ 21.0480362, 47.7767838 ], [ 21.0498084, 47.7786561 ], [ 21.0554216, 47.7777966 ], [ 21.0602535, 47.7860932 ], [ 21.0603845, 47.7895186 ], [ 21.0660808, 47.7905601 ], [ 21.065067, 47.7936274 ], [ 21.0674597, 47.7970135 ], [ 21.0653149, 47.8000943 ], [ 21.0671526, 47.8038744 ], [ 21.0700336, 47.805349 ], [ 21.0712376, 47.8072309 ], [ 21.0695896, 47.8084002 ], [ 21.081375, 47.8207646 ], [ 21.0755688, 47.8315276 ], [ 21.0762326, 47.8341813 ], [ 21.0683947, 47.836221 ], [ 21.058584, 47.8459122 ], [ 21.0614618, 47.8470089 ], [ 21.0609495, 47.8485364 ], [ 21.0520206, 47.8517406 ], [ 21.0526492, 47.8532545 ], [ 21.0560648, 47.8539578 ], [ 21.0602257, 47.8592163 ], [ 21.0715072, 47.8582578 ], [ 21.0699308, 47.8613286 ], [ 21.0710922, 47.8620708 ], [ 21.077393, 47.864248 ], [ 21.0824829, 47.8641589 ], [ 21.0867206, 47.8857911 ], [ 21.0834998, 47.8904157 ], [ 21.0916507, 47.8959874 ], [ 21.0970016, 47.9027484 ], [ 21.1215318, 47.9072656 ], [ 21.1210298, 47.9087931 ], [ 21.1246332, 47.9149274 ], [ 21.1225539, 47.9186708 ], [ 21.1078007, 47.9181709 ], [ 21.1029142, 47.923588 ], [ 21.1027653, 47.9197849 ], [ 21.0970041, 47.9172214 ], [ 21.0942497, 47.9191728 ], [ 21.0908202, 47.9184707 ], [ 21.0915395, 47.9222638 ], [ 21.0945168, 47.9260233 ], [ 21.1117691, 47.9325734 ], [ 21.1220012, 47.9620932 ], [ 21.1091157, 47.971844 ], [ 21.1067849, 47.9705769 ], [ 21.1019386, 47.9711047 ], [ 21.1061067, 47.9760859 ], [ 21.1046184, 47.9814426 ], [ 21.0859934, 47.9968876 ], [ 21.0832989, 48.0019984 ], [ 21.0787586, 48.0020777 ], [ 21.078803, 48.0032235 ], [ 21.0824593, 48.0096304 ], [ 21.0918616, 48.0104404 ], [ 21.0913103, 48.0182331 ], [ 21.0954285, 48.0219725 ], [ 21.1108187, 48.0236036 ], [ 21.1109536, 48.0270287 ], [ 21.113968, 48.0315431 ], [ 21.1256537, 48.040093 ], [ 21.128483, 48.0396644 ], [ 21.1311161, 48.0418209 ], [ 21.1279009, 48.0457769 ], [ 21.1314101, 48.0482626 ], [ 21.1353796, 48.0443102 ], [ 21.1412209, 48.0455665 ], [ 21.1499643, 48.039809 ], [ 21.1520264, 48.0397788 ], [ 21.1582343, 48.0442858 ], [ 21.1695839, 48.041933 ], [ 21.1720254, 48.0397869 ], [ 21.167682, 48.033896 ], [ 21.1699703, 48.0267303 ], [ 21.1933667, 48.0297291 ], [ 21.2129747, 48.0232733 ], [ 21.2186429, 48.0231678 ], [ 21.229043, 48.0275415 ], [ 21.2302738, 48.0298056 ], [ 21.2219979, 48.035669 ], [ 21.2238709, 48.039824 ], [ 21.2355061, 48.0464612 ], [ 21.240273, 48.051702 ], [ 21.2511961, 48.0549236 ], [ 21.2588014, 48.0601099 ], [ 21.2604692, 48.0593221 ], [ 21.2585443, 48.054022 ], [ 21.259343, 48.0460111 ], [ 21.2658434, 48.0386541 ], [ 21.2855014, 48.0337036 ], [ 21.2947899, 48.0384773 ], [ 21.2958768, 48.0373158 ], [ 21.2928299, 48.0324221 ], [ 21.2932463, 48.0289864 ], [ 21.3166507, 48.0319604 ], [ 21.3233324, 48.0287866 ], [ 21.326465, 48.0226322 ], [ 21.3298381, 48.0218038 ], [ 21.3429812, 48.0238265 ], [ 21.3488331, 48.0279011 ], [ 21.3496229, 48.0328381 ], [ 21.3525075, 48.0339216 ], [ 21.362119, 48.0321874 ], [ 21.3688782, 48.0326933 ], [ 21.3782272, 48.0250293 ], [ 21.3811554, 48.0268798 ], [ 21.3752358, 48.034232 ], [ 21.384909, 48.0348007 ], [ 21.3989202, 48.0307127 ], [ 21.4080639, 48.0320464 ], [ 21.4156642, 48.0368448 ], [ 21.4080152, 48.0434776 ], [ 21.4089213, 48.0510711 ], [ 21.4124155, 48.0529094 ], [ 21.4163181, 48.0513053 ], [ 21.4200308, 48.0455146 ], [ 21.4244271, 48.0423815 ], [ 21.4324297, 48.0433585 ], [ 21.4372587, 48.0497309 ], [ 21.4359759, 48.0589002 ], [ 21.4375462, 48.0683891 ], [ 21.4403129, 48.0668074 ], [ 21.4507228, 48.0707835 ], [ 21.4621127, 48.0713105 ], [ 21.461064, 48.0732352 ], [ 21.4560072, 48.0744866 ], [ 21.4533627, 48.0787253 ], [ 21.4505692, 48.0799296 ], [ 21.436323, 48.0790757 ], [ 21.4309786, 48.086425 ], [ 21.431629, 48.0883146 ], [ 21.4468571, 48.085715 ], [ 21.4497293, 48.0864183 ], [ 21.4510233, 48.0898194 ], [ 21.4428456, 48.0964027 ], [ 21.4233728, 48.1067625 ], [ 21.4168864, 48.1141342 ], [ 21.4138019, 48.1216086 ], [ 21.4236242, 48.1274901 ], [ 21.4303498, 48.1343804 ], [ 21.4248184, 48.137216 ], [ 21.4260516, 48.1411967 ], [ 21.4291468, 48.1435109 ], [ 21.4254181, 48.1547091 ], [ 21.4262219, 48.1564572 ], [ 21.4239527, 48.1589004 ], [ 21.428053, 48.1592741 ], [ 21.4320434, 48.1638397 ], [ 21.4371968, 48.1646887 ], [ 21.4409462, 48.171232 ], [ 21.4395851, 48.1718961 ], [ 21.4412072, 48.1751959 ], [ 21.4436806, 48.1775667 ], [ 21.4523298, 48.1800541 ], [ 21.4601865, 48.1776049 ], [ 21.4627999, 48.1725984 ], [ 21.4615475, 48.169959 ], [ 21.4710704, 48.1667184 ], [ 21.4739649, 48.1677988 ], [ 21.4738244, 48.1769443 ], [ 21.4791209, 48.1806399 ], [ 21.4882575, 48.1812118 ], [ 21.5012147, 48.178275 ], [ 21.501547, 48.1733154 ], [ 21.5054917, 48.17247 ], [ 21.5072937, 48.174335 ], [ 21.5051775, 48.1778073 ], [ 21.5251901, 48.1796717 ], [ 21.5157224, 48.1840623 ], [ 21.5336772, 48.1905371 ], [ 21.5343418, 48.1924258 ], [ 21.5326052, 48.1948857 ], [ 21.5352781, 48.1975173 ], [ 21.5470985, 48.1971062 ], [ 21.5498322, 48.1947604 ], [ 21.549404, 48.1978192 ], [ 21.5534044, 48.1981116 ], [ 21.5552456, 48.2007375 ], [ 21.5700182, 48.2000414 ], [ 21.5714148, 48.2053419 ], [ 21.5760823, 48.2075221 ], [ 21.5744241, 48.2087047 ], [ 21.5778973, 48.2097701 ], [ 21.5841223, 48.2088727 ], [ 21.5912363, 48.2030092 ], [ 21.6023584, 48.1974295 ], [ 21.6277954, 48.1934426 ], [ 21.6443539, 48.1942758 ], [ 21.6800945, 48.1915195 ], [ 21.689944, 48.1947251 ], [ 21.7109336, 48.1931016 ], [ 21.7110306, 48.1950025 ], [ 21.7146224, 48.1983486 ], [ 21.7178166, 48.1940913 ], [ 21.7211749, 48.1928677 ], [ 21.7186636, 48.1883565 ], [ 21.7214087, 48.1863906 ], [ 21.7272002, 48.188161 ], [ 21.7314357, 48.1930167 ], [ 21.7279798, 48.1923336 ], [ 21.7235308, 48.1943387 ], [ 21.7222074, 48.2019875 ], [ 21.7240182, 48.2038491 ], [ 21.7296072, 48.2018179 ], [ 21.7333547, 48.1971631 ], [ 21.7409891, 48.201556 ], [ 21.7542326, 48.2042937 ], [ 21.7546794, 48.2020021 ], [ 21.7522725, 48.1993923 ], [ 21.7535822, 48.1917434 ], [ 21.75584, 48.1913067 ], [ 21.7628421, 48.1945722 ], [ 21.7713599, 48.1939958 ], [ 21.7720042, 48.1955057 ], [ 21.7670418, 48.1986651 ], [ 21.7729064, 48.2019565 ], [ 21.7714604, 48.2069433 ], [ 21.7798006, 48.2029361 ], [ 21.7837829, 48.2028429 ], [ 21.7864405, 48.2100212 ], [ 21.7973097, 48.2109066 ], [ 21.7997489, 48.2138991 ], [ 21.7972964, 48.2215693 ], [ 21.8152276, 48.2264835 ], [ 21.8109803, 48.2322934 ], [ 21.8118276, 48.2376045 ], [ 21.8148142, 48.2402057 ], [ 21.8176189, 48.2393768 ], [ 21.8223392, 48.2316462 ], [ 21.8246997, 48.2331151 ], [ 21.8255171, 48.2376644 ], [ 21.822865, 48.2415336 ], [ 21.8298671, 48.2444172 ], [ 21.8329529, 48.23825 ], [ 21.8396089, 48.2346631 ], [ 21.8331011, 48.2302496 ], [ 21.8424079, 48.2231712 ], [ 21.8436492, 48.2250446 ], [ 21.8398893, 48.2293251 ], [ 21.8507431, 48.2298279 ], [ 21.8501547, 48.2401202 ], [ 21.8642665, 48.2374998 ], [ 21.874557, 48.2380139 ], [ 21.8973005, 48.2473621 ], [ 21.9001552, 48.2472924 ], [ 21.9117356, 48.2401529 ], [ 21.9202499, 48.2395659 ], [ 21.9232509, 48.2421579 ], [ 21.9247052, 48.2478317 ], [ 21.9271233, 48.2504441 ], [ 21.9318517, 48.2533714 ], [ 21.9428169, 48.2557662 ], [ 21.9400555, 48.2573596 ], [ 21.938645, 48.2627259 ], [ 21.9453088, 48.2595171 ], [ 21.9518508, 48.264302 ], [ 21.9622751, 48.2670928 ], [ 21.9649083, 48.2734993 ], [ 21.9743011, 48.278218 ], [ 21.9779368, 48.2819334 ], [ 21.9818301, 48.2902174 ], [ 21.9883487, 48.2946228 ], [ 22.0022474, 48.2980854 ], [ 22.0029642, 48.300733 ], [ 22.0105498, 48.3035852 ], [ 22.0102651, 48.3085457 ], [ 22.0144285, 48.3114904 ], [ 22.026464, 48.3123255 ], [ 22.023573, 48.301736 ], [ 22.0444888, 48.308059 ], [ 22.0472714, 48.3068408 ], [ 22.054746, 48.2978891 ], [ 22.0621141, 48.296937 ], [ 22.0656035, 48.297994 ], [ 22.0686937, 48.3020991 ], [ 22.064636, 48.3109699 ], [ 22.0653214, 48.3128555 ], [ 22.0804942, 48.3086507 ], [ 22.0863245, 48.3107871 ], [ 22.0844292, 48.3272156 ], [ 22.0886647, 48.3312966 ], [ 22.0955506, 48.3318801 ], [ 22.0988866, 48.3302682 ], [ 22.0951054, 48.3242725 ], [ 22.1025211, 48.3240792 ], [ 22.1043629, 48.3263188 ], [ 22.1023565, 48.3309403 ], [ 22.0950955, 48.3337952 ], [ 22.1069065, 48.3403441 ], [ 22.1115098, 48.3409863 ], [ 22.1104571, 48.3425328 ], [ 22.1030258, 48.3423486 ], [ 22.1047269, 48.3462063 ], [ 22.1126225, 48.3500954 ], [ 22.1246012, 48.3497814 ], [ 22.1248036, 48.3532045 ], [ 22.119362, 48.3579225 ], [ 22.1081138, 48.3608826 ], [ 22.1087921, 48.3627681 ], [ 22.1178996, 48.3621455 ], [ 22.125096, 48.3581503 ], [ 22.1274257, 48.3588516 ], [ 22.1288962, 48.3645227 ], [ 22.1215068, 48.3651011 ], [ 22.117692, 48.3682451 ], [ 22.1210833, 48.3783056 ], [ 22.111556, 48.381293 ], [ 22.101549, 48.376222 ], [ 22.093243, 48.378552 ], [ 22.086743, 48.371564 ], [ 22.082615, 48.378709 ], [ 22.084429, 48.380788 ], [ 22.076486, 48.387241 ], [ 22.072173, 48.385312 ], [ 22.072814, 48.382012 ], [ 22.061564, 48.382775 ], [ 22.057615, 48.38132 ], [ 22.058236, 48.377891 ], [ 22.054605, 48.377528 ], [ 22.045081, 48.384081 ], [ 22.036134, 48.386056 ], [ 22.028315, 48.392235 ], [ 22.021326, 48.392749 ], [ 22.021172, 48.390797 ], [ 22.023869, 48.389101 ], [ 22.019623, 48.388953 ], [ 22.017838, 48.386332 ], [ 22.008219, 48.38401 ], [ 22.006961, 48.381285 ], [ 22.000352, 48.38067 ], [ 21.994463, 48.377323 ], [ 21.991679, 48.379505 ], [ 21.989091, 48.379208 ], [ 21.98592, 48.375821 ], [ 21.983399, 48.379538 ], [ 21.975375, 48.377894 ], [ 21.971394, 48.38027 ], [ 21.961156, 48.379593 ], [ 21.961044, 48.377134 ], [ 21.956894, 48.379642 ], [ 21.949198, 48.378728 ], [ 21.946292, 48.374917 ], [ 21.939243, 48.37457 ], [ 21.933903, 48.369976 ], [ 21.926806, 48.370899 ], [ 21.927358, 48.367861 ], [ 21.932306, 48.364556 ], [ 21.928186, 48.361597 ], [ 21.921342, 48.363817 ], [ 21.917542, 48.363399 ], [ 21.915739, 48.365762 ], [ 21.911785, 48.366776 ], [ 21.912061, 48.36941 ], [ 21.901545, 48.364876 ], [ 21.899796, 48.370223 ], [ 21.897388, 48.368771 ], [ 21.899955, 48.363782 ], [ 21.897883, 48.36256 ], [ 21.88753, 48.363627 ], [ 21.891423, 48.368795 ], [ 21.884843, 48.367539 ], [ 21.883107, 48.363243 ], [ 21.88825, 48.358757 ], [ 21.884298, 48.356047 ], [ 21.881775, 48.357134 ], [ 21.882694, 48.361185 ], [ 21.881419, 48.362586 ], [ 21.87453, 48.360531 ], [ 21.87535, 48.355847 ], [ 21.865112, 48.3602 ], [ 21.863617, 48.359218 ], [ 21.865516, 48.356059 ], [ 21.862968, 48.355208 ], [ 21.859982, 48.357417 ], [ 21.858495, 48.363856 ], [ 21.855087, 48.366068 ], [ 21.837213, 48.363253 ], [ 21.835114, 48.361062 ], [ 21.837657, 48.349864 ], [ 21.835053, 48.34613 ], [ 21.837443, 48.342638 ], [ 21.833213, 48.339205 ], [ 21.83533, 48.334853 ], [ 21.822332, 48.332582 ], [ 21.8169478, 48.3328987 ], [ 21.818486, 48.337092 ], [ 21.809232, 48.339183 ], [ 21.805804, 48.338239 ], [ 21.803073, 48.340979 ], [ 21.798397, 48.342488 ], [ 21.78302, 48.338943 ], [ 21.777233, 48.340299 ], [ 21.764221, 48.338993 ], [ 21.754712, 48.345629 ], [ 21.748983, 48.346407 ], [ 21.745009, 48.348733 ], [ 21.724435, 48.349682 ], [ 21.719303, 48.354696 ], [ 21.711871, 48.357617 ], [ 21.714755, 48.363955 ], [ 21.714266, 48.366307 ], [ 21.711145, 48.367306 ], [ 21.705367, 48.366054 ], [ 21.702407, 48.371154 ], [ 21.705868, 48.375917 ], [ 21.701741, 48.380695 ], [ 21.683598, 48.388427 ], [ 21.683296, 48.390814 ], [ 21.668569, 48.389217 ], [ 21.664561, 48.392164 ], [ 21.667402, 48.398674 ], [ 21.664574, 48.402164 ], [ 21.665842, 48.406773 ], [ 21.664078, 48.40867 ], [ 21.6658635, 48.4114637 ], [ 21.6634883, 48.4179421 ], [ 21.660372, 48.416919 ], [ 21.659563, 48.417996 ], [ 21.652802, 48.433031 ], [ 21.650405, 48.432651 ], [ 21.652082, 48.436049 ], [ 21.647137, 48.438084 ], [ 21.639623, 48.447569 ], [ 21.63692, 48.448784 ], [ 21.632781, 48.447678 ], [ 21.633824, 48.448482 ], [ 21.631296, 48.449209 ], [ 21.632469, 48.450162 ], [ 21.630438, 48.450722 ], [ 21.630565, 48.45407 ], [ 21.62835, 48.456548 ], [ 21.631492, 48.459202 ], [ 21.626043, 48.462488 ], [ 21.620188, 48.469826 ], [ 21.620575, 48.471556 ], [ 21.624432, 48.473018 ], [ 21.622992, 48.473132 ], [ 21.62122, 48.492135 ], [ 21.618317, 48.497992 ], [ 21.614614, 48.497802 ], [ 21.613933, 48.509416 ], [ 21.609612, 48.510612 ], [ 21.604478, 48.5074 ], [ 21.594606, 48.513244 ], [ 21.591108, 48.51301 ], [ 21.585988, 48.511375 ], [ 21.578029, 48.504369 ], [ 21.565639, 48.505268 ], [ 21.561174, 48.511529 ], [ 21.553437, 48.508581 ], [ 21.54202, 48.508395 ], [ 21.541227, 48.513381 ], [ 21.531922, 48.517407 ], [ 21.52523, 48.522631 ], [ 21.525786, 48.524594 ], [ 21.521189, 48.532088 ], [ 21.521431, 48.534525 ], [ 21.515461, 48.53965 ], [ 21.518374, 48.546913 ], [ 21.514091, 48.551065 ], [ 21.506485, 48.552723 ], [ 21.50795, 48.55534 ], [ 21.500617, 48.554935 ], [ 21.499243, 48.560366 ], [ 21.497234, 48.560538 ], [ 21.497098, 48.558671 ], [ 21.488411, 48.558376 ], [ 21.4814647, 48.5647028 ], [ 21.4756784, 48.5643421 ], [ 21.4711707, 48.5661728 ], [ 21.4653076, 48.5719758 ], [ 21.4607785, 48.5733084 ], [ 21.4581222, 48.576771 ], [ 21.454503, 48.574563 ], [ 21.450738, 48.574907 ], [ 21.446278, 48.580701 ], [ 21.440068, 48.585237 ], [ 21.428858, 48.583549 ], [ 21.426504, 48.57997 ], [ 21.422665, 48.578821 ], [ 21.421241, 48.57491 ], [ 21.421758, 48.563479 ], [ 21.41545, 48.558951 ], [ 21.407356, 48.559462 ], [ 21.40428, 48.563107 ], [ 21.400192, 48.563852 ], [ 21.382062, 48.56 ], [ 21.379621, 48.558194 ], [ 21.365291, 48.560426 ], [ 21.349454, 48.560574 ], [ 21.339249, 48.558993 ], [ 21.3276871, 48.559507 ], [ 21.323379, 48.5577 ], [ 21.325631, 48.562052 ], [ 21.319384, 48.561201 ], [ 21.315566, 48.557172 ], [ 21.316078, 48.555294 ], [ 21.325656, 48.556182 ], [ 21.326875, 48.554129 ], [ 21.323041, 48.551617 ], [ 21.317527, 48.5531228 ], [ 21.313377, 48.550841 ], [ 21.314112, 48.549143 ], [ 21.318679, 48.549699 ], [ 21.321444, 48.547671 ], [ 21.320379, 48.545219 ], [ 21.316332, 48.543715 ], [ 21.317739, 48.53926 ], [ 21.309829, 48.540179 ], [ 21.309849, 48.53746 ], [ 21.313194, 48.536697 ], [ 21.316035, 48.533156 ], [ 21.314229, 48.531011 ], [ 21.306498, 48.529449 ], [ 21.302762, 48.526893 ], [ 21.301686, 48.525342 ], [ 21.303091, 48.524733 ], [ 21.308617, 48.526253 ], [ 21.305488, 48.522249 ], [ 21.297428, 48.523098 ], [ 21.296663, 48.521658 ], [ 21.270564, 48.527423 ], [ 21.269192, 48.52533 ], [ 21.251813, 48.532008 ], [ 21.2390407, 48.5397227 ], [ 21.232925, 48.539064 ], [ 21.233312, 48.534157 ], [ 21.221061, 48.537497 ], [ 21.216554, 48.531525 ], [ 21.209267, 48.533512 ], [ 21.2091257, 48.5273722 ], [ 21.1990447, 48.5244552 ], [ 21.19259, 48.5265769 ], [ 21.1912297, 48.5226482 ], [ 21.1880147, 48.5248272 ], [ 21.1853587, 48.5205402 ], [ 21.1796327, 48.5182322 ], [ 21.173449, 48.521938 ], [ 21.160875, 48.521499 ], [ 21.159477, 48.517947 ], [ 21.152189, 48.516625 ], [ 21.14213, 48.508037 ], [ 21.135017, 48.499008 ], [ 21.133938, 48.495422 ], [ 21.128311, 48.492399 ], [ 21.117331, 48.49109 ], [ 21.101149, 48.494565 ], [ 21.094978, 48.499713 ], [ 21.094459, 48.501396 ], [ 21.097844, 48.504157 ], [ 21.098018, 48.510465 ], [ 21.090169, 48.517478 ], [ 21.074704, 48.520613 ], [ 21.068965, 48.522724 ], [ 21.066321, 48.525894 ], [ 21.053353, 48.52214 ], [ 21.053209, 48.526156 ], [ 21.033939, 48.527087 ], [ 21.0302833, 48.530779 ], [ 21.026511, 48.531465 ], [ 21.023265, 48.529458 ], [ 21.015114, 48.532313 ], [ 21.004084, 48.527347 ], [ 20.990586, 48.526378 ], [ 20.989135, 48.525154 ], [ 20.989327, 48.521741 ], [ 20.9815689, 48.5177119 ], [ 20.9760869, 48.5244429 ], [ 20.9653749, 48.5203729 ], [ 20.9561819, 48.5216109 ], [ 20.955882, 48.533963 ], [ 20.945638, 48.536399 ], [ 20.940982, 48.534535 ], [ 20.941726, 48.542892 ], [ 20.9346323, 48.5383552 ], [ 20.934682, 48.541186 ], [ 20.93073, 48.546572 ], [ 20.929149, 48.55353 ], [ 20.922323, 48.559453 ], [ 20.916282, 48.560172 ], [ 20.877106, 48.550778 ], [ 20.875195, 48.553684 ], [ 20.868155, 48.551818 ], [ 20.86246, 48.557548 ], [ 20.8611357, 48.5573018 ], [ 20.855241, 48.566815 ], [ 20.8450791, 48.5665165 ], [ 20.847122, 48.568151 ], [ 20.8504362, 48.5816331 ], [ 20.8377998, 48.5742099 ], [ 20.835387, 48.576499 ], [ 20.839589, 48.580243 ], [ 20.836359, 48.58284 ], [ 20.799421, 48.574579 ], [ 20.733904, 48.570085 ], [ 20.734749, 48.566693 ], [ 20.72783, 48.566334 ], [ 20.728106, 48.56448 ], [ 20.726234, 48.56961 ], [ 20.713132, 48.570391 ], [ 20.709758, 48.568273 ], [ 20.706584, 48.569128 ], [ 20.681886, 48.561377 ], [ 20.679502, 48.559516 ], [ 20.67171, 48.562527 ], [ 20.665601, 48.559942 ], [ 20.653874, 48.561413 ], [ 20.644056, 48.551977 ], [ 20.643361, 48.55199 ], [ 20.643734, 48.554044 ], [ 20.640468, 48.555438 ], [ 20.634142, 48.55096 ], [ 20.623465, 48.550759 ], [ 20.61613, 48.543583 ], [ 20.599872, 48.542551 ], [ 20.592549, 48.539333 ], [ 20.587187, 48.538848 ], [ 20.586595, 48.535759 ], [ 20.559362, 48.542811 ], [ 20.551123, 48.542349 ], [ 20.546494, 48.544292 ], [ 20.541496, 48.538659 ], [ 20.537471, 48.527878 ], [ 20.525215, 48.530385 ], [ 20.5191, 48.537519 ], [ 20.506507, 48.534415 ], [ 20.508336, 48.532348 ], [ 20.505467, 48.533089 ], [ 20.501967, 48.527262 ], [ 20.5045098, 48.5258634 ], [ 20.5022623, 48.5232979 ], [ 20.5051199, 48.5222684 ], [ 20.5024687, 48.5198341 ], [ 20.5090889, 48.5155474 ], [ 20.5104887, 48.5123288 ], [ 20.5072865, 48.5095193 ], [ 20.5046908, 48.4901292 ], [ 20.5079887, 48.4893987 ], [ 20.4950662, 48.4876677 ], [ 20.4915569, 48.4840377 ], [ 20.4886688, 48.4758574 ], [ 20.4730937, 48.4661499 ], [ 20.4641644, 48.4641844 ], [ 20.4694691, 48.4598534 ], [ 20.4698187, 48.4525456 ], [ 20.4517574, 48.4485646 ], [ 20.4455368, 48.4444874 ], [ 20.4430703, 48.4387003 ], [ 20.4357383, 48.432941 ], [ 20.4345151, 48.4301707 ], [ 20.429313, 48.4286394 ], [ 20.4270984, 48.4250216 ], [ 20.4167243, 48.4189879 ], [ 20.414613, 48.4102737 ], [ 20.417668, 48.408961 ], [ 20.4205802, 48.4041449 ], [ 20.4166878, 48.4005563 ], [ 20.4166823, 48.3945431 ], [ 20.4126464, 48.3878099 ], [ 20.4025293, 48.3825668 ], [ 20.4068507, 48.3793716 ], [ 20.4114796, 48.3710905 ], [ 20.4118427, 48.3697682 ], [ 20.4092381, 48.3682355 ], [ 20.4098119, 48.3658749 ], [ 20.4075025, 48.3646397 ], [ 20.4074785, 48.3628213 ], [ 20.3989886, 48.3589426 ], [ 20.4004254, 48.3582821 ], [ 20.398992, 48.356491 ], [ 20.394898, 48.356232 ], [ 20.3841231, 48.3511552 ], [ 20.3865239, 48.34775 ], [ 20.371848, 48.333703 ], [ 20.367629, 48.332187 ], [ 20.36856, 48.329814 ], [ 20.374279, 48.326989 ], [ 20.365658, 48.316606 ], [ 20.356404, 48.312794 ], [ 20.357908, 48.309766 ], [ 20.337465, 48.301667 ], [ 20.339044, 48.301223 ], [ 20.335269, 48.299022 ], [ 20.336208, 48.296401 ], [ 20.33347, 48.296568 ], [ 20.332122, 48.293044 ], [ 20.335841, 48.290537 ], [ 20.334028, 48.289331 ], [ 20.335755, 48.287672 ], [ 20.3281, 48.288447 ], [ 20.325711, 48.272794 ], [ 20.307711, 48.273067 ], [ 20.305762, 48.269889 ], [ 20.309456, 48.268514 ], [ 20.310963, 48.265591 ], [ 20.286858, 48.26164 ], [ 20.283315, 48.262723 ], [ 20.280329, 48.266402 ], [ 20.269623, 48.268013 ], [ 20.268971, 48.270331 ], [ 20.263049, 48.271747 ], [ 20.261124, 48.274732 ], [ 20.255742, 48.274963 ], [ 20.249724, 48.279106 ], [ 20.245826, 48.277916 ], [ 20.241318, 48.280493 ], [ 20.234947, 48.279933 ], [ 20.230986, 48.277285 ], [ 20.22798, 48.277232 ], [ 20.22906, 48.275052 ], [ 20.235381, 48.2713 ], [ 20.228655, 48.265841 ], [ 20.228466, 48.262779 ], [ 20.220937, 48.262892 ], [ 20.214605, 48.2589 ], [ 20.20383, 48.261906 ], [ 20.203129, 48.259079 ], [ 20.207713, 48.252933 ], [ 20.206162, 48.250979 ], [ 20.184933, 48.247978 ], [ 20.181371, 48.249393 ], [ 20.174306, 48.249135 ], [ 20.168429, 48.251604 ], [ 20.153819, 48.25026 ], [ 20.144049, 48.255379 ], [ 20.133188, 48.253982 ], [ 20.134113, 48.251726 ], [ 20.132149, 48.247338 ], [ 20.139631, 48.242869 ], [ 20.139184, 48.239993 ], [ 20.133746, 48.233578 ], [ 20.134091, 48.225182 ], [ 20.127525, 48.220677 ], [ 20.1226, 48.220708 ], [ 20.120115, 48.217241 ], [ 20.112544, 48.216074 ], [ 20.109613, 48.212366 ], [ 20.102, 48.209453 ], [ 20.099542, 48.206738 ], [ 20.100362, 48.204584 ], [ 20.095473, 48.203998 ], [ 20.09076, 48.19701 ], [ 20.085173, 48.195484 ], [ 20.078257, 48.196427 ], [ 20.070037, 48.191702 ], [ 20.067814, 48.188054 ], [ 20.069967, 48.186617 ], [ 20.07399, 48.187177 ], [ 20.078844, 48.183739 ], [ 20.071474, 48.179116 ], [ 20.061339, 48.178365 ], [ 20.058944, 48.175151 ], [ 20.056372, 48.174633 ], [ 20.0519069, 48.1677197 ] ] ] ] } },
{ "type": "Feature", "properties": { "county_name": "CSO", "osm_relation_id": "22265" }, "geometry": { "type": "MultiPolygon", "coordinates": [ [ [ [ 20.0611969, 46.8063963 ], [ 20.024679, 46.7808194 ], [ 19.9997956, 46.7528469 ], [ 19.9812593, 46.7385339 ], [ 19.9694289, 46.7268228 ], [ 20.0055639, 46.7036768 ], [ 20.0115029, 46.6952464 ], [ 20.0079005, 46.6796634 ], [ 19.9931999, 46.661508 ], [ 19.9853396, 46.6547179 ], [ 19.9806078, 46.6372344 ], [ 19.9910292, 46.6322019 ], [ 19.9941789, 46.6230331 ], [ 19.99229, 46.6097225 ], [ 19.989416, 46.6032691 ], [ 19.9947356, 46.5918013 ], [ 19.9611813, 46.5673209 ], [ 19.9437478, 46.5484191 ], [ 19.9306519, 46.5572802 ], [ 19.8923422, 46.5785226 ], [ 19.8396098, 46.5602409 ], [ 19.8157271, 46.5501228 ], [ 19.7801594, 46.5320803 ], [ 19.809587, 46.50599 ], [ 19.837745, 46.508462 ], [ 19.8482679, 46.5110532 ], [ 19.873377, 46.4941189 ], [ 19.8859671, 46.4883114 ], [ 19.8952142, 46.4806249 ], [ 19.9010797, 46.4680169 ], [ 19.8998503, 46.4600305 ], [ 19.8825347, 46.4445403 ], [ 19.898195, 46.4250044 ], [ 19.8986666, 46.4196704 ], [ 19.8946403, 46.4086555 ], [ 19.8851602, 46.4011086 ], [ 19.8810793, 46.386288 ], [ 19.8666336, 46.3768733 ], [ 19.8572201, 46.3731356 ], [ 19.8194911, 46.3890132 ], [ 19.7939771, 46.374328 ], [ 19.7436052, 46.3502792 ], [ 19.7223099, 46.362216 ], [ 19.6969767, 46.3593153 ], [ 19.6561354, 46.3469798 ], [ 19.6625574, 46.3317102 ], [ 19.6799901, 46.318288 ], [ 19.6891921, 46.3060507 ], [ 19.6531618, 46.2780679 ], [ 19.6381849, 46.2644376 ], [ 19.6832091, 46.2177323 ], [ 19.695514, 46.191767 ], [ 19.6993099, 46.1883238 ], [ 19.6980954, 46.18793 ], [ 19.7176724, 46.1759806 ], [ 19.7179406, 46.1715819 ], [ 19.7270598, 46.1681038 ], [ 19.7340335, 46.1698249 ], [ 19.741041, 46.1656458 ], [ 19.7484024, 46.1564859 ], [ 19.7584888, 46.1478743 ], [ 19.7717827, 46.144152 ], [ 19.7806854, 46.1445304 ], [ 19.7915018, 46.1393009 ], [ 19.7973065, 46.1394639 ], [ 19.8017284, 46.1349509 ], [ 19.8125725, 46.1312818 ], [ 19.8178337, 46.1277866 ], [ 19.8442445, 46.1414042 ], [ 19.8531941, 46.1497905 ], [ 19.8733725, 46.1513556 ], [ 19.8978213, 46.1598806 ], [ 19.9148804, 46.1639849 ], [ 19.9218436, 46.1669527 ], [ 19.9351389, 46.1761932 ], [ 20.0157938, 46.176777 ], [ 20.0229765, 46.1732993 ], [ 20.0299698, 46.1512781 ], [ 20.0344381, 46.1457582 ], [ 20.0432502, 46.1446088 ], [ 20.0580824, 46.1479143 ], [ 20.0616815, 46.1468695 ], [ 20.0637374, 46.1436661 ], [ 20.0745137, 46.1567606 ], [ 20.0958112, 46.1772401 ], [ 20.1021854, 46.1767667 ], [ 20.1060136, 46.1747185 ], [ 20.1064904, 46.1733208 ], [ 20.1037786, 46.1716827 ], [ 20.104688, 46.1651821 ], [ 20.1068581, 46.1626527 ], [ 20.1263064, 46.1519517 ], [ 20.1323618, 46.1501691 ], [ 20.1370296, 46.1472912 ], [ 20.1372866, 46.1442264 ], [ 20.1466913, 46.1448277 ], [ 20.1692193, 46.1527687 ], [ 20.1795112, 46.1574763 ], [ 20.1818248, 46.1600487 ], [ 20.2080373, 46.1439414 ], [ 20.2103272, 46.1354665 ], [ 20.2298221, 46.1290693 ], [ 20.233185, 46.1238099 ], [ 20.2482128, 46.1298279 ], [ 20.251565, 46.1264588 ], [ 20.2495843, 46.1234952 ], [ 20.2495541, 46.1198675 ], [ 20.2549185, 46.1157964 ], [ 20.2628085, 46.1257887 ], [ 20.2702189, 46.1272053 ], [ 20.2717105, 46.1328075 ], [ 20.2754808, 46.1335825 ], [ 20.283133, 46.141836 ], [ 20.2968418, 46.1522369 ], [ 20.299132, 46.1519204 ], [ 20.3091947, 46.1564748 ], [ 20.3126284, 46.1501723 ], [ 20.3556082, 46.1696739 ], [ 20.3684481, 46.152932 ], [ 20.3775748, 46.1577745 ], [ 20.3811406, 46.1579184 ], [ 20.3942908, 46.1525596 ], [ 20.397457, 46.1574227 ], [ 20.4099041, 46.1509668 ], [ 20.4263052, 46.1452405 ], [ 20.4454262, 46.1418237 ], [ 20.45911, 46.1428791 ], [ 20.4951662, 46.17091 ], [ 20.4931871, 46.1737562 ], [ 20.4963088, 46.178015 ], [ 20.4918491, 46.1807961 ], [ 20.4980002, 46.1843414 ], [ 20.4954305, 46.1859214 ], [ 20.4966301, 46.188716 ], [ 20.5000816, 46.188361 ], [ 20.5015001, 46.1899329 ], [ 20.5235322, 46.1813568 ], [ 20.5358326, 46.1806279 ], [ 20.5494703, 46.1771929 ], [ 20.5539078, 46.1720191 ], [ 20.562105, 46.1696834 ], [ 20.5786157, 46.158573 ], [ 20.5937111, 46.15236 ], [ 20.5972731, 46.1492309 ], [ 20.6097231, 46.1461338 ], [ 20.6269836, 46.1314261 ], [ 20.6360414, 46.1264584 ], [ 20.6405619, 46.1272087 ], [ 20.6492213, 46.1346695 ], [ 20.649438, 46.1441435 ], [ 20.6537645, 46.1487742 ], [ 20.6636582, 46.1509939 ], [ 20.6714804, 46.149786 ], [ 20.6778232, 46.1456082 ], [ 20.6870367, 46.1455707 ], [ 20.6927278, 46.1515854 ], [ 20.694897, 46.1586539 ], [ 20.7053121, 46.161356 ], [ 20.7089216, 46.1648226 ], [ 20.7149982, 46.1668539 ], [ 20.7223927, 46.1874568 ], [ 20.7248722, 46.1872241 ], [ 20.7313423, 46.1905202 ], [ 20.7340876, 46.1937985 ], [ 20.7257261, 46.1964348 ], [ 20.7285771, 46.205001 ], [ 20.7273743, 46.2073774 ], [ 20.7618404, 46.2044731 ], [ 20.749047, 46.250849 ], [ 20.775654, 46.27596 ], [ 20.7636941, 46.2799556 ], [ 20.7486468, 46.2904622 ], [ 20.7628918, 46.3412853 ], [ 20.7541438, 46.3604685 ], [ 20.7488765, 46.3677826 ], [ 20.7429691, 46.3724404 ], [ 20.7389433, 46.3843105 ], [ 20.6937087, 46.3807886 ], [ 20.6823538, 46.3512471 ], [ 20.623607, 46.3547488 ], [ 20.6218607, 46.351345 ], [ 20.5881024, 46.363236 ], [ 20.5857925, 46.3594613 ], [ 20.5716718, 46.3657466 ], [ 20.5789759, 46.371357 ], [ 20.5487323, 46.3915691 ], [ 20.5539071, 46.3994969 ], [ 20.560132, 46.4055073 ], [ 20.5712389, 46.4091704 ], [ 20.5827816, 46.4082516 ], [ 20.5823899, 46.4528219 ], [ 20.6050274, 46.4544153 ], [ 20.6039905, 46.4567109 ], [ 20.606218, 46.4574427 ], [ 20.6021449, 46.4689299 ], [ 20.5988139, 46.4682132 ], [ 20.5946619, 46.4770294 ], [ 20.6008035, 46.4799889 ], [ 20.5988249, 46.4876348 ], [ 20.6017324, 46.4929261 ], [ 20.6019958, 46.5020661 ], [ 20.6042581, 46.5039382 ], [ 20.6061622, 46.5126713 ], [ 20.6094982, 46.5137721 ], [ 20.6135321, 46.5194257 ], [ 20.613709, 46.525517 ], [ 20.6154161, 46.5273965 ], [ 20.614915, 46.5293128 ], [ 20.613252, 46.5289515 ], [ 20.6107057, 46.5362272 ], [ 20.6151584, 46.5376844 ], [ 20.6047569, 46.5404936 ], [ 20.579484, 46.5640726 ], [ 20.574417, 46.6189902 ], [ 20.5764483, 46.6319127 ], [ 20.5692937, 46.6331496 ], [ 20.5751652, 46.6646858 ], [ 20.5762829, 46.6650489 ], [ 20.5750179, 46.6791563 ], [ 20.5927501, 46.6800631 ], [ 20.5895244, 46.6831508 ], [ 20.5843683, 46.6965549 ], [ 20.5843087, 46.7136899 ], [ 20.5817062, 46.7194406 ], [ 20.5848317, 46.73197 ], [ 20.5955995, 46.7596265 ], [ 20.5628079, 46.7760618 ], [ 20.5377948, 46.7733487 ], [ 20.5034234, 46.7734097 ], [ 20.4927175, 46.7872582 ], [ 20.4534467, 46.8121242 ], [ 20.4427855, 46.8073088 ], [ 20.4243859, 46.8037207 ], [ 20.4248282, 46.7991469 ], [ 20.4169224, 46.7935271 ], [ 20.4068956, 46.7917443 ], [ 20.4040302, 46.7883506 ], [ 20.3801667, 46.7871079 ], [ 20.3623564, 46.7842716 ], [ 20.3523886, 46.7847645 ], [ 20.3461615, 46.779505 ], [ 20.3453076, 46.7673281 ], [ 20.3413565, 46.7643296 ], [ 20.3324376, 46.7621434 ], [ 20.290451, 46.767563 ], [ 20.2845302, 46.7752395 ], [ 20.275262, 46.7818175 ], [ 20.2649593, 46.7922117 ], [ 20.2429272, 46.7985385 ], [ 20.2307275, 46.7986661 ], [ 20.226814, 46.7971819 ], [ 20.2233926, 46.7930271 ], [ 20.2183782, 46.7919383 ], [ 20.2183034, 46.7885113 ], [ 20.2232423, 46.7861731 ], [ 20.2226254, 46.783136 ], [ 20.2198144, 46.7812621 ], [ 20.2131242, 46.779806 ], [ 20.2085584, 46.7825438 ], [ 20.1999182, 46.7841308 ], [ 20.1936898, 46.7781007 ], [ 20.1925478, 46.7765873 ], [ 20.1936329, 46.7754359 ], [ 20.1891232, 46.7716692 ], [ 20.1816757, 46.7603199 ], [ 20.1754601, 46.7546668 ], [ 20.1342681, 46.7725911 ], [ 20.1156694, 46.7849534 ], [ 20.1090282, 46.7853937 ], [ 20.1045596, 46.7839106 ], [ 20.1022072, 46.7766989 ], [ 20.1032328, 46.7728836 ], [ 20.1065158, 46.7705658 ], [ 20.1070298, 46.7682738 ], [ 20.1019678, 46.7645151 ], [ 20.0908403, 46.7623306 ], [ 20.089283, 46.7680597 ], [ 20.0916052, 46.773369 ], [ 20.0867134, 46.7783664 ], [ 20.0835483, 46.7863912 ], [ 20.0802633, 46.7887082 ], [ 20.0664416, 46.7907358 ], [ 20.0616466, 46.8010617 ], [ 20.0611969, 46.8063963 ] ] ] ] } },
{ "type": "Feature", "properties": { "county_name": "FEJ", "osm_relation_id": "22255" }, "geometry": { "type": "MultiPolygon", "coordinates": [ [ [ [ 18.0360092, 47.3346186 ], [ 18.0400872, 47.3262811 ], [ 18.048597, 47.3206409 ], [ 18.0648402, 47.3200185 ], [ 18.0659821, 47.3188879 ], [ 18.0643759, 47.3150625 ], [ 18.0527219, 47.3096322 ], [ 18.0472049, 47.3050165 ], [ 18.0479199, 47.2970275 ], [ 18.0507803, 47.2936249 ], [ 18.0505322, 47.2839751 ], [ 18.0538041, 47.2812951 ], [ 18.0529553, 47.2800587 ], [ 18.0542474, 47.2782825 ], [ 18.0656925, 47.2803053 ], [ 18.0678302, 47.278945 ], [ 18.0749696, 47.2796973 ], [ 18.0783255, 47.2772609 ], [ 18.0806282, 47.2724379 ], [ 18.089909, 47.2650135 ], [ 18.0934112, 47.2570474 ], [ 18.1058512, 47.2495329 ], [ 18.1158803, 47.2511394 ], [ 18.130847, 47.2588769 ], [ 18.1351813, 47.2583704 ], [ 18.1375252, 47.2612108 ], [ 18.1450832, 47.2643526 ], [ 18.1572, 47.2642264 ], [ 18.1710958, 47.2532013 ], [ 18.1690654, 47.2495578 ], [ 18.1732011, 47.2391689 ], [ 18.178253, 47.2373037 ], [ 18.1963231, 47.2227508 ], [ 18.2165746, 47.2246177 ], [ 18.2249485, 47.213893 ], [ 18.2256207, 47.2062807 ], [ 18.2217461, 47.2039659 ], [ 18.2235015, 47.1986483 ], [ 18.2209761, 47.1814931 ], [ 18.2277974, 47.1735469 ], [ 18.2177498, 47.1738589 ], [ 18.2217753, 47.1662708 ], [ 18.2123161, 47.1639152 ], [ 18.2154143, 47.1441355 ], [ 18.2235367, 47.1240138 ], [ 18.2242346, 47.1152612 ], [ 18.222635, 47.1106756 ], [ 18.2238187, 47.1057382 ], [ 18.2261158, 47.1015649 ], [ 18.2328623, 47.0978013 ], [ 18.2346048, 47.0936301 ], [ 18.2146286, 47.0873878 ], [ 18.2069338, 47.0804828 ], [ 18.2036045, 47.0793117 ], [ 18.212932, 47.0531068 ], [ 18.2130033, 47.0485394 ], [ 18.2281948, 47.033395 ], [ 18.2303716, 47.033294 ], [ 18.2344681, 47.0292694 ], [ 18.2390619, 47.0197819 ], [ 18.2584742, 47.0252477 ], [ 18.2612843, 47.0233643 ], [ 18.2618819, 47.020319 ], [ 18.2474791, 47.0156512 ], [ 18.2352523, 47.0140403 ], [ 18.2352985, 47.0109974 ], [ 18.2281854, 47.0033293 ], [ 18.2159621, 47.0017164 ], [ 18.2126552, 46.9994114 ], [ 18.2105909, 46.9894918 ], [ 18.2063291, 46.9826574 ], [ 18.2052486, 46.9716309 ], [ 18.1742278, 46.9462089 ], [ 18.1937645, 46.9280559 ], [ 18.1910148, 46.9257544 ], [ 18.2030164, 46.9052785 ], [ 18.2103567, 46.897337 ], [ 18.2081657, 46.8957962 ], [ 18.2132863, 46.8874539 ], [ 18.1892871, 46.8732947 ], [ 18.2062088, 46.8673624 ], [ 18.1975501, 46.8644914 ], [ 18.1982218, 46.8568788 ], [ 18.2039213, 46.8477789 ], [ 18.2051607, 46.8390301 ], [ 18.2046876, 46.8340742 ], [ 18.2008947, 46.8283376 ], [ 18.1987941, 46.8207045 ], [ 18.1983638, 46.8130837 ], [ 18.2046689, 46.8001825 ], [ 18.2036845, 46.7921796 ], [ 18.210779, 46.778241 ], [ 18.2215614, 46.7808909 ], [ 18.229378, 46.7797937 ], [ 18.2315776, 46.7813405 ], [ 18.2321403, 46.7802012 ], [ 18.2520187, 46.7845373 ], [ 18.2525032, 46.7890947 ], [ 18.2563895, 46.7883748 ], [ 18.2608127, 46.7907008 ], [ 18.2646441, 46.7937716 ], [ 18.2635148, 46.7956481 ], [ 18.2651359, 46.7979474 ], [ 18.2827546, 46.8083648 ], [ 18.3035231, 46.8174234 ], [ 18.310291, 46.8132471 ], [ 18.3093431, 46.7982686 ], [ 18.3200552, 46.7905665 ], [ 18.3468225, 46.7843923 ], [ 18.3652352, 46.7745996 ], [ 18.371304, 46.7769229 ], [ 18.3673915, 46.7795648 ], [ 18.370701, 46.7811092 ], [ 18.3695818, 46.7818649 ], [ 18.3723274, 46.783784 ], [ 18.3733989, 46.7868336 ], [ 18.3822158, 46.7910753 ], [ 18.38673, 46.7850089 ], [ 18.3856578, 46.7819595 ], [ 18.3878634, 46.7823503 ], [ 18.3889356, 46.785406 ], [ 18.3955938, 46.7854443 ], [ 18.3973092, 46.7808799 ], [ 18.3956954, 46.7770651 ], [ 18.3968879, 46.7702169 ], [ 18.4035397, 46.7698767 ], [ 18.4081243, 46.8037933 ], [ 18.4170446, 46.7977589 ], [ 18.4209625, 46.7917022 ], [ 18.4221477, 46.7893906 ], [ 18.4199772, 46.7871209 ], [ 18.4183913, 46.7798656 ], [ 18.4268337, 46.7680978 ], [ 18.4235615, 46.7638899 ], [ 18.42306, 46.759699 ], [ 18.4192576, 46.7524663 ], [ 18.4342057, 46.7487223 ], [ 18.4476113, 46.743077 ], [ 18.4692702, 46.7386196 ], [ 18.4648064, 46.741262 ], [ 18.4692211, 46.7431873 ], [ 18.4702964, 46.7454798 ], [ 18.4786211, 46.7483734 ], [ 18.483558, 46.7489738 ], [ 18.4901284, 46.7445772 ], [ 18.500597, 46.7479748 ], [ 18.5017624, 46.7463713 ], [ 18.5030796, 46.7472435 ], [ 18.5033303, 46.7450104 ], [ 18.5051946, 46.7456514 ], [ 18.5051754, 46.7475541 ], [ 18.5079738, 46.7445242 ], [ 18.5129861, 46.7457023 ], [ 18.5106605, 46.7533167 ], [ 18.5050508, 46.7601361 ], [ 18.5039157, 46.7639342 ], [ 18.5221511, 46.7693414 ], [ 18.5409289, 46.7797186 ], [ 18.5568954, 46.7838124 ], [ 18.5659303, 46.7686372 ], [ 18.5687262, 46.766722 ], [ 18.5726902, 46.7583787 ], [ 18.5854546, 46.7557635 ], [ 18.6015684, 46.7455364 ], [ 18.608218, 46.7451769 ], [ 18.6115355, 46.747098 ], [ 18.6137522, 46.7459693 ], [ 18.6159804, 46.7468743 ], [ 18.6154632, 46.7453808 ], [ 18.6176353, 46.7449825 ], [ 18.6187788, 46.7415645 ], [ 18.6143728, 46.7415504 ], [ 18.6149091, 46.7392734 ], [ 18.6199138, 46.7392747 ], [ 18.6154922, 46.737347 ], [ 18.6177503, 46.733553 ], [ 18.6172179, 46.7316586 ], [ 18.6233176, 46.7286375 ], [ 18.6244501, 46.7255923 ], [ 18.6305421, 46.7244744 ], [ 18.6272376, 46.7229375 ], [ 18.6222512, 46.7232971 ], [ 18.6200555, 46.7206237 ], [ 18.6206203, 46.7187231 ], [ 18.6228369, 46.7187314 ], [ 18.622879, 46.7134013 ], [ 18.6273238, 46.7118931 ], [ 18.6273565, 46.7077035 ], [ 18.6317741, 46.708482 ], [ 18.6306866, 46.7058129 ], [ 18.6251641, 46.7046522 ], [ 18.6279476, 46.7023754 ], [ 18.6318211, 46.7023896 ], [ 18.6302078, 46.6966754 ], [ 18.6279891, 46.6970453 ], [ 18.6296701, 46.6940083 ], [ 18.6285861, 46.6920954 ], [ 18.6341102, 46.6928779 ], [ 18.633017, 46.6909712 ], [ 18.636349, 46.6898429 ], [ 18.6346946, 46.6883122 ], [ 18.6369358, 46.6875522 ], [ 18.6462911, 46.6902843 ], [ 18.6540598, 46.6902659 ], [ 18.6634759, 46.6937303 ], [ 18.6738897, 46.6941553 ], [ 18.6816551, 46.6969884 ], [ 18.6987612, 46.7083356 ], [ 18.7070266, 46.7164001 ], [ 18.7164078, 46.7206011 ], [ 18.7208312, 46.7194715 ], [ 18.7274491, 46.7213507 ], [ 18.7252338, 46.723639 ], [ 18.7312906, 46.7259261 ], [ 18.7212502, 46.7445459 ], [ 18.7184565, 46.7456871 ], [ 18.712842, 46.7552244 ], [ 18.7315949, 46.7613578 ], [ 18.7400355, 46.7610262 ], [ 18.7432371, 46.7621724 ], [ 18.7455198, 46.7674742 ], [ 18.7493397, 46.7682666 ], [ 18.7587764, 46.7663791 ], [ 18.7892445, 46.7710189 ], [ 18.7972832, 46.7697344 ], [ 18.7918584, 46.7844782 ], [ 18.7928255, 46.7857131 ], [ 18.8354184, 46.804696 ], [ 18.8618477, 46.8220369 ], [ 18.8651827, 46.8251773 ], [ 18.8668166, 46.8323763 ], [ 18.8719223, 46.8333917 ], [ 18.8691847, 46.8358084 ], [ 18.8728993, 46.8353509 ], [ 18.875439, 46.838003 ], [ 18.8662655, 46.8436059 ], [ 18.8605953, 46.8496769 ], [ 18.8820293, 46.855518 ], [ 18.9024307, 46.8562515 ], [ 18.9041359, 46.8569053 ], [ 18.9026057, 46.8598716 ], [ 18.9041163, 46.8601133 ], [ 18.9059473, 46.8583769 ], [ 18.9173346, 46.8594598 ], [ 18.9176495, 46.8570804 ], [ 18.9250892, 46.8571724 ], [ 18.9262342, 46.8650345 ], [ 18.9317193, 46.8757565 ], [ 18.9519547, 46.8950584 ], [ 18.9582818, 46.9059562 ], [ 18.964918, 46.9309099 ], [ 18.9655296, 46.9367209 ], [ 18.9615689, 46.9525334 ], [ 18.9588931, 46.9595709 ], [ 18.951356, 46.9689635 ], [ 18.9486704, 46.9916034 ], [ 18.9535369, 47.0000212 ], [ 18.9647428, 47.0103642 ], [ 18.9674887, 47.020025 ], [ 18.9655184, 47.0301374 ], [ 18.9666614, 47.0305866 ], [ 18.9469868, 47.0486064 ], [ 18.9041633, 47.0721071 ], [ 18.9026569, 47.0713409 ], [ 18.898058, 47.0761015 ], [ 18.8852862, 47.1110506 ], [ 18.8821969, 47.1253015 ], [ 18.8730272, 47.1437093 ], [ 18.8720859, 47.1508489 ], [ 18.8735909, 47.1643611 ], [ 18.8781924, 47.1756231 ], [ 18.881508, 47.1961136 ], [ 18.8867686, 47.2047776 ], [ 18.9101424, 47.231247 ], [ 18.9115599, 47.2443974 ], [ 18.920477, 47.2648836 ], [ 18.9190647, 47.2744845 ], [ 18.9006163, 47.2752659 ], [ 18.8807038, 47.2784246 ], [ 18.8801467, 47.2772862 ], [ 18.8733336, 47.2866565 ], [ 18.8811361, 47.3013987 ], [ 18.8680175, 47.3054631 ], [ 18.8583169, 47.3054043 ], [ 18.8612669, 47.3063062 ], [ 18.867622, 47.3145272 ], [ 18.8636607, 47.3191365 ], [ 18.8479322, 47.3320802 ], [ 18.8338707, 47.3399807 ], [ 18.8318669, 47.3389171 ], [ 18.81149, 47.3537338 ], [ 18.8036026, 47.3641399 ], [ 18.7908071, 47.3718644 ], [ 18.7799217, 47.3873567 ], [ 18.757147, 47.4033223 ], [ 18.7636936, 47.4129536 ], [ 18.7895284, 47.4256639 ], [ 18.7870725, 47.4323349 ], [ 18.7907046, 47.4353349 ], [ 18.7860738, 47.444179 ], [ 18.7855833, 47.45686 ], [ 18.7801276, 47.4661595 ], [ 18.7619676, 47.4783468 ], [ 18.7573691, 47.4858458 ], [ 18.7576492, 47.4878794 ], [ 18.7515427, 47.49242 ], [ 18.7415806, 47.4888527 ], [ 18.7326736, 47.4919846 ], [ 18.7292808, 47.4913354 ], [ 18.722435, 47.4963756 ], [ 18.7244784, 47.4965574 ], [ 18.7107097, 47.5158244 ], [ 18.6947587, 47.5327779 ], [ 18.6941144, 47.5449031 ], [ 18.6921315, 47.5486267 ], [ 18.6944379, 47.5548966 ], [ 18.7003701, 47.5613126 ], [ 18.6988837, 47.5656007 ], [ 18.6885359, 47.577244 ], [ 18.6851699, 47.5753249 ], [ 18.6778628, 47.5753018 ], [ 18.6722582, 47.5714788 ], [ 18.6644256, 47.5703953 ], [ 18.644116, 47.5732865 ], [ 18.6300726, 47.570572 ], [ 18.6227478, 47.5716918 ], [ 18.6222198, 47.5678787 ], [ 18.6171815, 47.5648173 ], [ 18.5929451, 47.570432 ], [ 18.5867258, 47.5738344 ], [ 18.5765919, 47.5745558 ], [ 18.5609089, 47.5672589 ], [ 18.549077, 47.569489 ], [ 18.5346248, 47.5519129 ], [ 18.5295336, 47.5549392 ], [ 18.5267219, 47.5541643 ], [ 18.5217371, 47.5560211 ], [ 18.4890398, 47.5547506 ], [ 18.4851646, 47.5490181 ], [ 18.4891683, 47.5425615 ], [ 18.492557, 47.5414376 ], [ 18.4965433, 47.5365052 ], [ 18.4926088, 47.5364863 ], [ 18.4943282, 47.5330676 ], [ 18.4938218, 47.5281198 ], [ 18.4966225, 47.5288955 ], [ 18.4978031, 47.5235653 ], [ 18.5023651, 47.5167329 ], [ 18.5068847, 47.5148516 ], [ 18.5204799, 47.5034931 ], [ 18.5306158, 47.5012521 ], [ 18.5306789, 47.4947826 ], [ 18.5442838, 47.4822747 ], [ 18.527501, 47.4849586 ], [ 18.5186977, 47.4920909 ], [ 18.5121579, 47.4935579 ], [ 18.5064886, 47.4980988 ], [ 18.5003509, 47.4938806 ], [ 18.4930311, 47.4961324 ], [ 18.4913476, 47.495362 ], [ 18.493055, 47.4938457 ], [ 18.4896974, 47.4923051 ], [ 18.4897254, 47.4896404 ], [ 18.486939, 47.4877243 ], [ 18.4801853, 47.4892159 ], [ 18.4830324, 47.4854185 ], [ 18.4796879, 47.4827373 ], [ 18.4813779, 47.4819834 ], [ 18.4797082, 47.4808349 ], [ 18.4814022, 47.4797029 ], [ 18.4814388, 47.476276 ], [ 18.4786289, 47.4766402 ], [ 18.4752901, 47.4743431 ], [ 18.4747646, 47.4705292 ], [ 18.4617677, 47.4780804 ], [ 18.4554956, 47.4864271 ], [ 18.4515819, 47.4848824 ], [ 18.4493246, 47.485633 ], [ 18.4397027, 47.4924369 ], [ 18.4369573, 47.4870928 ], [ 18.4279847, 47.4858985 ], [ 18.4197458, 47.469865 ], [ 18.4113886, 47.4648675 ], [ 18.4069711, 47.4583669 ], [ 18.4003929, 47.4541463 ], [ 18.4011044, 47.4524009 ], [ 18.3995867, 47.4513357 ], [ 18.3968513, 47.4517821 ], [ 18.3924308, 47.4489834 ], [ 18.3779792, 47.4602533 ], [ 18.3704803, 47.4581585 ], [ 18.3638056, 47.4535517 ], [ 18.3569559, 47.4454438 ], [ 18.3516778, 47.4420545 ], [ 18.3509458, 47.4362984 ], [ 18.3600512, 47.428323 ], [ 18.3660504, 47.4265025 ], [ 18.373198, 47.4194212 ], [ 18.3773852, 47.4182023 ], [ 18.3475214, 47.4126407 ], [ 18.3426868, 47.4102002 ], [ 18.3399741, 47.4102445 ], [ 18.3306279, 47.4160116 ], [ 18.3258903, 47.4064892 ], [ 18.320951, 47.4033329 ], [ 18.3171, 47.4032208 ], [ 18.3116515, 47.3990614 ], [ 18.2852501, 47.4123172 ], [ 18.2807021, 47.4168546 ], [ 18.2806526, 47.4202814 ], [ 18.2777945, 47.4240738 ], [ 18.2715834, 47.4266971 ], [ 18.2614621, 47.4281531 ], [ 18.2478963, 47.43453 ], [ 18.2404757, 47.4432353 ], [ 18.2432393, 47.4459195 ], [ 18.2409344, 47.4497148 ], [ 18.2420234, 47.4520031 ], [ 18.2397645, 47.4527496 ], [ 18.2413586, 47.4584748 ], [ 18.2278211, 47.4629469 ], [ 18.219379, 47.4640269 ], [ 18.1995271, 47.4768292 ], [ 18.1888675, 47.4763723 ], [ 18.1951773, 47.4676621 ], [ 18.194724, 47.4611824 ], [ 18.1919866, 47.4569726 ], [ 18.1948158, 47.4554751 ], [ 18.194877, 47.4516641 ], [ 18.1848788, 47.4451196 ], [ 18.1798341, 47.4446975 ], [ 18.1719098, 47.4488271 ], [ 18.1607598, 47.4441743 ], [ 18.158564, 47.4411082 ], [ 18.1512885, 47.4402958 ], [ 18.1432914, 47.4486062 ], [ 18.137615, 47.4519888 ], [ 18.1253662, 47.4465616 ], [ 18.1158545, 47.4445825 ], [ 18.1142476, 47.4403799 ], [ 18.1200549, 47.4290046 ], [ 18.1184415, 47.4251801 ], [ 18.1050688, 47.4197416 ], [ 18.1108379, 47.4110314 ], [ 18.1114541, 47.4068512 ], [ 18.1093107, 47.4018774 ], [ 18.1060264, 47.3976672 ], [ 18.0921359, 47.3906961 ], [ 18.0866314, 47.3845601 ], [ 18.0861645, 47.3796042 ], [ 18.0839825, 47.3761586 ], [ 18.0800948, 47.3742233 ], [ 18.0808127, 47.36585 ], [ 18.0882212, 47.3586793 ], [ 18.0826706, 47.3559678 ], [ 18.0686787, 47.3550874 ], [ 18.0536228, 47.3511467 ], [ 18.0342232, 47.3403173 ], [ 18.0360092, 47.3346186 ] ] ] ] } },
{ "type": "Feature", "properties": { "county_name": "GYO", "osm_relation_id": "22249" }, "geometry": { "type": "MultiPolygon", "coordinates": [ [ [ [ 17.8947759, 47.7393637 ], [ 17.866096, 47.74575 ], [ 17.827514, 47.73998 ], [ 17.811502, 47.743891 ], [ 17.802865, 47.744266 ], [ 17.790361, 47.740187 ], [ 17.781238, 47.739289 ], [ 17.776375, 47.740567 ], [ 17.768709, 47.746861 ], [ 17.762956, 47.749363 ], [ 17.74566, 47.750277 ], [ 17.730902, 47.753698 ], [ 17.709914, 47.756082 ], [ 17.691233, 47.773261 ], [ 17.633435, 47.801929 ], [ 17.608402, 47.821886 ], [ 17.602621, 47.822545 ], [ 17.586968, 47.820509 ], [ 17.573153, 47.814003 ], [ 17.566709, 47.815636 ], [ 17.549571, 47.832155 ], [ 17.547195, 47.839209 ], [ 17.54335, 47.843595 ], [ 17.543079, 47.852354 ], [ 17.534524, 47.857464 ], [ 17.525172, 47.866445 ], [ 17.497512, 47.867603 ], [ 17.478343, 47.878155 ], [ 17.463899, 47.88096 ], [ 17.45392, 47.885258 ], [ 17.446659, 47.897681 ], [ 17.43691, 47.909333 ], [ 17.435721, 47.915638 ], [ 17.4325057, 47.9208615 ], [ 17.421937, 47.930004 ], [ 17.411511, 47.935115 ], [ 17.406605, 47.940645 ], [ 17.402993, 47.947849 ], [ 17.398851, 47.950738 ], [ 17.376398, 47.958646 ], [ 17.36407, 47.971096 ], [ 17.351631, 47.978589 ], [ 17.334651, 47.993125 ], [ 17.325448, 47.995214 ], [ 17.306303, 47.996061 ], [ 17.279398, 47.993973 ], [ 17.257955, 47.998655 ], [ 17.2484, 48.003843 ], [ 17.246275, 48.017957 ], [ 17.241769, 48.0224651 ], [ 17.236085, 48.018563 ], [ 17.226627, 48.016229 ], [ 17.201782, 48.020069 ], [ 17.198346, 48.017686 ], [ 17.193163, 48.018204 ], [ 17.162888, 48.008289 ], [ 17.1569703, 48.0040418 ], [ 17.1341911, 47.9939961 ], [ 17.1350407, 47.9933392 ], [ 17.1313705, 47.9908302 ], [ 17.0946624, 47.970872 ], [ 17.0996653, 47.9671969 ], [ 17.1170151, 47.9608948 ], [ 17.1099175, 47.9543667 ], [ 17.1078098, 47.9494861 ], [ 17.100575, 47.9420148 ], [ 17.0909057, 47.934408 ], [ 17.1126871, 47.9273598 ], [ 17.1027458, 47.9104366 ], [ 17.0955832, 47.904294 ], [ 17.1041555, 47.8992602 ], [ 17.0851896, 47.8744352 ], [ 17.0804448, 47.8744726 ], [ 17.0777945, 47.8775411 ], [ 17.0487168, 47.8719081 ], [ 17.0495907, 47.8700785 ], [ 17.0400344, 47.8668249 ], [ 17.0177571, 47.8684094 ], [ 17.0099539, 47.8583609 ], [ 17.0516099, 47.8379073 ], [ 17.0466033, 47.8328947 ], [ 17.0497225, 47.8312329 ], [ 17.0469132, 47.828352 ], [ 17.0608505, 47.8227248 ], [ 17.059707, 47.82008 ], [ 17.0744337, 47.8082742 ], [ 17.0717892, 47.8082137 ], [ 17.0535398, 47.7975519 ], [ 17.0509772, 47.7939831 ], [ 17.0581838, 47.7861619 ], [ 17.0608432, 47.777649 ], [ 17.063823, 47.7777769 ], [ 17.0671746, 47.7669029 ], [ 17.0656124, 47.76634 ], [ 17.0684277, 47.7571111 ], [ 17.06972, 47.7572921 ], [ 17.0708041, 47.7498928 ], [ 17.070272, 47.7282005 ], [ 17.0742046, 47.7231565 ], [ 17.0930722, 47.7082534 ], [ 17.0404202, 47.7043676 ], [ 16.9764339, 47.6944821 ], [ 16.9125396, 47.6876875 ], [ 16.875161, 47.6883411 ], [ 16.8716322, 47.6901055 ], [ 16.8688218, 47.7213443 ], [ 16.8669034, 47.7216437 ], [ 16.8555211, 47.7110747 ], [ 16.8390637, 47.7045815 ], [ 16.8321261, 47.6881466 ], [ 16.8283274, 47.6827354 ], [ 16.7490282, 47.6814296 ], [ 16.7215112, 47.7226116 ], [ 16.7209415, 47.7353349 ], [ 16.6715535, 47.7404339 ], [ 16.6581541, 47.7432733 ], [ 16.6560139, 47.7416628 ], [ 16.6397433, 47.7482637 ], [ 16.6383899, 47.7545654 ], [ 16.6343, 47.7590763 ], [ 16.6254104, 47.7569356 ], [ 16.6095416, 47.7603828 ], [ 16.5987795, 47.7561319 ], [ 16.5925622, 47.7591037 ], [ 16.5880131, 47.7554673 ], [ 16.5664885, 47.7516021 ], [ 16.5470341, 47.7509937 ], [ 16.5476266, 47.749298 ], [ 16.5460078, 47.7493262 ], [ 16.5482335, 47.7459602 ], [ 16.546643, 47.7452831 ], [ 16.5487785, 47.7431786 ], [ 16.5375661, 47.7399922 ], [ 16.5388326, 47.7383048 ], [ 16.5364648, 47.7366327 ], [ 16.5522184, 47.7225134 ], [ 16.544601, 47.7170494 ], [ 16.5404487, 47.7118403 ], [ 16.5275085, 47.7103547 ], [ 16.520629, 47.7122541 ], [ 16.5169186, 47.7069254 ], [ 16.510984, 47.7069964 ], [ 16.50409, 47.7034972 ], [ 16.4998365, 47.70472 ], [ 16.4937058, 47.6987123 ], [ 16.4871958, 47.6980469 ], [ 16.4844747, 47.6954013 ], [ 16.4860607, 47.6927732 ], [ 16.4845884, 47.6914448 ], [ 16.4760169, 47.6901214 ], [ 16.4746589, 47.6812582 ], [ 16.4709205, 47.6824119 ], [ 16.4662938, 47.6808382 ], [ 16.4619702, 47.6826905 ], [ 16.4599824, 47.6841118 ], [ 16.4539869, 47.6968378 ], [ 16.4473224, 47.6963055 ], [ 16.4476177, 47.6917087 ], [ 16.4425038, 47.67734 ], [ 16.443356, 47.6741131 ], [ 16.4238528, 47.6669801 ], [ 16.4215432, 47.6652971 ], [ 16.4236102, 47.6630592 ], [ 16.4398585, 47.6566843 ], [ 16.4514488, 47.6557225 ], [ 16.4622471, 47.6513987 ], [ 16.4793136, 47.6501077 ], [ 16.4873199, 47.6417648 ], [ 16.492636, 47.6422574 ], [ 16.4969303, 47.639336 ], [ 16.5024401, 47.6400534 ], [ 16.5064854, 47.6383877 ], [ 16.5144416, 47.6461448 ], [ 16.5231467, 47.6412016 ], [ 16.5286981, 47.6414974 ], [ 16.5488018, 47.6335886 ], [ 16.572515, 47.6198261 ], [ 16.593396, 47.617849 ], [ 16.6133028, 47.6225275 ], [ 16.6189081, 47.6257992 ], [ 16.6349836, 47.627849 ], [ 16.652941, 47.6222312 ], [ 16.6595343, 47.6061018 ], [ 16.6715421, 47.6062474 ], [ 16.6731434, 47.6049581 ], [ 16.6664014, 47.5962606 ], [ 16.675102, 47.5825322 ], [ 16.6751269, 47.5787886 ], [ 16.6712691, 47.5751716 ], [ 16.67108, 47.5713346 ], [ 16.6641221, 47.5693838 ], [ 16.6634407, 47.5678494 ], [ 16.6717993, 47.559864 ], [ 16.6840091, 47.5613058 ], [ 16.6889017, 47.5594881 ], [ 16.6909838, 47.5579036 ], [ 16.6900433, 47.5555462 ], [ 16.6981815, 47.5456289 ], [ 16.7041281, 47.5457398 ], [ 16.7058796, 47.5423837 ], [ 16.7112461, 47.5430878 ], [ 16.7145072, 47.5396456 ], [ 16.7031732, 47.5332242 ], [ 16.7055033, 47.5229375 ], [ 16.6956012, 47.5181823 ], [ 16.6947739, 47.515358 ], [ 16.6898176, 47.5104226 ], [ 16.6689584, 47.5035445 ], [ 16.6624664, 47.5090313 ], [ 16.6579355, 47.5064683 ], [ 16.6523387, 47.5003255 ], [ 16.6623034, 47.4832994 ], [ 16.6681686, 47.4792858 ], [ 16.6704924, 47.4742622 ], [ 16.6624327, 47.4663413 ], [ 16.6617712, 47.4627752 ], [ 16.6597478, 47.4614157 ], [ 16.6620322, 47.4557137 ], [ 16.6491252, 47.451303 ], [ 16.6515984, 47.4489453 ], [ 16.6467065, 47.4469521 ], [ 16.6508448, 47.4424693 ], [ 16.6545572, 47.4349267 ], [ 16.660265, 47.4327573 ], [ 16.6701279, 47.4257258 ], [ 16.6728957, 47.4265455 ], [ 16.678075, 47.419718 ], [ 16.6859877, 47.4218342 ], [ 16.69118, 47.4158598 ], [ 16.6970425, 47.4180241 ], [ 16.7001167, 47.4143552 ], [ 16.7092032, 47.4177652 ], [ 16.7157568, 47.4091376 ], [ 16.7229047, 47.4123263 ], [ 16.7178656, 47.4171789 ], [ 16.7187669, 47.4180521 ], [ 16.7549957, 47.4358284 ], [ 16.7573235, 47.4339713 ], [ 16.7666832, 47.4383419 ], [ 16.7849935, 47.4432783 ], [ 16.7908911, 47.4365371 ], [ 16.8040669, 47.4436513 ], [ 16.8117153, 47.435418 ], [ 16.8152867, 47.435378 ], [ 16.8397593, 47.4451479 ], [ 16.8439636, 47.4483315 ], [ 16.8480562, 47.44888 ], [ 16.8524864, 47.4403929 ], [ 16.8594665, 47.43421 ], [ 16.8663972, 47.4234861 ], [ 16.8733999, 47.4232695 ], [ 16.8856084, 47.4128299 ], [ 16.8873029, 47.4124836 ], [ 16.8944242, 47.4168078 ], [ 16.8926123, 47.4198179 ], [ 16.9055019, 47.4204427 ], [ 16.9036906, 47.4234529 ], [ 16.9053636, 47.4238684 ], [ 16.9095186, 47.4182297 ], [ 16.9111671, 47.4190228 ], [ 16.909718, 47.41328 ], [ 16.9170002, 47.413415 ], [ 16.9152751, 47.4145299 ], [ 16.9191688, 47.4153583 ], [ 16.9210156, 47.4112078 ], [ 16.9316739, 47.4114041 ], [ 16.9329632, 47.407237 ], [ 16.9406225, 47.397855 ], [ 16.9474759, 47.3949301 ], [ 16.9462633, 47.3971956 ], [ 16.9484624, 47.3983764 ], [ 16.9478064, 47.400652 ], [ 16.9554876, 47.4049826 ], [ 16.9554277, 47.4065004 ], [ 16.9577024, 47.4057792 ], [ 16.9603537, 47.4096399 ], [ 16.9681268, 47.4116837 ], [ 16.9696809, 47.41514 ], [ 16.9774996, 47.4160434 ], [ 16.9768743, 47.4175572 ], [ 16.9791194, 47.4175975 ], [ 16.984066, 47.4226497 ], [ 16.99011, 47.4227963 ], [ 16.9978431, 47.4258927 ], [ 16.9970244, 47.4270329 ], [ 17.0052481, 47.4321988 ], [ 17.0033649, 47.4346396 ], [ 17.0115172, 47.436072 ], [ 17.0164348, 47.439587 ], [ 17.0231639, 47.4397054 ], [ 17.032973, 47.4474961 ], [ 17.0418344, 47.4507007 ], [ 17.045589, 47.4553347 ], [ 17.0505393, 47.4580862 ], [ 17.054481, 47.4577763 ], [ 17.0554902, 47.4608375 ], [ 17.0615925, 47.4479929 ], [ 17.0660905, 47.4476922 ], [ 17.0701309, 47.4447116 ], [ 17.0713817, 47.441305 ], [ 17.0675974, 47.4374337 ], [ 17.0653514, 47.4373951 ], [ 17.0671167, 47.435138 ], [ 17.0626196, 47.4354449 ], [ 17.0621482, 47.4331493 ], [ 17.0593791, 47.4319609 ], [ 17.0607776, 47.428164 ], [ 17.0596644, 47.4243471 ], [ 17.0619099, 47.4243858 ], [ 17.0614672, 47.4213282 ], [ 17.0576565, 47.4182187 ], [ 17.059393, 47.4167236 ], [ 17.0559712, 47.4162398 ], [ 17.0583131, 47.4155643 ], [ 17.0555257, 47.4151318 ], [ 17.0567624, 47.4121094 ], [ 17.053395, 47.4120511 ], [ 17.0523871, 47.4089837 ], [ 17.0552027, 47.4086543 ], [ 17.0558399, 47.4067621 ], [ 17.0518878, 47.40745 ], [ 17.0524872, 47.4063198 ], [ 17.0491417, 47.4030379 ], [ 17.0456839, 47.4021854 ], [ 17.0473568, 47.4010072 ], [ 17.0442701, 47.4012239 ], [ 17.0432052, 47.3996866 ], [ 17.0482651, 47.3993902 ], [ 17.0455555, 47.3966774 ], [ 17.0461641, 47.3955474 ], [ 17.0501014, 47.3952314 ], [ 17.0549178, 47.4014087 ], [ 17.0665171, 47.4061838 ], [ 17.0866453, 47.4080471 ], [ 17.0928559, 47.4070121 ], [ 17.1006058, 47.409809 ], [ 17.1022011, 47.4121234 ], [ 17.1055826, 47.4117961 ], [ 17.1093398, 47.4164344 ], [ 17.118799, 47.4184963 ], [ 17.1256037, 47.4167069 ], [ 17.1259951, 47.4212821 ], [ 17.1282129, 47.4220816 ], [ 17.1297686, 47.4255356 ], [ 17.1258158, 47.4262322 ], [ 17.12519, 47.4281248 ], [ 17.1319316, 47.427859 ], [ 17.1334877, 47.4313129 ], [ 17.1369113, 47.4298448 ], [ 17.147306, 47.4372509 ], [ 17.1614522, 47.4340553 ], [ 17.1726191, 47.4357625 ], [ 17.1704403, 47.433824 ], [ 17.1727268, 47.4327144 ], [ 17.1766257, 47.4335402 ], [ 17.1759748, 47.4361952 ], [ 17.1815272, 47.4378102 ], [ 17.1803236, 47.4400781 ], [ 17.1830332, 47.4427875 ], [ 17.1885956, 47.4444023 ], [ 17.1897989, 47.4421343 ], [ 17.1908421, 47.4444385 ], [ 17.1936856, 47.4433375 ], [ 17.1930395, 47.4456145 ], [ 17.1976519, 47.4422606 ], [ 17.2012508, 47.4354624 ], [ 17.2221441, 47.4319892 ], [ 17.2230314, 47.4388592 ], [ 17.2281371, 47.4370307 ], [ 17.2303178, 47.4389743 ], [ 17.2331992, 47.4367324 ], [ 17.2342052, 47.4401761 ], [ 17.2371085, 47.4375563 ], [ 17.2366334, 47.4348833 ], [ 17.2394623, 47.4341653 ], [ 17.2405334, 47.435707 ], [ 17.245673, 47.433122 ], [ 17.2618787, 47.4352774 ], [ 17.2624997, 47.433384 ], [ 17.2658816, 47.433052 ], [ 17.2636868, 47.4314931 ], [ 17.2648481, 47.4303705 ], [ 17.2709686, 47.43199 ], [ 17.2727122, 47.4301138 ], [ 17.2732274, 47.4316405 ], [ 17.2715, 47.4327606 ], [ 17.2742648, 47.4339438 ], [ 17.2805764, 47.4298504 ], [ 17.2861151, 47.4322225 ], [ 17.2906232, 47.4315289 ], [ 17.2935016, 47.4292854 ], [ 17.2990785, 47.430517 ], [ 17.3006706, 47.4332066 ], [ 17.2989531, 47.4343211 ], [ 17.3134721, 47.4364435 ], [ 17.3122619, 47.4390907 ], [ 17.3239389, 47.4426938 ], [ 17.3261637, 47.4431114 ], [ 17.3296444, 47.4397355 ], [ 17.3419412, 47.4414368 ], [ 17.3448057, 47.4395762 ], [ 17.3508322, 47.4442396 ], [ 17.3620708, 47.4436421 ], [ 17.3829284, 47.4587969 ], [ 17.3860248, 47.4676001 ], [ 17.3837654, 47.4679456 ], [ 17.3848414, 47.469486 ], [ 17.3840718, 47.4759523 ], [ 17.3893819, 47.4859277 ], [ 17.3922116, 47.4852059 ], [ 17.3917373, 47.4825338 ], [ 17.4091495, 47.4824043 ], [ 17.4229236, 47.4785669 ], [ 17.421149, 47.4757187 ], [ 17.4234435, 47.4742263 ], [ 17.4191091, 47.4692126 ], [ 17.4191675, 47.4673105 ], [ 17.4237466, 47.4643317 ], [ 17.4273272, 47.4575266 ], [ 17.4330751, 47.4530328 ], [ 17.4381953, 47.4508233 ], [ 17.4443696, 47.4509094 ], [ 17.443916, 47.4474754 ], [ 17.4480385, 47.4410553 ], [ 17.4449564, 47.4314916 ], [ 17.45864, 47.4244476 ], [ 17.4640975, 47.4294753 ], [ 17.482806, 47.4228754 ], [ 17.4904761, 47.4294505 ], [ 17.4993619, 47.4326198 ], [ 17.5015213, 47.4353141 ], [ 17.5032217, 47.4349526 ], [ 17.5080944, 47.4411108 ], [ 17.5038636, 47.4446764 ], [ 17.5263852, 47.4687749 ], [ 17.5286282, 47.4656934 ], [ 17.5282399, 47.4634541 ], [ 17.5325241, 47.4585331 ], [ 17.5399287, 47.4528865 ], [ 17.5568413, 47.4440388 ], [ 17.5585965, 47.4413962 ], [ 17.5658081, 47.4445325 ], [ 17.5663227, 47.4460639 ], [ 17.576371, 47.4480954 ], [ 17.5818828, 47.4519775 ], [ 17.5823978, 47.4535088 ], [ 17.5777245, 47.4599203 ], [ 17.5887005, 47.469202 ], [ 17.5995597, 47.4624837 ], [ 17.6032976, 47.456334 ], [ 17.620254, 47.4654069 ], [ 17.6306336, 47.4552523 ], [ 17.6328604, 47.456042 ], [ 17.6345552, 47.4542125 ], [ 17.6423569, 47.4576829 ], [ 17.6435208, 47.4561723 ], [ 17.6413949, 47.4515722 ], [ 17.6575321, 47.4571045 ], [ 17.6598192, 47.4556073 ], [ 17.6637175, 47.4567946 ], [ 17.6652296, 47.4632897 ], [ 17.6634591, 47.466696 ], [ 17.6700544, 47.4721053 ], [ 17.6751076, 47.4721656 ], [ 17.6825557, 47.4665394 ], [ 17.6880875, 47.4696542 ], [ 17.6909414, 47.467785 ], [ 17.7031595, 47.4732584 ], [ 17.7116999, 47.4652328 ], [ 17.7101151, 47.4645815 ], [ 17.7107392, 47.4623016 ], [ 17.7013949, 47.4541975 ], [ 17.7043151, 47.4496574 ], [ 17.7115363, 47.4527907 ], [ 17.7132554, 47.4512859 ], [ 17.7159927, 47.4539827 ], [ 17.7171449, 47.4528556 ], [ 17.7193729, 47.4536436 ], [ 17.7234243, 47.448738 ], [ 17.7317796, 47.4514988 ], [ 17.7225438, 47.4616755 ], [ 17.7264344, 47.4632449 ], [ 17.7262922, 47.4689516 ], [ 17.7274065, 47.4693486 ], [ 17.729173, 47.4659414 ], [ 17.7325066, 47.4675041 ], [ 17.7302023, 47.4697587 ], [ 17.7379852, 47.4728967 ], [ 17.7558197, 47.4555825 ], [ 17.7622904, 47.4430853 ], [ 17.7607022, 47.439262 ], [ 17.7704654, 47.4302286 ], [ 17.7710956, 47.4271924 ], [ 17.7788118, 47.4206843 ], [ 17.7841033, 47.4133045 ], [ 17.7871354, 47.4050638 ], [ 17.7782368, 47.39891 ], [ 17.7769211, 47.3992762 ], [ 17.7767107, 47.39921 ], [ 17.7837726, 47.3924899 ], [ 17.7848721, 47.3892781 ], [ 17.7797526, 47.3884549 ], [ 17.7688861, 47.3825123 ], [ 17.7646042, 47.3840946 ], [ 17.7655316, 47.3775727 ], [ 17.7541014, 47.3649293 ], [ 17.7441463, 47.3594804 ], [ 17.729066, 47.3574058 ], [ 17.7247219, 47.3516475 ], [ 17.7264371, 47.3505205 ], [ 17.7259665, 47.3467094 ], [ 17.7182694, 47.340906 ], [ 17.7262599, 47.3349053 ], [ 17.7309704, 47.3258231 ], [ 17.7282106, 47.3242668 ], [ 17.731093, 47.3208722 ], [ 17.7395786, 47.3171633 ], [ 17.7473957, 47.3180082 ], [ 17.7558797, 47.3146762 ], [ 17.7605925, 47.3052086 ], [ 17.758739, 47.2891965 ], [ 17.7673368, 47.2805346 ], [ 17.7652621, 47.2740343 ], [ 17.7675378, 47.2722962 ], [ 17.7797012, 47.2783845 ], [ 17.7869578, 47.2792267 ], [ 17.7806308, 47.2863904 ], [ 17.7826717, 47.2947928 ], [ 17.7786102, 47.3008409 ], [ 17.7800776, 47.3096151 ], [ 17.7776547, 47.3172059 ], [ 17.7808807, 47.3229561 ], [ 17.788053, 47.3272248 ], [ 17.790385, 47.3234385 ], [ 17.8004275, 47.3250726 ], [ 17.8077797, 47.3221026 ], [ 17.8144334, 47.3248455 ], [ 17.8211583, 47.3245331 ], [ 17.8227565, 47.3283558 ], [ 17.8209915, 47.3317645 ], [ 17.8265178, 47.3352508 ], [ 17.8292454, 47.3402581 ], [ 17.8311397, 47.3406693 ], [ 17.8319809, 47.3440193 ], [ 17.8358707, 47.3451795 ], [ 17.8330385, 47.3461994 ], [ 17.8330488, 47.3511867 ], [ 17.8304484, 47.3515119 ], [ 17.831332, 47.3528841 ], [ 17.8251216, 47.3578353 ], [ 17.8246927, 47.3603913 ], [ 17.8337043, 47.3638874 ], [ 17.834191, 47.366942 ], [ 17.8391996, 47.3685194 ], [ 17.8496718, 47.3766242 ], [ 17.8574312, 47.3805102 ], [ 17.8697807, 47.3794968 ], [ 17.8776013, 47.3811012 ], [ 17.8809081, 47.3834218 ], [ 17.8841328, 47.3899251 ], [ 17.8762189, 47.3928942 ], [ 17.8778225, 47.3963318 ], [ 17.8771063, 47.4035636 ], [ 17.8846714, 47.4165876 ], [ 17.8907594, 47.4204544 ], [ 17.8901103, 47.4242596 ], [ 17.8945112, 47.4284934 ], [ 17.8944699, 47.4303957 ], [ 17.8875565, 47.4383216 ], [ 17.8897283, 47.4417708 ], [ 17.8839036, 47.45161 ], [ 17.8827549, 47.452745 ], [ 17.8760562, 47.4511525 ], [ 17.8708528, 47.4579543 ], [ 17.8719427, 47.4594901 ], [ 17.8853173, 47.4638154 ], [ 17.8733961, 47.469787 ], [ 17.8772497, 47.4732536 ], [ 17.8743432, 47.4777918 ], [ 17.8832852, 47.4797851 ], [ 17.8895108, 47.478303 ], [ 17.8843007, 47.4847474 ], [ 17.8842255, 47.488174 ], [ 17.9041897, 47.4997959 ], [ 17.9076127, 47.4975428 ], [ 17.9098535, 47.4979492 ], [ 17.906932, 47.5032504 ], [ 17.9113562, 47.5063371 ], [ 17.900512, 47.514231 ], [ 17.8917727, 47.5282312 ], [ 17.8889892, 47.5270629 ], [ 17.8849472, 47.531968 ], [ 17.8870643, 47.5380816 ], [ 17.8864301, 47.5411245 ], [ 17.8841466, 47.5430042 ], [ 17.8845542, 47.5498629 ], [ 17.8873388, 47.5510312 ], [ 17.8885727, 47.5460979 ], [ 17.9038035, 47.5439628 ], [ 17.9094792, 47.5413539 ], [ 17.9368946, 47.5480911 ], [ 17.9362793, 47.5503721 ], [ 17.9288555, 47.5560146 ], [ 17.9261333, 47.5514144 ], [ 17.9051504, 47.5595879 ], [ 17.9232604, 47.5810914 ], [ 17.9124752, 47.5851755 ], [ 17.918609, 47.5879005 ], [ 17.9224579, 47.5921275 ], [ 17.9293978, 47.610087 ], [ 17.9337681, 47.6162213 ], [ 17.8952616, 47.6265099 ], [ 17.8876968, 47.637472 ], [ 17.893192, 47.6436252 ], [ 17.9010418, 47.6714986 ], [ 17.8969483, 47.6783123 ], [ 17.8900788, 47.6831893 ], [ 17.9020939, 47.7008287 ], [ 17.9025804, 47.7046386 ], [ 17.8993062, 47.7251688 ], [ 17.8947759, 47.7393637 ] ] ] ] } },
{ "type": "Feature", "properties": { "county_name": "HAJ", "osm_relation_id": "22267" }, "geometry": { "type": "MultiPolygon", "coordinates": [ [ [ [ 20.8279707, 47.6590164 ], [ 20.8255559, 47.6441511 ], [ 20.8232036, 47.6409895 ], [ 20.8262675, 47.6369119 ], [ 20.8250006, 47.6337412 ], [ 20.8268662, 47.625965 ], [ 20.8335918, 47.6110311 ], [ 20.8423572, 47.5967082 ], [ 20.8549637, 47.5950863 ], [ 20.866567, 47.5868332 ], [ 20.882928, 47.5820133 ], [ 20.8956357, 47.5822583 ], [ 20.9158178, 47.5854835 ], [ 20.9456249, 47.5960797 ], [ 20.974098, 47.5855386 ], [ 20.9838411, 47.5750917 ], [ 20.9944929, 47.5670592 ], [ 20.9943668, 47.5534833 ], [ 20.9964867, 47.5393829 ], [ 20.9918171, 47.5244691 ], [ 20.9832146, 47.519495 ], [ 20.9903416, 47.5119845 ], [ 20.9884898, 47.5088943 ], [ 20.9933916, 47.5028605 ], [ 20.9921933, 47.4981508 ], [ 20.9934412, 47.4956854 ], [ 20.9980755, 47.4953541 ], [ 21.0079151, 47.4906658 ], [ 20.9981793, 47.4847316 ], [ 20.9920224, 47.4736966 ], [ 21.0195827, 47.37889 ], [ 21.0305648, 47.3562291 ], [ 21.0169813, 47.2492824 ], [ 20.992091, 47.2321926 ], [ 21.0096627, 47.2320371 ], [ 21.0144248, 47.2247146 ], [ 21.0200457, 47.2253806 ], [ 21.0517116, 47.1905544 ], [ 21.0658003, 47.1937355 ], [ 21.0607956, 47.2090558 ], [ 21.0680016, 47.2074102 ], [ 21.1138837, 47.1799276 ], [ 21.125426, 47.1751435 ], [ 21.2099285, 47.1652037 ], [ 21.2299816, 47.1503465 ], [ 21.2407036, 47.1531858 ], [ 21.2544155, 47.1472122 ], [ 21.2728293, 47.1468559 ], [ 21.2940854, 47.147966 ], [ 21.3009149, 47.1508761 ], [ 21.2939423, 47.1312037 ], [ 21.2994352, 47.1291924 ], [ 21.3015392, 47.1261005 ], [ 21.3011855, 47.117731 ], [ 21.300053, 47.1173689 ], [ 21.3075831, 47.1107475 ], [ 21.2916722, 47.1038189 ], [ 21.2956617, 47.092698 ], [ 21.2954051, 47.0866083 ], [ 21.2885131, 47.0817896 ], [ 21.2318441, 47.0596482 ], [ 21.232741, 47.054299 ], [ 21.2390307, 47.0446552 ], [ 21.2404101, 47.0373871 ], [ 21.2351188, 47.0306374 ], [ 21.2331312, 47.0230555 ], [ 21.2470743, 47.0098358 ], [ 21.2475012, 47.0067771 ], [ 21.2548629, 47.0096856 ], [ 21.3423356, 46.9847225 ], [ 21.3549439, 46.9797912 ], [ 21.4030551, 46.9761858 ], [ 21.4150116, 46.9765411 ], [ 21.4209307, 46.9747324 ], [ 21.4251296, 46.9689342 ], [ 21.4385697, 46.9709353 ], [ 21.4389094, 46.9659738 ], [ 21.4424765, 46.9586629 ], [ 21.4301768, 46.9573951 ], [ 21.4315871, 46.9516548 ], [ 21.4254471, 46.9510203 ], [ 21.4234187, 46.9430638 ], [ 21.4434869, 46.9563537 ], [ 21.472089, 46.9492759 ], [ 21.47678, 46.9423181 ], [ 21.4789703, 46.9415087 ], [ 21.4818509, 46.9437354 ], [ 21.48342, 46.9414138 ], [ 21.4862141, 46.9417385 ], [ 21.4903288, 46.9465987 ], [ 21.4942705, 46.9476614 ], [ 21.4966871, 46.9517951 ], [ 21.4991917, 46.9494921 ], [ 21.5012711, 46.951571 ], [ 21.503836, 46.9501222 ], [ 21.5129381, 46.9544958 ], [ 21.5172481, 46.9513518 ], [ 21.517888, 46.9532478 ], [ 21.5212435, 46.9535534 ], [ 21.5196494, 46.9551133 ], [ 21.5214019, 46.956979 ], [ 21.5241792, 46.9569187 ], [ 21.5256588, 46.9526948 ], [ 21.5289877, 46.9526225 ], [ 21.5294778, 46.9510864 ], [ 21.5339546, 46.9517516 ], [ 21.5353505, 46.9578167 ], [ 21.539418, 46.9615414 ], [ 21.5421069, 46.959579 ], [ 21.5432905, 46.9610724 ], [ 21.5482047, 46.9590611 ], [ 21.5628048, 46.961791 ], [ 21.5535653, 46.9783771 ], [ 21.5573959, 46.9889585 ], [ 21.5648255, 46.9929868 ], [ 21.5691848, 47.0027935 ], [ 21.5758742, 46.9988414 ], [ 21.5912046, 46.9973567 ], [ 21.6034899, 46.9982234 ], [ 21.611925, 47.0034559 ], [ 21.624011, 47.0080497 ], [ 21.6196933, 47.0108135 ], [ 21.6192782, 47.0138676 ], [ 21.6253818, 47.0133517 ], [ 21.6282905, 47.0159525 ], [ 21.6260995, 47.0167647 ], [ 21.627397, 47.0205429 ], [ 21.634818, 47.0241887 ], [ 21.6398822, 47.0252149 ], [ 21.6419847, 47.0177248 ], [ 21.6520998, 47.0189488 ], [ 21.65923, 47.0226328 ], [ 21.6500711, 47.0337995 ], [ 21.6487388, 47.0404368 ], [ 21.6826156, 47.0457099 ], [ 21.6834989, 47.0511847 ], [ 21.6896637, 47.0535468 ], [ 21.6885721, 47.0555544 ], [ 21.6974402, 47.0579809 ], [ 21.6956559, 47.0604214 ], [ 21.7047517, 47.0634028 ], [ 21.701289, 47.068345 ], [ 21.7062853, 47.0699983 ], [ 21.7052419, 47.0715259 ], [ 21.7163703, 47.0748772 ], [ 21.7126, 47.0803958 ], [ 21.7128186, 47.0826272 ], [ 21.7211067, 47.0928983 ], [ 21.7237586, 47.0939087 ], [ 21.7260956, 47.0985272 ], [ 21.7516843, 47.1056429 ], [ 21.7708434, 47.1088943 ], [ 21.792582, 47.1065886 ], [ 21.7912313, 47.1093875 ], [ 21.792771, 47.1113368 ], [ 21.7891902, 47.1129259 ], [ 21.7920523, 47.1156146 ], [ 21.7891621, 47.1165832 ], [ 21.7921691, 47.1198034 ], [ 21.7914168, 47.1240009 ], [ 21.7956481, 47.1276241 ], [ 21.7985426, 47.127861 ], [ 21.800347, 47.1306584 ], [ 21.8027897, 47.1363934 ], [ 21.8004326, 47.1371624 ], [ 21.8038795, 47.1463314 ], [ 21.8119965, 47.1659068 ], [ 21.8175189, 47.172799 ], [ 21.8292377, 47.1747876 ], [ 21.8310117, 47.1788642 ], [ 21.8386698, 47.1771809 ], [ 21.8475406, 47.1844544 ], [ 21.8580152, 47.1870085 ], [ 21.8598847, 47.20345 ], [ 21.858132, 47.2201824 ], [ 21.8485167, 47.2219832 ], [ 21.846852, 47.2238183 ], [ 21.8518316, 47.2392442 ], [ 21.8578056, 47.2437569 ], [ 21.8579271, 47.2463613 ], [ 21.8701357, 47.26184 ], [ 21.8765041, 47.2649282 ], [ 21.8799854, 47.2648416 ], [ 21.8878583, 47.2721232 ], [ 21.8863294, 47.2752689 ], [ 21.8881706, 47.2778906 ], [ 21.8792613, 47.2834228 ], [ 21.8787323, 47.287407 ], [ 21.8861661, 47.2897309 ], [ 21.884809, 47.2911753 ], [ 21.888772, 47.295919 ], [ 21.8961839, 47.3163142 ], [ 21.9045165, 47.3222321 ], [ 21.9080257, 47.3288289 ], [ 21.9135315, 47.332456 ], [ 21.9215822, 47.3414562 ], [ 21.9252693, 47.3535753 ], [ 21.9346608, 47.3603227 ], [ 21.9397102, 47.367641 ], [ 21.9385227, 47.3729991 ], [ 21.9452945, 47.375192 ], [ 21.9530382, 47.374693 ], [ 21.9607233, 47.3793159 ], [ 21.961528, 47.3812018 ], [ 21.9750996, 47.3801456 ], [ 21.9753406, 47.378252 ], [ 21.9785517, 47.3782614 ], [ 21.9903828, 47.3814788 ], [ 21.9950117, 47.3809461 ], [ 21.997328, 47.3776423 ], [ 22.0119295, 47.375748 ], [ 22.018852, 47.3870146 ], [ 22.0231184, 47.39084 ], [ 22.035534, 47.413191 ], [ 22.0350485, 47.4161834 ], [ 22.0297011, 47.4227478 ], [ 22.0338538, 47.4241617 ], [ 22.0319166, 47.4262901 ], [ 22.0352604, 47.4274336 ], [ 22.0259466, 47.4423848 ], [ 22.032832, 47.4510022 ], [ 22.0208875, 47.4545338 ], [ 22.0139088, 47.4654887 ], [ 22.0127808, 47.4706866 ], [ 22.0074286, 47.4758539 ], [ 22.0070836, 47.4833085 ], [ 22.0108618, 47.4907712 ], [ 22.0126909, 47.5014221 ], [ 22.0163114, 47.505056 ], [ 22.0241721, 47.5199758 ], [ 22.035833, 47.5291624 ], [ 22.0454907, 47.5398049 ], [ 22.0615323, 47.5290091 ], [ 22.0713566, 47.5379795 ], [ 22.054587, 47.5469331 ], [ 22.0552504, 47.5485163 ], [ 22.0632071, 47.5539408 ], [ 22.0720843, 47.5574321 ], [ 22.0743107, 47.5608249 ], [ 22.0792102, 47.5622816 ], [ 22.0867945, 47.561066 ], [ 22.0906472, 47.5574357 ], [ 22.0937016, 47.5581442 ], [ 22.1003476, 47.5640365 ], [ 22.1048855, 47.5726632 ], [ 22.1143905, 47.5752253 ], [ 22.1249093, 47.5873544 ], [ 22.1288442, 47.5888019 ], [ 22.1297902, 47.5948238 ], [ 22.1281644, 47.598019 ], [ 22.1249769, 47.6019187 ], [ 22.1183526, 47.6039879 ], [ 22.1172983, 47.6055426 ], [ 22.1190672, 47.6070309 ], [ 22.1187679, 47.6112267 ], [ 22.1103185, 47.6213734 ], [ 22.1084384, 47.6275051 ], [ 22.104142, 47.6310366 ], [ 22.1072734, 47.6362954 ], [ 22.101773, 47.6490312 ], [ 22.1045727, 47.6580773 ], [ 22.0834855, 47.6647541 ], [ 22.0754598, 47.6718081 ], [ 22.065219, 47.6701865 ], [ 22.0618203, 47.659985 ], [ 22.0551791, 47.6525621 ], [ 22.0544664, 47.6494997 ], [ 22.0446614, 47.6360409 ], [ 22.0382007, 47.6316297 ], [ 22.0272861, 47.6273564 ], [ 22.0254211, 47.6247165 ], [ 22.0268819, 47.6208647 ], [ 22.0217944, 47.6202422 ], [ 22.0182051, 47.6267776 ], [ 22.019522, 47.6294529 ], [ 22.0144341, 47.6303328 ], [ 22.0090404, 47.6334872 ], [ 22.0052263, 47.6370828 ], [ 22.0032807, 47.6416256 ], [ 22.0031266, 47.6493085 ], [ 22.0113281, 47.6646689 ], [ 22.0084579, 47.6636441 ], [ 22.0052474, 47.6667619 ], [ 21.9995907, 47.6669375 ], [ 21.9953441, 47.6712218 ], [ 21.9933432, 47.6758204 ], [ 21.9809612, 47.6757615 ], [ 21.9799481, 47.6784966 ], [ 21.9801267, 47.6815248 ], [ 21.9824926, 47.684133 ], [ 21.9819278, 47.6936529 ], [ 21.9838688, 47.6977845 ], [ 21.9861623, 47.6988453 ], [ 21.9870153, 47.7042153 ], [ 21.9657152, 47.7066419 ], [ 21.96019, 47.7090539 ], [ 21.9576415, 47.7136984 ], [ 21.9526776, 47.7160878 ], [ 21.9487241, 47.7158172 ], [ 21.9468209, 47.7219683 ], [ 21.941757, 47.7228647 ], [ 21.9380026, 47.7263645 ], [ 21.9351506, 47.7253055 ], [ 21.9319622, 47.7295606 ], [ 21.9263177, 47.7289516 ], [ 21.9242745, 47.7332054 ], [ 21.9087666, 47.7282522 ], [ 21.9076821, 47.7294143 ], [ 21.8877481, 47.7261012 ], [ 21.8858865, 47.7231043 ], [ 21.8869023, 47.7104863 ], [ 21.8833954, 47.6972819 ], [ 21.8746882, 47.6932872 ], [ 21.8704644, 47.6884259 ], [ 21.8584646, 47.6849126 ], [ 21.8556989, 47.6754488 ], [ 21.8506047, 47.6751988 ], [ 21.8412705, 47.6696832 ], [ 21.8361819, 47.6690597 ], [ 21.8305416, 47.6692012 ], [ 21.8244991, 47.6723943 ], [ 21.8025973, 47.6740584 ], [ 21.7959068, 47.6852618 ], [ 21.7762326, 47.6876337 ], [ 21.7637956, 47.6871674 ], [ 21.7679377, 47.6908913 ], [ 21.7705386, 47.6972945 ], [ 21.7714976, 47.7052713 ], [ 21.7665162, 47.7069117 ], [ 21.7500748, 47.7053834 ], [ 21.7288051, 47.708937 ], [ 21.7191053, 47.706877 ], [ 21.7071971, 47.728109 ], [ 21.7001267, 47.733227 ], [ 21.6802092, 47.7306238 ], [ 21.6794731, 47.7264447 ], [ 21.6777603, 47.7261095 ], [ 21.6512394, 47.7270911 ], [ 21.6360988, 47.7293443 ], [ 21.6268692, 47.736754 ], [ 21.6282069, 47.7409479 ], [ 21.6268082, 47.7466731 ], [ 21.6157508, 47.7511693 ], [ 21.6164623, 47.7545103 ], [ 21.5957876, 47.7717666 ], [ 21.541329, 47.7904654 ], [ 21.5445462, 47.7980881 ], [ 21.5447024, 47.8257473 ], [ 21.5521648, 47.8515172 ], [ 21.5561195, 47.8750955 ], [ 21.5658285, 47.888583 ], [ 21.5545505, 47.8895837 ], [ 21.5559999, 47.8964298 ], [ 21.5536148, 47.9059558 ], [ 21.5575752, 47.9173281 ], [ 21.5655327, 47.9297227 ], [ 21.5162208, 47.9414437 ], [ 21.5113317, 47.9339312 ], [ 21.4994341, 47.9341796 ], [ 21.4967503, 47.925477 ], [ 21.4723941, 47.9256178 ], [ 21.4611912, 47.9277601 ], [ 21.4362654, 47.9275006 ], [ 21.4311794, 47.9287452 ], [ 21.4297699, 47.922699 ], [ 21.418437, 47.9225335 ], [ 21.4138268, 47.9207285 ], [ 21.3809915, 47.9210052 ], [ 21.3706583, 47.9181705 ], [ 21.3588085, 47.9191729 ], [ 21.3560886, 47.9215006 ], [ 21.320399, 47.9199288 ], [ 21.304288, 47.9160326 ], [ 21.3041645, 47.9130052 ], [ 21.2978035, 47.9104006 ], [ 21.2709473, 47.9048785 ], [ 21.2616295, 47.9118779 ], [ 21.2630421, 47.9187556 ], [ 21.2615892, 47.9244644 ], [ 21.2402955, 47.9305869 ], [ 21.2336827, 47.9349081 ], [ 21.2316542, 47.9406897 ], [ 21.2216606, 47.9438919 ], [ 21.1943852, 47.95773 ], [ 21.1835967, 47.9575584 ], [ 21.1753622, 47.963041 ], [ 21.151596, 47.9649709 ], [ 21.1514919, 47.9619731 ], [ 21.146025, 47.9532673 ], [ 21.1344992, 47.9614905 ], [ 21.1275101, 47.9574131 ], [ 21.1220012, 47.9620932 ], [ 21.1117691, 47.9325734 ], [ 21.0945168, 47.9260233 ], [ 21.0915395, 47.9222638 ], [ 21.0908202, 47.9184707 ], [ 21.0942497, 47.9191728 ], [ 21.0970041, 47.9172214 ], [ 21.1027653, 47.9197849 ], [ 21.1029142, 47.923588 ], [ 21.1078007, 47.9181709 ], [ 21.1225539, 47.9186708 ], [ 21.1246332, 47.9149274 ], [ 21.1210298, 47.9087931 ], [ 21.1215318, 47.9072656 ], [ 21.0970016, 47.9027484 ], [ 21.0916507, 47.8959874 ], [ 21.0834998, 47.8904157 ], [ 21.0867206, 47.8857911 ], [ 21.0824829, 47.8641589 ], [ 21.077393, 47.864248 ], [ 21.0710922, 47.8620708 ], [ 21.0699308, 47.8613286 ], [ 21.0715072, 47.8582578 ], [ 21.0602257, 47.8592163 ], [ 21.0560648, 47.8539578 ], [ 21.0526492, 47.8532545 ], [ 21.0520206, 47.8517406 ], [ 21.0609495, 47.8485364 ], [ 21.0614618, 47.8470089 ], [ 21.058584, 47.8459122 ], [ 21.0683947, 47.836221 ], [ 21.0762326, 47.8341813 ], [ 21.0755688, 47.8315276 ], [ 21.081375, 47.8207646 ], [ 21.0695896, 47.8084002 ], [ 21.0712376, 47.8072309 ], [ 21.0700336, 47.805349 ], [ 21.0671526, 47.8038744 ], [ 21.0653149, 47.8000943 ], [ 21.0674597, 47.7970135 ], [ 21.065067, 47.7936274 ], [ 21.0660808, 47.7905601 ], [ 21.0603845, 47.7895186 ], [ 21.0602535, 47.7860932 ], [ 21.0554216, 47.7777966 ], [ 21.0498084, 47.7786561 ], [ 21.0480362, 47.7767838 ], [ 21.0530018, 47.7736545 ], [ 21.0470132, 47.7646152 ], [ 21.0442218, 47.7654257 ], [ 21.0418464, 47.762417 ], [ 21.04176, 47.7601374 ], [ 21.0440053, 47.7597144 ], [ 21.0361628, 47.7465225 ], [ 21.0333577, 47.7469487 ], [ 21.030198, 47.753096 ], [ 21.0252618, 47.7569924 ], [ 21.0134549, 47.7583339 ], [ 21.0077724, 47.7572897 ], [ 20.9962015, 47.749867 ], [ 20.9977082, 47.7448891 ], [ 21.0021417, 47.7425271 ], [ 20.9957651, 47.7380663 ], [ 20.9973843, 47.7361361 ], [ 20.9955964, 47.7335008 ], [ 20.999474, 47.7315326 ], [ 21.0010364, 47.7280785 ], [ 21.0003352, 47.7242782 ], [ 20.9968071, 47.7205318 ], [ 20.9871118, 47.7176449 ], [ 20.9674235, 47.719498 ], [ 20.9520577, 47.7159459 ], [ 20.9503963, 47.7167357 ], [ 20.9456565, 47.7103361 ], [ 20.9434262, 47.7111351 ], [ 20.9341729, 47.7048151 ], [ 20.9328944, 47.7006458 ], [ 20.9349201, 47.6941354 ], [ 20.9265285, 47.6961749 ], [ 20.9179881, 47.6940323 ], [ 20.903041, 47.6858927 ], [ 20.8947428, 47.6905937 ], [ 20.8916196, 47.6978832 ], [ 20.8871052, 47.6979551 ], [ 20.8835694, 47.6934368 ], [ 20.8834238, 47.6892552 ], [ 20.8875299, 47.6777602 ], [ 20.8988959, 47.6802441 ], [ 20.9005704, 47.6798392 ], [ 20.9021469, 47.6763862 ], [ 20.8940499, 47.6708008 ], [ 20.8575868, 47.6759516 ], [ 20.8519757, 47.6753178 ], [ 20.8517235, 47.6707917 ], [ 20.8550549, 47.661554 ], [ 20.8636061, 47.6560054 ], [ 20.876357, 47.6521024 ], [ 20.8795139, 47.6496832 ], [ 20.87964, 47.645981 ], [ 20.876539, 47.643281 ], [ 20.8677919, 47.6430561 ], [ 20.859451, 47.6457928 ], [ 20.8534232, 47.6524141 ], [ 20.8543373, 47.6578731 ], [ 20.8453721, 47.6567739 ], [ 20.8374006, 47.66245 ], [ 20.8339147, 47.6568779 ], [ 20.8279707, 47.6590164 ] ] ] ] } },
{ "type": "Feature", "properties": { "county_name": "HEV", "osm_relation_id": "22273" }, "geometry": { "type": "MultiPolygon", "coordinates": [ [ [ [ 19.5709386, 47.7349031 ], [ 19.6067257, 47.711911 ], [ 19.6042059, 47.7074562 ], [ 19.6036652, 47.7015119 ], [ 19.5993038, 47.7026218 ], [ 19.5948925, 47.697143 ], [ 19.6012302, 47.6933407 ], [ 19.5914358, 47.6879125 ], [ 19.6071726, 47.6673813 ], [ 19.6073634, 47.661398 ], [ 19.6143121, 47.655163 ], [ 19.6241382, 47.6502333 ], [ 19.6444036, 47.6460791 ], [ 19.6369362, 47.6370501 ], [ 19.6427809, 47.6349458 ], [ 19.6433188, 47.6301548 ], [ 19.6471442, 47.6278237 ], [ 19.656519, 47.6164968 ], [ 19.6573486, 47.6120536 ], [ 19.6536496, 47.5985083 ], [ 19.6663277, 47.5885507 ], [ 19.6791947, 47.5917446 ], [ 19.691856, 47.5880366 ], [ 19.6958591, 47.5850329 ], [ 19.7047698, 47.5858114 ], [ 19.7022184, 47.6065723 ], [ 19.7129736, 47.6114589 ], [ 19.7259631, 47.6134562 ], [ 19.7420066, 47.6201559 ], [ 19.7583725, 47.6210568 ], [ 19.7682795, 47.6160855 ], [ 19.7727966, 47.6161891 ], [ 19.8185615, 47.5939211 ], [ 19.8299392, 47.603629 ], [ 19.8364233, 47.6058191 ], [ 19.8450547, 47.6211986 ], [ 19.8569319, 47.6267451 ], [ 19.8720156, 47.6308774 ], [ 19.8691811, 47.6400853 ], [ 19.8748645, 47.6658428 ], [ 19.8766224, 47.6681287 ], [ 19.8849331, 47.665628 ], [ 19.8896034, 47.6614051 ], [ 19.9114121, 47.6544481 ], [ 19.9311644, 47.6616286 ], [ 19.9618403, 47.6673209 ], [ 19.9707164, 47.6766661 ], [ 19.973383, 47.6761752 ], [ 19.9743701, 47.6734 ], [ 19.9934127, 47.6731864 ], [ 19.9972794, 47.6710096 ], [ 19.999891, 47.6675432 ], [ 20.0000198, 47.6632075 ], [ 20.002991, 47.6611334 ], [ 20.0037133, 47.6585992 ], [ 20.000928, 47.6548063 ], [ 20.0034832, 47.6540569 ], [ 20.0069224, 47.6283705 ], [ 20.0190928, 47.6155965 ], [ 20.0081868, 47.5960169 ], [ 20.0052841, 47.5941688 ], [ 20.0114377, 47.5899967 ], [ 20.019091, 47.580968 ], [ 20.0359105, 47.5762783 ], [ 20.045098, 47.5701617 ], [ 20.0522297, 47.5699624 ], [ 20.1123158, 47.5533075 ], [ 20.1214247, 47.5611529 ], [ 20.1318103, 47.5651827 ], [ 20.1167973, 47.5718841 ], [ 20.1103792, 47.5793365 ], [ 20.1079401, 47.5862034 ], [ 20.1029847, 47.58975 ], [ 20.120735, 47.5955487 ], [ 20.138802, 47.5999722 ], [ 20.1577645, 47.6021543 ], [ 20.1745153, 47.6073784 ], [ 20.2086437, 47.6076595 ], [ 20.2098462, 47.5964994 ], [ 20.214232, 47.5834672 ], [ 20.2261369, 47.5798252 ], [ 20.2265492, 47.5738024 ], [ 20.2317095, 47.570479 ], [ 20.2284542, 47.5668113 ], [ 20.2311555, 47.5617278 ], [ 20.2351216, 47.5624127 ], [ 20.2425256, 47.5587176 ], [ 20.2603215, 47.5558133 ], [ 20.2552443, 47.5474025 ], [ 20.2862024, 47.5432663 ], [ 20.2933819, 47.5339806 ], [ 20.3033951, 47.5181498 ], [ 20.301451, 47.5175667 ], [ 20.3021127, 47.5093984 ], [ 20.2874206, 47.4866872 ], [ 20.2985064, 47.4755626 ], [ 20.336853, 47.4425798 ], [ 20.3520271, 47.4403801 ], [ 20.3633695, 47.4407608 ], [ 20.3803705, 47.4461829 ], [ 20.3820142, 47.4441081 ], [ 20.380171, 47.4416674 ], [ 20.3820849, 47.4401416 ], [ 20.3813695, 47.4370266 ], [ 20.3767869, 47.4360428 ], [ 20.38115, 47.4330623 ], [ 20.3815075, 47.4242873 ], [ 20.3890858, 47.4210713 ], [ 20.398075, 47.4204358 ], [ 20.4206419, 47.4232862 ], [ 20.4387246, 47.4319228 ], [ 20.4481278, 47.4391952 ], [ 20.4473971, 47.4470018 ], [ 20.4511285, 47.4533736 ], [ 20.4694819, 47.4649098 ], [ 20.4898325, 47.4631606 ], [ 20.4999333, 47.4663541 ], [ 20.506833, 47.4704792 ], [ 20.5144122, 47.4799254 ], [ 20.521484, 47.5007565 ], [ 20.574545, 47.5134818 ], [ 20.5876541, 47.5217357 ], [ 20.599801, 47.5259941 ], [ 20.612498, 47.5344661 ], [ 20.6647396, 47.5521792 ], [ 20.6686801, 47.5563735 ], [ 20.6686273, 47.561103 ], [ 20.6676641, 47.5646896 ], [ 20.6630827, 47.5692864 ], [ 20.6638305, 47.5705874 ], [ 20.6850874, 47.5690834 ], [ 20.7018088, 47.5746832 ], [ 20.7073403, 47.5794354 ], [ 20.7092657, 47.5871025 ], [ 20.7074235, 47.5894159 ], [ 20.6972941, 47.5929778 ], [ 20.6958068, 47.5978942 ], [ 20.6971755, 47.6003966 ], [ 20.7030994, 47.6039239 ], [ 20.7164777, 47.6070464 ], [ 20.7158687, 47.6132097 ], [ 20.7207604, 47.6204306 ], [ 20.7153327, 47.6281034 ], [ 20.7154121, 47.6345483 ], [ 20.7328157, 47.6429554 ], [ 20.7493752, 47.6405074 ], [ 20.7586793, 47.6413593 ], [ 20.77175, 47.6544101 ], [ 20.7639178, 47.6564295 ], [ 20.7524344, 47.6672665 ], [ 20.7440003, 47.6677687 ], [ 20.7412736, 47.6708581 ], [ 20.7252176, 47.6798501 ], [ 20.724174, 47.6825304 ], [ 20.7186528, 47.6864159 ], [ 20.7086354, 47.690372 ], [ 20.7041332, 47.6908146 ], [ 20.6876532, 47.6868596 ], [ 20.6771703, 47.694247 ], [ 20.6729785, 47.6863105 ], [ 20.6413981, 47.6863656 ], [ 20.6336341, 47.6906622 ], [ 20.6028445, 47.6983131 ], [ 20.5946184, 47.7064248 ], [ 20.5890388, 47.708402 ], [ 20.5891277, 47.7114439 ], [ 20.5840963, 47.7130355 ], [ 20.577847, 47.7115937 ], [ 20.569011, 47.7181868 ], [ 20.5776405, 47.7237812 ], [ 20.577729, 47.7268294 ], [ 20.5812075, 47.7302107 ], [ 20.5961824, 47.7402935 ], [ 20.5889225, 47.7430554 ], [ 20.5761881, 47.7516035 ], [ 20.5705809, 47.7528178 ], [ 20.5561959, 47.763288 ], [ 20.5500717, 47.7664106 ], [ 20.5461099, 47.7660839 ], [ 20.5422668, 47.7699388 ], [ 20.5412337, 47.7733794 ], [ 20.5310699, 47.77351 ], [ 20.5240247, 47.7838818 ], [ 20.5201468, 47.7865961 ], [ 20.5218808, 47.7880986 ], [ 20.5199415, 47.7916167 ], [ 20.5125489, 47.7977364 ], [ 20.5074962, 47.7989404 ], [ 20.5070423, 47.8031357 ], [ 20.5026223, 47.8066184 ], [ 20.5018489, 47.8195746 ], [ 20.5041011, 47.8191683 ], [ 20.5035729, 47.8206933 ], [ 20.5116951, 47.8282078 ], [ 20.5131129, 47.8384714 ], [ 20.5121296, 47.8438136 ], [ 20.5082997, 47.8484355 ], [ 20.50306, 47.8633503 ], [ 20.4947192, 47.8687842 ], [ 20.4626317, 47.8748937 ], [ 20.4500175, 47.8898953 ], [ 20.4496385, 47.896754 ], [ 20.4479952, 47.8990544 ], [ 20.4526089, 47.9020477 ], [ 20.4605931, 47.9042376 ], [ 20.4629825, 47.9087758 ], [ 20.468129, 47.9106155 ], [ 20.473214, 47.9101752 ], [ 20.4809716, 47.9039879 ], [ 20.4924195, 47.9084134 ], [ 20.4974422, 47.9060641 ], [ 20.4997403, 47.9071819 ], [ 20.4992098, 47.9083288 ], [ 20.4931702, 47.9152582 ], [ 20.4972164, 47.9182506 ], [ 20.4938686, 47.9202011 ], [ 20.5024073, 47.9216128 ], [ 20.5109997, 47.924932 ], [ 20.5116361, 47.9275887 ], [ 20.5178987, 47.9286562 ], [ 20.5108845, 47.9413064 ], [ 20.5034972, 47.9406369 ], [ 20.5007092, 47.9421963 ], [ 20.4984097, 47.9410847 ], [ 20.4878702, 47.94921 ], [ 20.478879, 47.9519858 ], [ 20.4733725, 47.9577672 ], [ 20.4515512, 47.9682991 ], [ 20.4539335, 47.972852 ], [ 20.4613348, 47.9739025 ], [ 20.4613965, 47.9761884 ], [ 20.4708885, 47.9916829 ], [ 20.478272, 47.9919704 ], [ 20.4811884, 47.9949834 ], [ 20.4824381, 47.9991571 ], [ 20.4796878, 48.0022337 ], [ 20.4803653, 48.0064145 ], [ 20.4834389, 48.0151329 ], [ 20.4857206, 48.0154889 ], [ 20.4846789, 48.0189287 ], [ 20.4881172, 48.0200264 ], [ 20.4904933, 48.0238019 ], [ 20.4888793, 48.0272488 ], [ 20.4918296, 48.0314013 ], [ 20.4902771, 48.0367499 ], [ 20.4936157, 48.0423798 ], [ 20.4832001, 48.0478801 ], [ 20.4805515, 48.0547664 ], [ 20.4811764, 48.0566612 ], [ 20.4783827, 48.0586041 ], [ 20.5000525, 48.0617566 ], [ 20.5024844, 48.0674398 ], [ 20.4969788, 48.0735998 ], [ 20.49549, 48.0816121 ], [ 20.4916727, 48.0873729 ], [ 20.4877497, 48.0893238 ], [ 20.4816773, 48.0958742 ], [ 20.4847145, 48.1030684 ], [ 20.4813426, 48.1042501 ], [ 20.4808215, 48.106165 ], [ 20.4844117, 48.1125902 ], [ 20.4833577, 48.1156519 ], [ 20.4782945, 48.1176165 ], [ 20.4767589, 48.1237266 ], [ 20.4779488, 48.1256144 ], [ 20.4740329, 48.1279488 ], [ 20.4757953, 48.1298261 ], [ 20.4741367, 48.1317523 ], [ 20.4684255, 48.1310598 ], [ 20.4656676, 48.1341421 ], [ 20.4635769, 48.1410208 ], [ 20.4591356, 48.1448793 ], [ 20.4512477, 48.1476389 ], [ 20.4558333, 48.149108 ], [ 20.4541712, 48.1506524 ], [ 20.4462006, 48.150364 ], [ 20.4377273, 48.1527517 ], [ 20.4348148, 48.1501219 ], [ 20.4160234, 48.1495816 ], [ 20.4115084, 48.1507746 ], [ 20.4081721, 48.1538622 ], [ 20.3978161, 48.1494157 ], [ 20.39482, 48.1506139 ], [ 20.3870239, 48.149918 ], [ 20.3952244, 48.1368793 ], [ 20.3894161, 48.1323794 ], [ 20.37569, 48.1291098 ], [ 20.3738528, 48.1241798 ], [ 20.3743299, 48.1203697 ], [ 20.3697398, 48.1188975 ], [ 20.3644709, 48.112866 ], [ 20.362195, 48.1125075 ], [ 20.3638588, 48.1109706 ], [ 20.3637726, 48.1075449 ], [ 20.3597288, 48.1049259 ], [ 20.3631225, 48.1045035 ], [ 20.3643278, 48.1017383 ], [ 20.3608086, 48.0974586 ], [ 20.3623449, 48.0936264 ], [ 20.3613956, 48.0922939 ], [ 20.3565561, 48.0916329 ], [ 20.3543387, 48.0939443 ], [ 20.3549312, 48.0950778 ], [ 20.3454099, 48.1005132 ], [ 20.3449027, 48.1031833 ], [ 20.3387167, 48.1055385 ], [ 20.3341477, 48.1048268 ], [ 20.3325301, 48.1082713 ], [ 20.3257509, 48.1098701 ], [ 20.3263802, 48.1125277 ], [ 20.3207566, 48.1148757 ], [ 20.3236706, 48.1178863 ], [ 20.3198317, 48.1236413 ], [ 20.3026619, 48.1192544 ], [ 20.2964811, 48.1219852 ], [ 20.2874141, 48.1232282 ], [ 20.2878972, 48.1197965 ], [ 20.2856069, 48.1190531 ], [ 20.2861139, 48.1163889 ], [ 20.2779705, 48.1084817 ], [ 20.2819296, 48.1076777 ], [ 20.2841235, 48.1046059 ], [ 20.2789106, 48.1004722 ], [ 20.2805766, 48.0985523 ], [ 20.2748091, 48.0951866 ], [ 20.2600774, 48.096865 ], [ 20.2600244, 48.0945791 ], [ 20.255475, 48.0946263 ], [ 20.2491025, 48.0889853 ], [ 20.245179, 48.091306 ], [ 20.2411946, 48.0909688 ], [ 20.240118, 48.0936443 ], [ 20.2213318, 48.0923107 ], [ 20.2043834, 48.0966688 ], [ 20.2039034, 48.1004781 ], [ 20.199968, 48.1028035 ], [ 20.2011642, 48.1054561 ], [ 20.2040382, 48.1065739 ], [ 20.2029257, 48.1077251 ], [ 20.1932938, 48.1093444 ], [ 20.180905, 48.1144101 ], [ 20.177467, 48.1133033 ], [ 20.1701252, 48.1156606 ], [ 20.1707887, 48.1198429 ], [ 20.1685537, 48.1217667 ], [ 20.1691588, 48.1236631 ], [ 20.1675054, 48.1259654 ], [ 20.1652537, 48.1271271 ], [ 20.167595, 48.1301469 ], [ 20.16373, 48.1355189 ], [ 20.1551735, 48.1344541 ], [ 20.1500882, 48.1360266 ], [ 20.1488892, 48.1397478 ], [ 20.1456563, 48.141397 ], [ 20.1269576, 48.144998 ], [ 20.118943, 48.1424075 ], [ 20.1183316, 48.1401268 ], [ 20.1012287, 48.1380023 ], [ 20.0984012, 48.1391679 ], [ 20.0979208, 48.1433608 ], [ 20.0933671, 48.1434017 ], [ 20.0847481, 48.1373855 ], [ 20.0790447, 48.1370595 ], [ 20.0789212, 48.1313408 ], [ 20.0766203, 48.129833 ], [ 20.0782711, 48.1267841 ], [ 20.0748191, 48.1260508 ], [ 20.0713246, 48.1211363 ], [ 20.0673896, 48.123073 ], [ 20.0588561, 48.1239093 ], [ 20.0474949, 48.123227 ], [ 20.0468531, 48.1190401 ], [ 20.0496094, 48.1152404 ], [ 20.041554, 48.1065711 ], [ 20.0324147, 48.1077647 ], [ 20.0186856, 48.1025551 ], [ 20.005603, 48.1022764 ], [ 20.0032827, 48.0996296 ], [ 19.9907171, 48.0966853 ], [ 19.9889777, 48.0940512 ], [ 19.9809887, 48.0925812 ], [ 19.9765192, 48.0956665 ], [ 19.9718549, 48.0911284 ], [ 19.9684584, 48.0900142 ], [ 19.9746246, 48.0850188 ], [ 19.9723099, 48.0831449 ], [ 19.9727783, 48.077766 ], [ 19.9779082, 48.0781121 ], [ 19.9823948, 48.0750288 ], [ 19.986935, 48.0753778 ], [ 19.987426, 48.071208 ], [ 19.9862687, 48.0700773 ], [ 19.9930463, 48.0681202 ], [ 19.9952441, 48.0639138 ], [ 19.9991834, 48.0619794 ], [ 20.0054166, 48.0611662 ], [ 20.0036791, 48.0596562 ], [ 20.0059245, 48.0581135 ], [ 20.0082047, 48.0584788 ], [ 20.0081768, 48.0569548 ], [ 20.0110205, 48.0573093 ], [ 20.0183331, 48.0534441 ], [ 20.0121448, 48.054243 ], [ 20.0080942, 48.0520087 ], [ 20.0108294, 48.0489688 ], [ 20.0113683, 48.0455005 ], [ 20.0136404, 48.0443386 ], [ 20.0107139, 48.041333 ], [ 20.0156645, 48.0313615 ], [ 20.0133615, 48.0287974 ], [ 20.0133104, 48.0242155 ], [ 20.0155396, 48.0215271 ], [ 20.0160153, 48.0176405 ], [ 20.0199628, 48.0154571 ], [ 20.0267127, 48.0153305 ], [ 20.0267018, 48.0130037 ], [ 20.0322979, 48.0095406 ], [ 20.0316758, 48.0076467 ], [ 20.0265276, 48.0084471 ], [ 20.0191438, 48.0055225 ], [ 20.0123615, 48.0062722 ], [ 20.0054516, 48.0044703 ], [ 19.9965328, 48.0072475 ], [ 19.990662, 47.9992275 ], [ 19.9805151, 47.9981971 ], [ 19.9803932, 47.9943274 ], [ 19.9758043, 47.9909837 ], [ 19.975811, 47.9890255 ], [ 19.9813438, 47.9856472 ], [ 19.9813944, 47.9841118 ], [ 19.9864118, 47.9821197 ], [ 19.9863987, 47.9802001 ], [ 19.978375, 47.9776633 ], [ 19.9759678, 47.9735155 ], [ 19.9680975, 47.9735229 ], [ 19.9640899, 47.9716724 ], [ 19.9645802, 47.966339 ], [ 19.9679272, 47.9629289 ], [ 19.9678299, 47.9586687 ], [ 19.9694457, 47.9560394 ], [ 19.9683192, 47.9502693 ], [ 19.9586018, 47.9466382 ], [ 19.95018, 47.946661 ], [ 19.9443837, 47.9437148 ], [ 19.9409475, 47.9440413 ], [ 19.9392239, 47.9421484 ], [ 19.9397253, 47.9398646 ], [ 19.9351219, 47.9341967 ], [ 19.936241, 47.9311374 ], [ 19.9332198, 47.9254607 ], [ 19.925293, 47.923195 ], [ 19.9229992, 47.9216962 ], [ 19.9218305, 47.9183068 ], [ 19.9224659, 47.9232355 ], [ 19.9202238, 47.9236368 ], [ 19.9144244, 47.9160652 ], [ 19.9105079, 47.9191379 ], [ 19.8951774, 47.9169682 ], [ 19.8879598, 47.9234866 ], [ 19.8851228, 47.9242631 ], [ 19.8806815, 47.9303968 ], [ 19.8710527, 47.9304657 ], [ 19.8636534, 47.9274778 ], [ 19.8534813, 47.9294538 ], [ 19.8494907, 47.9279517 ], [ 19.8359112, 47.92881 ], [ 19.8273702, 47.9262134 ], [ 19.8222825, 47.9266197 ], [ 19.8165754, 47.9228457 ], [ 19.8092025, 47.9228954 ], [ 19.811883, 47.9133346 ], [ 19.8095511, 47.9088128 ], [ 19.8140778, 47.9072492 ], [ 19.8094989, 47.9046245 ], [ 19.8117367, 47.9027013 ], [ 19.8207202, 47.8992156 ], [ 19.8224037, 47.8969211 ], [ 19.8303341, 47.8961048 ], [ 19.8348428, 47.8964575 ], [ 19.8317597, 47.8985649 ], [ 19.8337754, 47.8998967 ], [ 19.8371759, 47.8994933 ], [ 19.8411879, 47.901319 ], [ 19.8551442, 47.8909889 ], [ 19.8494775, 47.8902717 ], [ 19.8471697, 47.8872274 ], [ 19.8482412, 47.88305 ], [ 19.8436081, 47.8766056 ], [ 19.8362043, 47.8743583 ], [ 19.8255614, 47.8755658 ], [ 19.8193541, 47.8805591 ], [ 19.8199259, 47.8816912 ], [ 19.813779, 47.8855561 ], [ 19.8002133, 47.8875335 ], [ 19.7968898, 47.8921053 ], [ 19.7772499, 47.9048217 ], [ 19.7681544, 47.9029914 ], [ 19.7674826, 47.8964556 ], [ 19.7595224, 47.8912638 ], [ 19.7594111, 47.8882042 ], [ 19.7657194, 47.8888971 ], [ 19.7667438, 47.8843421 ], [ 19.7627574, 47.8801395 ], [ 19.7642668, 47.8694826 ], [ 19.7602556, 47.864545 ], [ 19.7505941, 47.8600939 ], [ 19.7363423, 47.8502498 ], [ 19.7299911, 47.8426762 ], [ 19.7249094, 47.8407898 ], [ 19.7261159, 47.8400167 ], [ 19.7219236, 47.8345699 ], [ 19.7222416, 47.8305058 ], [ 19.719331, 47.8292396 ], [ 19.7156652, 47.8235213 ], [ 19.720209, 47.8180075 ], [ 19.7042029, 47.8158404 ], [ 19.6965306, 47.8189767 ], [ 19.6865055, 47.8202607 ], [ 19.684101, 47.8113083 ], [ 19.6667602, 47.8103208 ], [ 19.6678073, 47.8027739 ], [ 19.6638671, 47.8001646 ], [ 19.6618376, 47.8015295 ], [ 19.6626985, 47.8030379 ], [ 19.6577206, 47.8028619 ], [ 19.6586813, 47.8051496 ], [ 19.6527428, 47.8083169 ], [ 19.6537908, 47.8106336 ], [ 19.6561089, 47.8112719 ], [ 19.6532933, 47.8134134 ], [ 19.6325441, 47.805837 ], [ 19.6356721, 47.8017 ], [ 19.6361798, 47.7975097 ], [ 19.6412019, 47.7913805 ], [ 19.6427816, 47.7826341 ], [ 19.6456007, 47.7803237 ], [ 19.6427648, 47.7780699 ], [ 19.6392751, 47.7712017 ], [ 19.6387175, 47.7693351 ], [ 19.6426087, 47.7681475 ], [ 19.6392002, 47.7632055 ], [ 19.6294993, 47.754138 ], [ 19.6227727, 47.7594929 ], [ 19.612077, 47.7622227 ], [ 19.6109535, 47.7595645 ], [ 19.6018321, 47.7553974 ], [ 19.5995471, 47.7516191 ], [ 19.5853519, 47.745942 ], [ 19.5709386, 47.7349031 ] ] ] ] } },
{ "type": "Feature", "properties": { "county_name": "SZO", "osm_relation_id": "26935" }, "geometry": { "type": "MultiPolygon", "coordinates": [ [ [ [ 19.6663277, 47.5885507 ], [ 19.6576843, 47.576084 ], [ 19.6556234, 47.5667058 ], [ 19.6510411, 47.5618948 ], [ 19.6585719, 47.5591693 ], [ 19.6526744, 47.5478376 ], [ 19.6823318, 47.5334913 ], [ 19.7027093, 47.5172407 ], [ 19.7107488, 47.5183957 ], [ 19.7178424, 47.5273945 ], [ 19.7289634, 47.5318672 ], [ 19.7362475, 47.5388811 ], [ 19.7460906, 47.5320441 ], [ 19.7521614, 47.5344279 ], [ 19.7547889, 47.5338167 ], [ 19.7571614, 47.5357966 ], [ 19.7678599, 47.5303541 ], [ 19.7772497, 47.5388348 ], [ 19.7910815, 47.5324751 ], [ 19.7866097, 47.5274503 ], [ 19.7699299, 47.5164388 ], [ 19.7690494, 47.5114761 ], [ 19.7638286, 47.5014136 ], [ 19.7469639, 47.4889348 ], [ 19.7587644, 47.4811281 ], [ 19.8037689, 47.4596934 ], [ 19.8191469, 47.4443918 ], [ 19.8265601, 47.4323636 ], [ 19.8246123, 47.4288263 ], [ 19.8379496, 47.4254128 ], [ 19.854515, 47.4137492 ], [ 19.8776474, 47.404291 ], [ 19.9221516, 47.3827091 ], [ 19.9502128, 47.3740794 ], [ 19.9610125, 47.3692779 ], [ 19.9687507, 47.3643699 ], [ 19.9814618, 47.3521017 ], [ 19.9904682, 47.3466309 ], [ 19.9922869, 47.3423847 ], [ 19.9892372, 47.3339861 ], [ 19.9920271, 47.3287868 ], [ 19.9998988, 47.3222889 ], [ 20.0121685, 47.3070069 ], [ 20.0175947, 47.3038896 ], [ 20.0165686, 47.2995059 ], [ 20.0034322, 47.283379 ], [ 19.98827, 47.2530607 ], [ 20.0337575, 47.2427939 ], [ 20.0505324, 47.234929 ], [ 20.0657636, 47.2247097 ], [ 20.0795586, 47.2204027 ], [ 20.080167, 47.2101504 ], [ 20.0849625, 47.2079764 ], [ 20.0989508, 47.1814601 ], [ 20.0846453, 47.1648483 ], [ 20.0710254, 47.1562019 ], [ 20.0635709, 47.1490774 ], [ 20.0558343, 47.1456452 ], [ 20.0554292, 47.1418591 ], [ 20.0477077, 47.1250606 ], [ 20.0559484, 47.1148032 ], [ 20.0586075, 47.108493 ], [ 20.0532655, 47.1056336 ], [ 20.0661576, 47.0937087 ], [ 20.0647999, 47.0891441 ], [ 20.0753187, 47.0839532 ], [ 20.0918724, 47.0440919 ], [ 20.1080063, 47.0396139 ], [ 20.1126537, 47.0329531 ], [ 20.0945144, 47.007552 ], [ 20.1292806, 46.9923768 ], [ 20.1391438, 46.983859 ], [ 20.1306846, 46.9794153 ], [ 20.1266914, 46.9745007 ], [ 20.1282725, 46.9702957 ], [ 20.133747, 46.9656755 ], [ 20.1331086, 46.9618758 ], [ 20.1302681, 46.9588532 ], [ 20.1124367, 46.9571182 ], [ 20.1045706, 46.9530013 ], [ 20.1038741, 46.9461525 ], [ 20.1071546, 46.9381163 ], [ 20.1110145, 46.9365555 ], [ 20.1165531, 46.9407038 ], [ 20.1260693, 46.9436638 ], [ 20.1443548, 46.9408179 ], [ 20.148775, 46.9392567 ], [ 20.1563898, 46.9311808 ], [ 20.1585519, 46.9281164 ], [ 20.1600579, 46.9204839 ], [ 20.1554753, 46.9136731 ], [ 20.1481875, 46.9107003 ], [ 20.1230855, 46.9059875 ], [ 20.1234777, 46.8976036 ], [ 20.1206246, 46.8942028 ], [ 20.093073, 46.8769425 ], [ 20.0858082, 46.8747218 ], [ 20.0944231, 46.8609322 ], [ 20.1070829, 46.8554845 ], [ 20.1152066, 46.8451255 ], [ 20.1146012, 46.8428502 ], [ 20.1034285, 46.8387643 ], [ 20.0784887, 46.8405177 ], [ 20.0707586, 46.8424904 ], [ 20.0612923, 46.8410503 ], [ 20.0434598, 46.8370177 ], [ 20.0416782, 46.8305622 ], [ 20.0244431, 46.8288086 ], [ 20.013824, 46.8243249 ], [ 20.0032543, 46.8225113 ], [ 20.0015503, 46.8206228 ], [ 20.0014622, 46.8156711 ], [ 20.0041654, 46.8118427 ], [ 20.0299533, 46.7963874 ], [ 20.0355077, 46.7971017 ], [ 20.0400459, 46.8023928 ], [ 20.0401586, 46.8084847 ], [ 20.0309156, 46.818848 ], [ 20.0326417, 46.8218826 ], [ 20.0376761, 46.8241199 ], [ 20.0437862, 46.8244508 ], [ 20.0470091, 46.819092 ], [ 20.0613121, 46.8124882 ], [ 20.0611969, 46.8063963 ], [ 20.0616466, 46.8010617 ], [ 20.0664416, 46.7907358 ], [ 20.0802633, 46.7887082 ], [ 20.0835483, 46.7863912 ], [ 20.0867134, 46.7783664 ], [ 20.0916052, 46.773369 ], [ 20.089283, 46.7680597 ], [ 20.0908403, 46.7623306 ], [ 20.1019678, 46.7645151 ], [ 20.1070298, 46.7682738 ], [ 20.1065158, 46.7705658 ], [ 20.1032328, 46.7728836 ], [ 20.1022072, 46.7766989 ], [ 20.1045596, 46.7839106 ], [ 20.1090282, 46.7853937 ], [ 20.1156694, 46.7849534 ], [ 20.1342681, 46.7725911 ], [ 20.1754601, 46.7546668 ], [ 20.1816757, 46.7603199 ], [ 20.1891232, 46.7716692 ], [ 20.1936329, 46.7754359 ], [ 20.1925478, 46.7765873 ], [ 20.1936898, 46.7781007 ], [ 20.1999182, 46.7841308 ], [ 20.2085584, 46.7825438 ], [ 20.2131242, 46.779806 ], [ 20.2198144, 46.7812621 ], [ 20.2226254, 46.783136 ], [ 20.2232423, 46.7861731 ], [ 20.2183034, 46.7885113 ], [ 20.2183782, 46.7919383 ], [ 20.2233926, 46.7930271 ], [ 20.226814, 46.7971819 ], [ 20.2307275, 46.7986661 ], [ 20.2429272, 46.7985385 ], [ 20.2649593, 46.7922117 ], [ 20.275262, 46.7818175 ], [ 20.2845302, 46.7752395 ], [ 20.290451, 46.767563 ], [ 20.3324376, 46.7621434 ], [ 20.3413565, 46.7643296 ], [ 20.3453076, 46.7673281 ], [ 20.3461615, 46.779505 ], [ 20.3523886, 46.7847645 ], [ 20.3623564, 46.7842716 ], [ 20.3801667, 46.7871079 ], [ 20.4040302, 46.7883506 ], [ 20.4068956, 46.7917443 ], [ 20.4169224, 46.7935271 ], [ 20.4248282, 46.7991469 ], [ 20.4243859, 46.8037207 ], [ 20.4218889, 46.814419 ], [ 20.4181537, 46.8201731 ], [ 20.4168623, 46.8346628 ], [ 20.4075039, 46.8595327 ], [ 20.4328746, 46.8744573 ], [ 20.4438164, 46.8895602 ], [ 20.4528609, 46.8955424 ], [ 20.4518189, 46.8982207 ], [ 20.4602842, 46.9030689 ], [ 20.4734681, 46.8975738 ], [ 20.4761518, 46.8941122 ], [ 20.4965123, 46.8904703 ], [ 20.5376938, 46.9001677 ], [ 20.5457832, 46.9061915 ], [ 20.5459771, 46.9142448 ], [ 20.5533871, 46.9169359 ], [ 20.5601001, 46.9133028 ], [ 20.5861152, 46.912102 ], [ 20.5990544, 46.9183984 ], [ 20.6068335, 46.9175359 ], [ 20.6413386, 46.9002966 ], [ 20.6728627, 46.9139481 ], [ 20.6931656, 46.9107678 ], [ 20.7036505, 46.9211176 ], [ 20.7206592, 46.931538 ], [ 20.7202055, 46.9349728 ], [ 20.7270511, 46.9405816 ], [ 20.7277674, 46.9455242 ], [ 20.7256136, 46.9478434 ], [ 20.7274696, 46.9539099 ], [ 20.7258643, 46.9558366 ], [ 20.7125025, 46.9552699 ], [ 20.7042656, 46.9588179 ], [ 20.7054495, 46.9610882 ], [ 20.7116146, 46.9625235 ], [ 20.7237099, 46.9581558 ], [ 20.7265448, 46.9596329 ], [ 20.725587, 46.9646001 ], [ 20.7223668, 46.9684599 ], [ 20.7136118, 46.9731568 ], [ 20.7142351, 46.975429 ], [ 20.7203544, 46.9753395 ], [ 20.7096396, 46.9781533 ], [ 20.7123493, 46.9861252 ], [ 20.7132219, 46.9963968 ], [ 20.7183487, 47.0001281 ], [ 20.7156039, 47.0013089 ], [ 20.7164134, 47.0055307 ], [ 20.7108759, 47.0119804 ], [ 20.7020348, 47.012553 ], [ 20.7081004, 47.035134 ], [ 20.7116402, 47.0338018 ], [ 20.7162375, 47.0344436 ], [ 20.7230283, 47.0304771 ], [ 20.7257867, 47.0340298 ], [ 20.7275013, 47.0434124 ], [ 20.7461369, 47.05114 ], [ 20.7562357, 47.0532707 ], [ 20.7599018, 47.0459815 ], [ 20.7595723, 47.035702 ], [ 20.8064049, 47.0368939 ], [ 20.8114543, 47.0379629 ], [ 20.8028085, 47.046093 ], [ 20.8123216, 47.0474715 ], [ 20.8258559, 47.0522088 ], [ 20.8384091, 47.0611567 ], [ 20.8405883, 47.0595975 ], [ 20.8437047, 47.069455 ], [ 20.8569247, 47.0646715 ], [ 20.8562464, 47.061254 ], [ 20.861325, 47.063083 ], [ 20.8597341, 47.0653895 ], [ 20.8614543, 47.0668873 ], [ 20.8499373, 47.0724008 ], [ 20.8444974, 47.0762928 ], [ 20.8434718, 47.0789808 ], [ 20.852288, 47.0925485 ], [ 20.8439586, 47.0934422 ], [ 20.8475155, 47.0998645 ], [ 20.8476439, 47.1036688 ], [ 20.8450251, 47.1086631 ], [ 20.8447409, 47.1166646 ], [ 20.8683125, 47.120867 ], [ 20.8622415, 47.1228666 ], [ 20.8601341, 47.1263282 ], [ 20.8609209, 47.1331721 ], [ 20.8474773, 47.1482375 ], [ 20.8941643, 47.1745354 ], [ 20.9097515, 47.1731424 ], [ 20.9109622, 47.1757884 ], [ 20.9184356, 47.1817605 ], [ 20.9257361, 47.1827817 ], [ 20.926371, 47.1850589 ], [ 20.9326083, 47.1876221 ], [ 20.9448542, 47.1862794 ], [ 20.9552279, 47.2089404 ], [ 20.9674911, 47.22551 ], [ 20.9773062, 47.2305421 ], [ 20.9876348, 47.2259335 ], [ 20.992091, 47.2321926 ], [ 21.0169813, 47.2492824 ], [ 21.0305648, 47.3562291 ], [ 21.0195827, 47.37889 ], [ 20.9920224, 47.4736966 ], [ 20.9981793, 47.4847316 ], [ 21.0079151, 47.4906658 ], [ 20.9980755, 47.4953541 ], [ 20.9934412, 47.4956854 ], [ 20.9921933, 47.4981508 ], [ 20.9933916, 47.5028605 ], [ 20.9884898, 47.5088943 ], [ 20.9903416, 47.5119845 ], [ 20.9832146, 47.519495 ], [ 20.9918171, 47.5244691 ], [ 20.9964867, 47.5393829 ], [ 20.9943668, 47.5534833 ], [ 20.9944929, 47.5670592 ], [ 20.9838411, 47.5750917 ], [ 20.974098, 47.5855386 ], [ 20.9456249, 47.5960797 ], [ 20.9158178, 47.5854835 ], [ 20.8956357, 47.5822583 ], [ 20.882928, 47.5820133 ], [ 20.866567, 47.5868332 ], [ 20.8549637, 47.5950863 ], [ 20.8423572, 47.5967082 ], [ 20.8335918, 47.6110311 ], [ 20.8268662, 47.625965 ], [ 20.8250006, 47.6337412 ], [ 20.8262675, 47.6369119 ], [ 20.8232036, 47.6409895 ], [ 20.8255559, 47.6441511 ], [ 20.8279707, 47.6590164 ], [ 20.8277791, 47.6626812 ], [ 20.8305676, 47.6689878 ], [ 20.8190615, 47.6704551 ], [ 20.8052916, 47.6801858 ], [ 20.7963503, 47.6826022 ], [ 20.7729563, 47.6741955 ], [ 20.7648455, 47.667461 ], [ 20.7647217, 47.6636571 ], [ 20.77175, 47.6544101 ], [ 20.7586793, 47.6413593 ], [ 20.7493752, 47.6405074 ], [ 20.7328157, 47.6429554 ], [ 20.7154121, 47.6345483 ], [ 20.7153327, 47.6281034 ], [ 20.7207604, 47.6204306 ], [ 20.7158687, 47.6132097 ], [ 20.7164777, 47.6070464 ], [ 20.7030994, 47.6039239 ], [ 20.6971755, 47.6003966 ], [ 20.6958068, 47.5978942 ], [ 20.6972941, 47.5929778 ], [ 20.7074235, 47.5894159 ], [ 20.7092657, 47.5871025 ], [ 20.7073403, 47.5794354 ], [ 20.7018088, 47.5746832 ], [ 20.6850874, 47.5690834 ], [ 20.6638305, 47.5705874 ], [ 20.6630827, 47.5692864 ], [ 20.6676641, 47.5646896 ], [ 20.6686273, 47.561103 ], [ 20.6686801, 47.5563735 ], [ 20.6647396, 47.5521792 ], [ 20.612498, 47.5344661 ], [ 20.599801, 47.5259941 ], [ 20.5876541, 47.5217357 ], [ 20.574545, 47.5134818 ], [ 20.521484, 47.5007565 ], [ 20.5144122, 47.4799254 ], [ 20.506833, 47.4704792 ], [ 20.4999333, 47.4663541 ], [ 20.4898325, 47.4631606 ], [ 20.4694819, 47.4649098 ], [ 20.4511285, 47.4533736 ], [ 20.4473971, 47.4470018 ], [ 20.4481278, 47.4391952 ], [ 20.4387246, 47.4319228 ], [ 20.4206419, 47.4232862 ], [ 20.398075, 47.4204358 ], [ 20.3890858, 47.4210713 ], [ 20.3815075, 47.4242873 ], [ 20.38115, 47.4330623 ], [ 20.3767869, 47.4360428 ], [ 20.3813695, 47.4370266 ], [ 20.3820849, 47.4401416 ], [ 20.380171, 47.4416674 ], [ 20.3820142, 47.4441081 ], [ 20.3803705, 47.4461829 ], [ 20.3633695, 47.4407608 ], [ 20.3520271, 47.4403801 ], [ 20.336853, 47.4425798 ], [ 20.2985064, 47.4755626 ], [ 20.2874206, 47.4866872 ], [ 20.3021127, 47.5093984 ], [ 20.301451, 47.5175667 ], [ 20.3033951, 47.5181498 ], [ 20.2933819, 47.5339806 ], [ 20.2862024, 47.5432663 ], [ 20.2552443, 47.5474025 ], [ 20.2603215, 47.5558133 ], [ 20.2425256, 47.5587176 ], [ 20.2351216, 47.5624127 ], [ 20.2311555, 47.5617278 ], [ 20.2284542, 47.5668113 ], [ 20.2317095, 47.570479 ], [ 20.2265492, 47.5738024 ], [ 20.2261369, 47.5798252 ], [ 20.214232, 47.5834672 ], [ 20.2098462, 47.5964994 ], [ 20.2086437, 47.6076595 ], [ 20.1745153, 47.6073784 ], [ 20.1577645, 47.6021543 ], [ 20.138802, 47.5999722 ], [ 20.120735, 47.5955487 ], [ 20.1029847, 47.58975 ], [ 20.1079401, 47.5862034 ], [ 20.1103792, 47.5793365 ], [ 20.1167973, 47.5718841 ], [ 20.1318103, 47.5651827 ], [ 20.1214247, 47.5611529 ], [ 20.1123158, 47.5533075 ], [ 20.0522297, 47.5699624 ], [ 20.045098, 47.5701617 ], [ 20.0359105, 47.5762783 ], [ 20.019091, 47.580968 ], [ 20.0114377, 47.5899967 ], [ 20.0052841, 47.5941688 ], [ 20.0081868, 47.5960169 ], [ 20.0190928, 47.6155965 ], [ 20.0069224, 47.6283705 ], [ 20.0034832, 47.6540569 ], [ 20.000928, 47.6548063 ], [ 20.0037133, 47.6585992 ], [ 20.002991, 47.6611334 ], [ 20.0000198, 47.6632075 ], [ 19.999891, 47.6675432 ], [ 19.9972794, 47.6710096 ], [ 19.9934127, 47.6731864 ], [ 19.9743701, 47.6734 ], [ 19.973383, 47.6761752 ], [ 19.9707164, 47.6766661 ], [ 19.9618403, 47.6673209 ], [ 19.9311644, 47.6616286 ], [ 19.9114121, 47.6544481 ], [ 19.8896034, 47.6614051 ], [ 19.8849331, 47.665628 ], [ 19.8766224, 47.6681287 ], [ 19.8748645, 47.6658428 ], [ 19.8691811, 47.6400853 ], [ 19.8720156, 47.6308774 ], [ 19.8569319, 47.6267451 ], [ 19.8450547, 47.6211986 ], [ 19.8364233, 47.6058191 ], [ 19.8299392, 47.603629 ], [ 19.8185615, 47.5939211 ], [ 19.7727966, 47.6161891 ], [ 19.7682795, 47.6160855 ], [ 19.7583725, 47.6210568 ], [ 19.7420066, 47.6201559 ], [ 19.7259631, 47.6134562 ], [ 19.7129736, 47.6114589 ], [ 19.7022184, 47.6065723 ], [ 19.7047698, 47.5858114 ], [ 19.6958591, 47.5850329 ], [ 19.691856, 47.5880366 ], [ 19.6791947, 47.5917446 ], [ 19.6663277, 47.5885507 ] ] ] ] } },
{ "type": "Feature", "properties": { "county_name": "KOM", "osm_relation_id": "22252" }, "geometry": { "type": "MultiPolygon", "coordinates": [ [ [ [ 17.8947759, 47.7393637 ], [ 17.8993062, 47.7251688 ], [ 17.9025804, 47.7046386 ], [ 17.9020939, 47.7008287 ], [ 17.8900788, 47.6831893 ], [ 17.8969483, 47.6783123 ], [ 17.9010418, 47.6714986 ], [ 17.893192, 47.6436252 ], [ 17.8876968, 47.637472 ], [ 17.8952616, 47.6265099 ], [ 17.9337681, 47.6162213 ], [ 17.9293978, 47.610087 ], [ 17.9224579, 47.5921275 ], [ 17.918609, 47.5879005 ], [ 17.9124752, 47.5851755 ], [ 17.9232604, 47.5810914 ], [ 17.9051504, 47.5595879 ], [ 17.9261333, 47.5514144 ], [ 17.9288555, 47.5560146 ], [ 17.9362793, 47.5503721 ], [ 17.9368946, 47.5480911 ], [ 17.9094792, 47.5413539 ], [ 17.9038035, 47.5439628 ], [ 17.8885727, 47.5460979 ], [ 17.8873388, 47.5510312 ], [ 17.8845542, 47.5498629 ], [ 17.8841466, 47.5430042 ], [ 17.8864301, 47.5411245 ], [ 17.8870643, 47.5380816 ], [ 17.8849472, 47.531968 ], [ 17.8889892, 47.5270629 ], [ 17.8917727, 47.5282312 ], [ 17.900512, 47.514231 ], [ 17.9113562, 47.5063371 ], [ 17.906932, 47.5032504 ], [ 17.9098535, 47.4979492 ], [ 17.9076127, 47.4975428 ], [ 17.9041897, 47.4997959 ], [ 17.8842255, 47.488174 ], [ 17.8843007, 47.4847474 ], [ 17.8895108, 47.478303 ], [ 17.8832852, 47.4797851 ], [ 17.8743432, 47.4777918 ], [ 17.8772497, 47.4732536 ], [ 17.8733961, 47.469787 ], [ 17.8853173, 47.4638154 ], [ 17.8719427, 47.4594901 ], [ 17.8708528, 47.4579543 ], [ 17.8760562, 47.4511525 ], [ 17.8827549, 47.452745 ], [ 17.8839036, 47.45161 ], [ 17.8897283, 47.4417708 ], [ 17.8875565, 47.4383216 ], [ 17.8944699, 47.4303957 ], [ 17.8945112, 47.4284934 ], [ 17.8901103, 47.4242596 ], [ 17.8907594, 47.4204544 ], [ 17.8846714, 47.4165876 ], [ 17.8771063, 47.4035636 ], [ 17.8778225, 47.3963318 ], [ 17.8762189, 47.3928942 ], [ 17.8841328, 47.3899251 ], [ 17.8999741, 47.3832292 ], [ 17.9055928, 47.382907 ], [ 17.9155357, 47.3894757 ], [ 17.9217034, 47.3895362 ], [ 17.9284851, 47.3873153 ], [ 17.934063, 47.388516 ], [ 17.9385905, 47.3862726 ], [ 17.9420521, 47.3817381 ], [ 17.9454264, 47.3813862 ], [ 17.9471601, 47.3787377 ], [ 17.9493962, 47.3791433 ], [ 17.9507148, 47.369636 ], [ 17.9457264, 47.3669233 ], [ 17.9339855, 47.3656637 ], [ 17.9273352, 47.3617936 ], [ 17.9357193, 47.3630153 ], [ 17.9566589, 47.3529334 ], [ 17.961802, 47.3480362 ], [ 17.9613704, 47.3419396 ], [ 17.9631487, 47.3370042 ], [ 17.9615415, 47.3335616 ], [ 17.9632264, 47.3331933 ], [ 17.9676087, 47.3378085 ], [ 17.9720626, 47.3393687 ], [ 17.9754646, 47.3374977 ], [ 17.9889078, 47.3372441 ], [ 17.9945815, 47.3338688 ], [ 18.0034588, 47.3381395 ], [ 18.0113055, 47.3378261 ], [ 18.020229, 47.3398089 ], [ 18.0241706, 47.3387036 ], [ 18.0292989, 47.3341813 ], [ 18.0360092, 47.3346186 ], [ 18.0342232, 47.3403173 ], [ 18.0536228, 47.3511467 ], [ 18.0686787, 47.3550874 ], [ 18.0826706, 47.3559678 ], [ 18.0882212, 47.3586793 ], [ 18.0808127, 47.36585 ], [ 18.0800948, 47.3742233 ], [ 18.0839825, 47.3761586 ], [ 18.0861645, 47.3796042 ], [ 18.0866314, 47.3845601 ], [ 18.0921359, 47.3906961 ], [ 18.1060264, 47.3976672 ], [ 18.1093107, 47.4018774 ], [ 18.1114541, 47.4068512 ], [ 18.1108379, 47.4110314 ], [ 18.1050688, 47.4197416 ], [ 18.1184415, 47.4251801 ], [ 18.1200549, 47.4290046 ], [ 18.1142476, 47.4403799 ], [ 18.1158545, 47.4445825 ], [ 18.1253662, 47.4465616 ], [ 18.137615, 47.4519888 ], [ 18.1432914, 47.4486062 ], [ 18.1512885, 47.4402958 ], [ 18.158564, 47.4411082 ], [ 18.1607598, 47.4441743 ], [ 18.1719098, 47.4488271 ], [ 18.1798341, 47.4446975 ], [ 18.1848788, 47.4451196 ], [ 18.194877, 47.4516641 ], [ 18.1948158, 47.4554751 ], [ 18.1919866, 47.4569726 ], [ 18.194724, 47.4611824 ], [ 18.1951773, 47.4676621 ], [ 18.1888675, 47.4763723 ], [ 18.1995271, 47.4768292 ], [ 18.219379, 47.4640269 ], [ 18.2278211, 47.4629469 ], [ 18.2413586, 47.4584748 ], [ 18.2397645, 47.4527496 ], [ 18.2420234, 47.4520031 ], [ 18.2409344, 47.4497148 ], [ 18.2432393, 47.4459195 ], [ 18.2404757, 47.4432353 ], [ 18.2478963, 47.43453 ], [ 18.2614621, 47.4281531 ], [ 18.2715834, 47.4266971 ], [ 18.2777945, 47.4240738 ], [ 18.2806526, 47.4202814 ], [ 18.2807021, 47.4168546 ], [ 18.2852501, 47.4123172 ], [ 18.3116515, 47.3990614 ], [ 18.3171, 47.4032208 ], [ 18.320951, 47.4033329 ], [ 18.3258903, 47.4064892 ], [ 18.3306279, 47.4160116 ], [ 18.3399741, 47.4102445 ], [ 18.3426868, 47.4102002 ], [ 18.3475214, 47.4126407 ], [ 18.3773852, 47.4182023 ], [ 18.373198, 47.4194212 ], [ 18.3660504, 47.4265025 ], [ 18.3600512, 47.428323 ], [ 18.3509458, 47.4362984 ], [ 18.3516778, 47.4420545 ], [ 18.3569559, 47.4454438 ], [ 18.3638056, 47.4535517 ], [ 18.3704803, 47.4581585 ], [ 18.3779792, 47.4602533 ], [ 18.3924308, 47.4489834 ], [ 18.3968513, 47.4517821 ], [ 18.3995867, 47.4513357 ], [ 18.4011044, 47.4524009 ], [ 18.4003929, 47.4541463 ], [ 18.4069711, 47.4583669 ], [ 18.4113886, 47.4648675 ], [ 18.4197458, 47.469865 ], [ 18.4279847, 47.4858985 ], [ 18.4369573, 47.4870928 ], [ 18.4397027, 47.4924369 ], [ 18.4493246, 47.485633 ], [ 18.4515819, 47.4848824 ], [ 18.4554956, 47.4864271 ], [ 18.4617677, 47.4780804 ], [ 18.4747646, 47.4705292 ], [ 18.4752901, 47.4743431 ], [ 18.4786289, 47.4766402 ], [ 18.4814388, 47.476276 ], [ 18.4814022, 47.4797029 ], [ 18.4797082, 47.4808349 ], [ 18.4813779, 47.4819834 ], [ 18.4796879, 47.4827373 ], [ 18.4830324, 47.4854185 ], [ 18.4801853, 47.4892159 ], [ 18.486939, 47.4877243 ], [ 18.4897254, 47.4896404 ], [ 18.4896974, 47.4923051 ], [ 18.493055, 47.4938457 ], [ 18.4913476, 47.495362 ], [ 18.4930311, 47.4961324 ], [ 18.5003509, 47.4938806 ], [ 18.5064886, 47.4980988 ], [ 18.5121579, 47.4935579 ], [ 18.5186977, 47.4920909 ], [ 18.527501, 47.4849586 ], [ 18.5442838, 47.4822747 ], [ 18.5306789, 47.4947826 ], [ 18.5306158, 47.5012521 ], [ 18.5204799, 47.5034931 ], [ 18.5068847, 47.5148516 ], [ 18.5023651, 47.5167329 ], [ 18.4978031, 47.5235653 ], [ 18.4966225, 47.5288955 ], [ 18.4938218, 47.5281198 ], [ 18.4943282, 47.5330676 ], [ 18.4926088, 47.5364863 ], [ 18.4965433, 47.5365052 ], [ 18.492557, 47.5414376 ], [ 18.4891683, 47.5425615 ], [ 18.4851646, 47.5490181 ], [ 18.4890398, 47.5547506 ], [ 18.5217371, 47.5560211 ], [ 18.5267219, 47.5541643 ], [ 18.5295336, 47.5549392 ], [ 18.5346248, 47.5519129 ], [ 18.549077, 47.569489 ], [ 18.5609089, 47.5672589 ], [ 18.5765919, 47.5745558 ], [ 18.5867258, 47.5738344 ], [ 18.5929451, 47.570432 ], [ 18.6171815, 47.5648173 ], [ 18.6222198, 47.5678787 ], [ 18.6227478, 47.5716918 ], [ 18.6300726, 47.570572 ], [ 18.644116, 47.5732865 ], [ 18.6644256, 47.5703953 ], [ 18.6722582, 47.5714788 ], [ 18.6778628, 47.5753018 ], [ 18.6851699, 47.5753249 ], [ 18.6885359, 47.577244 ], [ 18.6980458, 47.5848892 ], [ 18.7210552, 47.5948529 ], [ 18.721609, 47.5971411 ], [ 18.7193343, 47.6005616 ], [ 18.7204118, 47.6085586 ], [ 18.738949, 47.614701 ], [ 18.7434072, 47.623469 ], [ 18.7709171, 47.6383856 ], [ 18.7726191, 47.6372494 ], [ 18.7821786, 47.6395583 ], [ 18.7759596, 47.6437268 ], [ 18.7742489, 47.648296 ], [ 18.7482626, 47.6611769 ], [ 18.7601066, 47.6589203 ], [ 18.7786966, 47.6608673 ], [ 18.7814817, 47.6669651 ], [ 18.7803323, 47.6711515 ], [ 18.8017843, 47.6643453 ], [ 18.811952, 47.6571348 ], [ 18.8204094, 47.6567674 ], [ 18.8294371, 47.6537421 ], [ 18.8435113, 47.6568103 ], [ 18.8649454, 47.6511388 ], [ 18.8649336, 47.6545656 ], [ 18.8621115, 47.6564635 ], [ 18.8637871, 47.659893 ], [ 18.8637568, 47.668649 ], [ 18.859788, 47.6754962 ], [ 18.8597786, 47.6781608 ], [ 18.8546911, 47.6819572 ], [ 18.8535444, 47.6869065 ], [ 18.8467598, 47.6926083 ], [ 18.8557659, 47.6968125 ], [ 18.8518109, 47.6990863 ], [ 18.8551609, 47.7067076 ], [ 18.8517644, 47.711653 ], [ 18.8534453, 47.7139362 ], [ 18.8664128, 47.7154815 ], [ 18.868665, 47.7173874 ], [ 18.8748792, 47.7151164 ], [ 18.8799516, 47.7166482 ], [ 18.8827727, 47.71589 ], [ 18.8867068, 47.7204625 ], [ 18.8934729, 47.7208496 ], [ 18.904763, 47.7189617 ], [ 18.9188821, 47.7125088 ], [ 18.9211469, 47.7098468 ], [ 18.9329797, 47.7144259 ], [ 18.9419843, 47.7247146 ], [ 18.9340796, 47.7281339 ], [ 18.9346358, 47.7300368 ], [ 18.9312478, 47.7338382 ], [ 18.9244652, 47.7357398 ], [ 18.9199445, 47.7403018 ], [ 18.9193694, 47.7425877 ], [ 18.9250021, 47.7498251 ], [ 18.9227277, 47.7559139 ], [ 18.9229168, 47.7600303 ], [ 18.9272184, 47.7650585 ], [ 18.9136609, 47.7696106 ], [ 18.9102597, 47.7734113 ], [ 18.9057079, 47.7878746 ], [ 18.9055631, 47.7964037 ], [ 18.9022756, 47.8023391 ], [ 18.896048, 47.8061358 ], [ 18.8819069, 47.8106833 ], [ 18.8508131, 47.8144457 ], [ 18.8485063, 47.8183742 ], [ 18.8480126, 47.8159239 ], [ 18.7923085, 47.8227397 ], [ 18.7414253, 47.8138927 ], [ 18.7328268, 47.8076507 ], [ 18.7290279, 47.7929459 ], [ 18.7224485, 47.7868438 ], [ 18.705044, 47.7769606 ], [ 18.6935157, 47.7734142 ], [ 18.6751258, 47.7648251 ], [ 18.6550601, 47.7600215 ], [ 18.6168563, 47.7573469 ], [ 18.5660113, 47.7660926 ], [ 18.5378012, 47.7643151 ], [ 18.5205463, 47.7568075 ], [ 18.492465, 47.7526103 ], [ 18.4856757, 47.754302 ], [ 18.472447, 47.7617023 ], [ 18.4529767, 47.7651375 ], [ 18.4459618, 47.7635415 ], [ 18.4299443, 47.75578 ], [ 18.3930894, 47.7513588 ], [ 18.3722725, 47.7445704 ], [ 18.3235185, 47.7354595 ], [ 18.2901028, 47.7311798 ], [ 18.2767124, 47.7329902 ], [ 18.2624023, 47.7380232 ], [ 18.2262857, 47.7417642 ], [ 18.2124797, 47.7420834 ], [ 18.1962475, 47.7399167 ], [ 18.1751776, 47.7407837 ], [ 18.1309309, 47.7503261 ], [ 18.0846265, 47.7565393 ], [ 18.0354373, 47.7564803 ], [ 18.0266429, 47.7547862 ], [ 18.0096038, 47.7481555 ], [ 18.0022686, 47.7471625 ], [ 17.9932556, 47.7487518 ], [ 17.9784571, 47.7559793 ], [ 17.9706706, 47.7568677 ], [ 17.964675, 47.7556728 ], [ 17.9444171, 47.7445751 ], [ 17.916278, 47.7439648 ], [ 17.903348, 47.7400548 ], [ 17.8947759, 47.7393637 ] ] ] ] } },
{ "type": "Feature", "properties": { "county_name": "NOG", "osm_relation_id": "22274" }, "geometry": { "type": "MultiPolygon", "coordinates": [ [ [ [ 18.928061, 48.057122 ], [ 18.9421635, 48.0425003 ], [ 18.9471124, 48.0403998 ], [ 18.9542416, 48.0300264 ], [ 18.9587918, 48.0268362 ], [ 18.9623311, 48.028743 ], [ 18.9681202, 48.02843 ], [ 18.9754415, 48.0244444 ], [ 18.9810058, 48.0281036 ], [ 18.9902822, 48.0293173 ], [ 18.9954803, 48.0273764 ], [ 19.0007373, 48.0186517 ], [ 19.0054965, 48.0170992 ], [ 19.0004061, 48.0099005 ], [ 19.0072161, 48.0102792 ], [ 19.0072372, 48.0080005 ], [ 19.002132, 48.0042201 ], [ 19.0020847, 48.0022839 ], [ 19.0043823, 48.0015064 ], [ 19.0049697, 47.9916478 ], [ 18.9890993, 47.9878025 ], [ 18.9942002, 47.9794437 ], [ 18.9409537, 47.9542819 ], [ 18.9409686, 47.9527513 ], [ 18.9489069, 47.9489439 ], [ 18.9432397, 47.9440015 ], [ 18.9460804, 47.9405807 ], [ 18.9579946, 47.9344997 ], [ 18.9602578, 47.9318371 ], [ 18.9614004, 47.926503 ], [ 18.9676394, 47.921563 ], [ 18.9738756, 47.9177564 ], [ 18.9869017, 47.9150995 ], [ 19.0033392, 47.8979744 ], [ 19.0135328, 47.8918869 ], [ 19.0282452, 47.889988 ], [ 19.037873, 47.8816118 ], [ 19.0457939, 47.8781856 ], [ 19.0463557, 47.8762834 ], [ 19.0435286, 47.8740031 ], [ 19.0460521, 47.869854 ], [ 19.0442245, 47.8668739 ], [ 19.047508, 47.8615709 ], [ 19.0557305, 47.8583068 ], [ 19.0583585, 47.8598154 ], [ 19.0649411, 47.8588077 ], [ 19.0742826, 47.8531176 ], [ 19.073538, 47.8458922 ], [ 19.0856212, 47.8405484 ], [ 19.0861329, 47.8381701 ], [ 19.0901171, 47.8402696 ], [ 19.0861713, 47.8426361 ], [ 19.0903598, 47.8405144 ], [ 19.0963257, 47.8410481 ], [ 19.098684, 47.8419114 ], [ 19.101109, 47.8473591 ], [ 19.108631, 47.8506878 ], [ 19.1424436, 47.8494325 ], [ 19.1553747, 47.8478708 ], [ 19.163965, 47.8444902 ], [ 19.1678677, 47.8459144 ], [ 19.1682678, 47.8485848 ], [ 19.1779307, 47.846938 ], [ 19.1802279, 47.8490392 ], [ 19.2079771, 47.8418869 ], [ 19.2084124, 47.8387694 ], [ 19.2204246, 47.8351793 ], [ 19.2221505, 47.8313725 ], [ 19.2307439, 47.8251908 ], [ 19.2339116, 47.8266267 ], [ 19.2515861, 47.8253045 ], [ 19.2603824, 47.827539 ], [ 19.2753965, 47.8247562 ], [ 19.3245384, 47.8325678 ], [ 19.3307742, 47.8313456 ], [ 19.3421337, 47.8240051 ], [ 19.3554043, 47.8186005 ], [ 19.3759802, 47.8186606 ], [ 19.3786651, 47.8189722 ], [ 19.3807449, 47.8213334 ], [ 19.3938598, 47.8220424 ], [ 19.3998246, 47.8189149 ], [ 19.4068294, 47.8185707 ], [ 19.4118411, 47.8159823 ], [ 19.4253546, 47.8165797 ], [ 19.4309865, 47.81129 ], [ 19.4360038, 47.8095143 ], [ 19.4461819, 47.802244 ], [ 19.4271444, 47.7966311 ], [ 19.4210429, 47.7809129 ], [ 19.4152397, 47.7775589 ], [ 19.4149654, 47.7718704 ], [ 19.4177252, 47.7711003 ], [ 19.4241226, 47.7728925 ], [ 19.433299, 47.7687958 ], [ 19.4446706, 47.7682294 ], [ 19.4465681, 47.7605238 ], [ 19.4440983, 47.7557251 ], [ 19.4346257, 47.7495143 ], [ 19.4327581, 47.7429052 ], [ 19.433885, 47.7386012 ], [ 19.4370951, 47.7325494 ], [ 19.4438519, 47.7282639 ], [ 19.4524332, 47.7151821 ], [ 19.4656149, 47.7118175 ], [ 19.4678452, 47.7021946 ], [ 19.4772471, 47.6877951 ], [ 19.5010104, 47.6955939 ], [ 19.5089451, 47.6959454 ], [ 19.5112284, 47.6984356 ], [ 19.5087962, 47.7040636 ], [ 19.5041166, 47.7062244 ], [ 19.4895607, 47.7072035 ], [ 19.4910224, 47.7128385 ], [ 19.4961284, 47.7178413 ], [ 19.5184105, 47.7232911 ], [ 19.520114, 47.7282061 ], [ 19.526864, 47.7304659 ], [ 19.5329596, 47.7396865 ], [ 19.5411357, 47.7464039 ], [ 19.5649396, 47.7384961 ], [ 19.5709386, 47.7349031 ], [ 19.5853519, 47.745942 ], [ 19.5995471, 47.7516191 ], [ 19.6018321, 47.7553974 ], [ 19.6109535, 47.7595645 ], [ 19.612077, 47.7622227 ], [ 19.6227727, 47.7594929 ], [ 19.6294993, 47.754138 ], [ 19.6392002, 47.7632055 ], [ 19.6426087, 47.7681475 ], [ 19.6387175, 47.7693351 ], [ 19.6392751, 47.7712017 ], [ 19.6427648, 47.7780699 ], [ 19.6456007, 47.7803237 ], [ 19.6427816, 47.7826341 ], [ 19.6412019, 47.7913805 ], [ 19.6361798, 47.7975097 ], [ 19.6356721, 47.8017 ], [ 19.6325441, 47.805837 ], [ 19.6532933, 47.8134134 ], [ 19.6561089, 47.8112719 ], [ 19.6537908, 47.8106336 ], [ 19.6527428, 47.8083169 ], [ 19.6586813, 47.8051496 ], [ 19.6577206, 47.8028619 ], [ 19.6626985, 47.8030379 ], [ 19.6618376, 47.8015295 ], [ 19.6638671, 47.8001646 ], [ 19.6678073, 47.8027739 ], [ 19.6667602, 47.8103208 ], [ 19.684101, 47.8113083 ], [ 19.6865055, 47.8202607 ], [ 19.6965306, 47.8189767 ], [ 19.7042029, 47.8158404 ], [ 19.720209, 47.8180075 ], [ 19.7156652, 47.8235213 ], [ 19.719331, 47.8292396 ], [ 19.7222416, 47.8305058 ], [ 19.7219236, 47.8345699 ], [ 19.7261159, 47.8400167 ], [ 19.7249094, 47.8407898 ], [ 19.7299911, 47.8426762 ], [ 19.7363423, 47.8502498 ], [ 19.7505941, 47.8600939 ], [ 19.7602556, 47.864545 ], [ 19.7642668, 47.8694826 ], [ 19.7627574, 47.8801395 ], [ 19.7667438, 47.8843421 ], [ 19.7657194, 47.8888971 ], [ 19.7594111, 47.8882042 ], [ 19.7595224, 47.8912638 ], [ 19.7674826, 47.8964556 ], [ 19.7681544, 47.9029914 ], [ 19.7772499, 47.9048217 ], [ 19.7968898, 47.8921053 ], [ 19.8002133, 47.8875335 ], [ 19.813779, 47.8855561 ], [ 19.8199259, 47.8816912 ], [ 19.8193541, 47.8805591 ], [ 19.8255614, 47.8755658 ], [ 19.8362043, 47.8743583 ], [ 19.8436081, 47.8766056 ], [ 19.8482412, 47.88305 ], [ 19.8471697, 47.8872274 ], [ 19.8494775, 47.8902717 ], [ 19.8551442, 47.8909889 ], [ 19.8411879, 47.901319 ], [ 19.8371759, 47.8994933 ], [ 19.8337754, 47.8998967 ], [ 19.8317597, 47.8985649 ], [ 19.8348428, 47.8964575 ], [ 19.8303341, 47.8961048 ], [ 19.8224037, 47.8969211 ], [ 19.8207202, 47.8992156 ], [ 19.8117367, 47.9027013 ], [ 19.8094989, 47.9046245 ], [ 19.8140778, 47.9072492 ], [ 19.8095511, 47.9088128 ], [ 19.811883, 47.9133346 ], [ 19.8092025, 47.9228954 ], [ 19.8165754, 47.9228457 ], [ 19.8222825, 47.9266197 ], [ 19.8273702, 47.9262134 ], [ 19.8359112, 47.92881 ], [ 19.8494907, 47.9279517 ], [ 19.8534813, 47.9294538 ], [ 19.8636534, 47.9274778 ], [ 19.8710527, 47.9304657 ], [ 19.8806815, 47.9303968 ], [ 19.8851228, 47.9242631 ], [ 19.8879598, 47.9234866 ], [ 19.8951774, 47.9169682 ], [ 19.9105079, 47.9191379 ], [ 19.9144244, 47.9160652 ], [ 19.9202238, 47.9236368 ], [ 19.9224659, 47.9232355 ], [ 19.9218305, 47.9183068 ], [ 19.9229992, 47.9216962 ], [ 19.925293, 47.923195 ], [ 19.9332198, 47.9254607 ], [ 19.936241, 47.9311374 ], [ 19.9351219, 47.9341967 ], [ 19.9397253, 47.9398646 ], [ 19.9392239, 47.9421484 ], [ 19.9409475, 47.9440413 ], [ 19.9443837, 47.9437148 ], [ 19.95018, 47.946661 ], [ 19.9586018, 47.9466382 ], [ 19.9683192, 47.9502693 ], [ 19.9694457, 47.9560394 ], [ 19.9678299, 47.9586687 ], [ 19.9679272, 47.9629289 ], [ 19.9645802, 47.966339 ], [ 19.9640899, 47.9716724 ], [ 19.9680975, 47.9735229 ], [ 19.9759678, 47.9735155 ], [ 19.978375, 47.9776633 ], [ 19.9863987, 47.9802001 ], [ 19.9864118, 47.9821197 ], [ 19.9813944, 47.9841118 ], [ 19.9813438, 47.9856472 ], [ 19.975811, 47.9890255 ], [ 19.9758043, 47.9909837 ], [ 19.9803932, 47.9943274 ], [ 19.9805151, 47.9981971 ], [ 19.990662, 47.9992275 ], [ 19.9965328, 48.0072475 ], [ 20.0054516, 48.0044703 ], [ 20.0123615, 48.0062722 ], [ 20.0191438, 48.0055225 ], [ 20.0265276, 48.0084471 ], [ 20.0316758, 48.0076467 ], [ 20.0322979, 48.0095406 ], [ 20.0267018, 48.0130037 ], [ 20.0267127, 48.0153305 ], [ 20.0199628, 48.0154571 ], [ 20.0160153, 48.0176405 ], [ 20.0155396, 48.0215271 ], [ 20.0133104, 48.0242155 ], [ 20.0133615, 48.0287974 ], [ 20.0156645, 48.0313615 ], [ 20.0107139, 48.041333 ], [ 20.0136404, 48.0443386 ], [ 20.0113683, 48.0455005 ], [ 20.0108294, 48.0489688 ], [ 20.0080942, 48.0520087 ], [ 20.0121448, 48.054243 ], [ 20.0183331, 48.0534441 ], [ 20.0110205, 48.0573093 ], [ 20.0081768, 48.0569548 ], [ 20.0082047, 48.0584788 ], [ 20.0059245, 48.0581135 ], [ 20.0036791, 48.0596562 ], [ 20.0054166, 48.0611662 ], [ 19.9991834, 48.0619794 ], [ 19.9952441, 48.0639138 ], [ 19.9930463, 48.0681202 ], [ 19.9862687, 48.0700773 ], [ 19.987426, 48.071208 ], [ 19.986935, 48.0753778 ], [ 19.9823948, 48.0750288 ], [ 19.9779082, 48.0781121 ], [ 19.9727783, 48.077766 ], [ 19.9723099, 48.0831449 ], [ 19.9746246, 48.0850188 ], [ 19.9684584, 48.0900142 ], [ 19.9718549, 48.0911284 ], [ 19.9765192, 48.0956665 ], [ 19.9809887, 48.0925812 ], [ 19.9889777, 48.0940512 ], [ 19.9907171, 48.0966853 ], [ 20.0032827, 48.0996296 ], [ 20.005603, 48.1022764 ], [ 20.0186856, 48.1025551 ], [ 20.0324147, 48.1077647 ], [ 20.041554, 48.1065711 ], [ 20.0496094, 48.1152404 ], [ 20.0468531, 48.1190401 ], [ 20.0474949, 48.123227 ], [ 20.0588561, 48.1239093 ], [ 20.0673896, 48.123073 ], [ 20.0713246, 48.1211363 ], [ 20.0748191, 48.1260508 ], [ 20.0782711, 48.1267841 ], [ 20.0766203, 48.129833 ], [ 20.0789212, 48.1313408 ], [ 20.0790447, 48.1370595 ], [ 20.0847481, 48.1373855 ], [ 20.0933671, 48.1434017 ], [ 20.088997, 48.1521958 ], [ 20.0861859, 48.1533271 ], [ 20.0804545, 48.1518937 ], [ 20.0765414, 48.1553547 ], [ 20.0721768, 48.1532487 ], [ 20.0657228, 48.1546875 ], [ 20.063512, 48.1581331 ], [ 20.0647404, 48.1607849 ], [ 20.0630064, 48.1611798 ], [ 20.0635934, 48.1623209 ], [ 20.0608099, 48.1653873 ], [ 20.0619858, 48.1672793 ], [ 20.0585836, 48.1680709 ], [ 20.0545652, 48.1662035 ], [ 20.0519069, 48.1677197 ], [ 20.044277, 48.167282 ], [ 20.043029, 48.17313 ], [ 20.033453, 48.175121 ], [ 20.029038, 48.177685 ], [ 20.016257, 48.175927 ], [ 20.016246, 48.173851 ], [ 20.012163, 48.172277 ], [ 20.003544, 48.172283 ], [ 19.997649, 48.168472 ], [ 19.991441, 48.168399 ], [ 19.988706, 48.162168 ], [ 19.984583, 48.162779 ], [ 19.980901, 48.165583 ], [ 19.974394, 48.166005 ], [ 19.963565, 48.152021 ], [ 19.951557, 48.151548 ], [ 19.949766, 48.146277 ], [ 19.946377, 48.144268 ], [ 19.946689, 48.143125 ], [ 19.937114, 48.137238 ], [ 19.938839, 48.133861 ], [ 19.937383, 48.131118 ], [ 19.933711, 48.132036 ], [ 19.929366, 48.130111 ], [ 19.915758, 48.128459 ], [ 19.908308, 48.129545 ], [ 19.906409, 48.126805 ], [ 19.900433, 48.124127 ], [ 19.898298, 48.124902 ], [ 19.897958, 48.129471 ], [ 19.901586, 48.132046 ], [ 19.902104, 48.136575 ], [ 19.910273, 48.139715 ], [ 19.910417, 48.143224 ], [ 19.914536, 48.146863 ], [ 19.90591, 48.151304 ], [ 19.898745, 48.166312 ], [ 19.8824, 48.164141 ], [ 19.879156, 48.170447 ], [ 19.875352, 48.169599 ], [ 19.868086, 48.171508 ], [ 19.860131, 48.169409 ], [ 19.856114, 48.171226 ], [ 19.858431, 48.175068 ], [ 19.8552187, 48.1784432 ], [ 19.852012, 48.1775 ], [ 19.8504, 48.171527 ], [ 19.843943, 48.16796 ], [ 19.845282, 48.162742 ], [ 19.8273584, 48.1636676 ], [ 19.83075, 48.16487 ], [ 19.829897, 48.166942 ], [ 19.821331, 48.169081 ], [ 19.813846, 48.167015 ], [ 19.812159, 48.163446 ], [ 19.806584, 48.162061 ], [ 19.8082647, 48.1593056 ], [ 19.806499, 48.1541217 ], [ 19.7948001, 48.1535187 ], [ 19.782415, 48.165039 ], [ 19.789588, 48.168274 ], [ 19.788708, 48.173337 ], [ 19.805283, 48.183733 ], [ 19.805428, 48.186092 ], [ 19.801936, 48.189379 ], [ 19.802002, 48.192394 ], [ 19.798733, 48.19482 ], [ 19.787163, 48.19253 ], [ 19.78631, 48.196648 ], [ 19.781322, 48.201011 ], [ 19.774634, 48.203175 ], [ 19.772697, 48.205362 ], [ 19.766747, 48.205685 ], [ 19.763672, 48.208012 ], [ 19.763245, 48.21116 ], [ 19.760709, 48.213792 ], [ 19.752617, 48.214268 ], [ 19.74618, 48.216512 ], [ 19.734887, 48.215166 ], [ 19.725307, 48.204027 ], [ 19.721125, 48.201473 ], [ 19.710312, 48.20248 ], [ 19.706593, 48.20101 ], [ 19.70186, 48.203795 ], [ 19.691219, 48.203894 ], [ 19.691297, 48.207048 ], [ 19.679859, 48.213026 ], [ 19.67986, 48.216727 ], [ 19.674662, 48.219739 ], [ 19.675822, 48.224398 ], [ 19.672656, 48.228816 ], [ 19.673768, 48.232225 ], [ 19.670623, 48.234376 ], [ 19.669857, 48.239212 ], [ 19.665777, 48.241382 ], [ 19.660211, 48.24152 ], [ 19.65439, 48.238136 ], [ 19.644524, 48.239172 ], [ 19.644304, 48.241639 ], [ 19.6308264, 48.2500725 ], [ 19.619435, 48.242449 ], [ 19.608217, 48.238987 ], [ 19.602326, 48.231635 ], [ 19.592604, 48.227836 ], [ 19.577502, 48.216015 ], [ 19.567093, 48.215362 ], [ 19.547023, 48.205694 ], [ 19.541305, 48.209321 ], [ 19.526044, 48.20313 ], [ 19.525018, 48.200671 ], [ 19.529447, 48.195861 ], [ 19.528967, 48.190358 ], [ 19.523622, 48.186436 ], [ 19.522876, 48.183805 ], [ 19.51663, 48.183476 ], [ 19.516707, 48.181797 ], [ 19.514649, 48.181129 ], [ 19.513071, 48.182312 ], [ 19.510411, 48.178801 ], [ 19.511777, 48.177549 ], [ 19.507396, 48.17818 ], [ 19.509641, 48.174979 ], [ 19.504518, 48.173443 ], [ 19.50977, 48.168859 ], [ 19.512161, 48.162588 ], [ 19.510692, 48.159664 ], [ 19.512822, 48.154663 ], [ 19.50946, 48.151751 ], [ 19.508151, 48.147585 ], [ 19.500895, 48.145638 ], [ 19.50009, 48.141901 ], [ 19.497404, 48.143151 ], [ 19.495597, 48.142254 ], [ 19.497196, 48.140953 ], [ 19.494373, 48.14141 ], [ 19.492377, 48.139664 ], [ 19.495942, 48.137674 ], [ 19.494805, 48.136086 ], [ 19.496508, 48.135196 ], [ 19.494052, 48.127125 ], [ 19.495464, 48.12476 ], [ 19.497077, 48.124773 ], [ 19.495581, 48.122863 ], [ 19.494419, 48.123504 ], [ 19.495625, 48.12077 ], [ 19.491965, 48.117918 ], [ 19.49471, 48.114709 ], [ 19.49092, 48.112423 ], [ 19.49422, 48.111721 ], [ 19.49442, 48.109906 ], [ 19.484642, 48.105193 ], [ 19.487216, 48.099541 ], [ 19.479253, 48.094946 ], [ 19.471953, 48.094626 ], [ 19.468313, 48.092037 ], [ 19.46709, 48.088422 ], [ 19.469215, 48.085296 ], [ 19.467354, 48.083933 ], [ 19.461304, 48.083198 ], [ 19.460913, 48.086692 ], [ 19.455668, 48.087821 ], [ 19.45355, 48.091464 ], [ 19.451796, 48.09173 ], [ 19.451642, 48.096672 ], [ 19.456994, 48.097823 ], [ 19.454279, 48.098646 ], [ 19.454053, 48.101436 ], [ 19.435491, 48.099665 ], [ 19.435701, 48.097148 ], [ 19.433535, 48.096749 ], [ 19.434407, 48.095759 ], [ 19.429184, 48.093114 ], [ 19.425214, 48.088782 ], [ 19.422643, 48.089687 ], [ 19.415994, 48.087224 ], [ 19.414161, 48.088977 ], [ 19.409117, 48.088953 ], [ 19.405184, 48.085212 ], [ 19.401932, 48.085527 ], [ 19.400018, 48.082304 ], [ 19.398071, 48.082453 ], [ 19.399595, 48.083961 ], [ 19.398302, 48.084714 ], [ 19.395686, 48.083683 ], [ 19.396618, 48.085714 ], [ 19.394968, 48.086628 ], [ 19.389811, 48.086333 ], [ 19.391931, 48.087822 ], [ 19.387424, 48.089429 ], [ 19.388343, 48.091039 ], [ 19.386306, 48.090448 ], [ 19.386597, 48.091914 ], [ 19.371646, 48.089678 ], [ 19.370839, 48.08893 ], [ 19.373553, 48.087261 ], [ 19.369607, 48.085913 ], [ 19.36544, 48.088884 ], [ 19.361473, 48.088124 ], [ 19.360127, 48.090193 ], [ 19.355848, 48.090761 ], [ 19.351539, 48.08867 ], [ 19.328959, 48.090455 ], [ 19.314657, 48.087264 ], [ 19.303112, 48.088711 ], [ 19.283857, 48.082076 ], [ 19.279628, 48.075677 ], [ 19.276736, 48.073948 ], [ 19.265166, 48.074192 ], [ 19.255782, 48.071556 ], [ 19.248999, 48.063622 ], [ 19.248273, 48.058166 ], [ 19.241368, 48.053653 ], [ 19.228435, 48.056557 ], [ 19.222895, 48.061952 ], [ 19.212823, 48.064362 ], [ 19.20104, 48.063314 ], [ 19.190271, 48.060381 ], [ 19.181172, 48.06127 ], [ 19.166223, 48.065647 ], [ 19.158196, 48.065077 ], [ 19.150229, 48.06696 ], [ 19.144701, 48.069098 ], [ 19.142567, 48.07252 ], [ 19.135289, 48.074146 ], [ 19.127445, 48.073629 ], [ 19.118962, 48.066458 ], [ 19.107402, 48.065596 ], [ 19.098657, 48.067492 ], [ 19.089784, 48.072475 ], [ 19.084362, 48.072781 ], [ 19.07938, 48.069937 ], [ 19.078465, 48.067427 ], [ 19.065467, 48.064649 ], [ 19.060385, 48.057841 ], [ 19.058525, 48.057353 ], [ 19.046236, 48.066486 ], [ 19.038977, 48.064853 ], [ 19.03558, 48.066633 ], [ 19.035466, 48.064805 ], [ 19.033308, 48.064458 ], [ 19.032484, 48.068325 ], [ 19.030178, 48.067316 ], [ 19.023813, 48.07299 ], [ 19.02051, 48.070945 ], [ 19.020973, 48.074107 ], [ 19.018004, 48.074409 ], [ 19.017598, 48.075934 ], [ 19.015886, 48.075605 ], [ 19.016576, 48.076424 ], [ 19.01478, 48.075693 ], [ 19.016296, 48.077295 ], [ 19.018202, 48.077863 ], [ 19.014864, 48.078179 ], [ 19.011582, 48.07496 ], [ 19.008889, 48.076189 ], [ 19.008428, 48.074693 ], [ 19.012738, 48.073347 ], [ 19.007758, 48.073693 ], [ 19.008904, 48.070043 ], [ 18.995906, 48.068023 ], [ 18.990561, 48.061912 ], [ 18.992483, 48.061089 ], [ 18.989639, 48.058803 ], [ 18.991293, 48.05782 ], [ 18.98161, 48.053601 ], [ 18.976179, 48.056419 ], [ 18.974705, 48.054975 ], [ 18.971008, 48.056121 ], [ 18.96835, 48.058378 ], [ 18.965355, 48.057107 ], [ 18.960133, 48.058598 ], [ 18.943904, 48.058865 ], [ 18.928061, 48.057122 ] ] ] ] } },
{ "type": "Feature", "properties": { "county_name": "PES", "osm_relation_id": "22259" }, "geometry": { "type": "MultiPolygon", "coordinates": [ [ [ [ 18.6885359, 47.577244 ], [ 18.6988837, 47.5656007 ], [ 18.7003701, 47.5613126 ], [ 18.6944379, 47.5548966 ], [ 18.6921315, 47.5486267 ], [ 18.6941144, 47.5449031 ], [ 18.6947587, 47.5327779 ], [ 18.7107097, 47.5158244 ], [ 18.7244784, 47.4965574 ], [ 18.722435, 47.4963756 ], [ 18.7292808, 47.4913354 ], [ 18.7326736, 47.4919846 ], [ 18.7415806, 47.4888527 ], [ 18.7515427, 47.49242 ], [ 18.7576492, 47.4878794 ], [ 18.7573691, 47.4858458 ], [ 18.7619676, 47.4783468 ], [ 18.7801276, 47.4661595 ], [ 18.7855833, 47.45686 ], [ 18.7860738, 47.444179 ], [ 18.7907046, 47.4353349 ], [ 18.7870725, 47.4323349 ], [ 18.7895284, 47.4256639 ], [ 18.7636936, 47.4129536 ], [ 18.757147, 47.4033223 ], [ 18.7799217, 47.3873567 ], [ 18.7908071, 47.3718644 ], [ 18.8036026, 47.3641399 ], [ 18.81149, 47.3537338 ], [ 18.8318669, 47.3389171 ], [ 18.8338707, 47.3399807 ], [ 18.8479322, 47.3320802 ], [ 18.8636607, 47.3191365 ], [ 18.867622, 47.3145272 ], [ 18.8612669, 47.3063062 ], [ 18.8583169, 47.3054043 ], [ 18.8680175, 47.3054631 ], [ 18.8811361, 47.3013987 ], [ 18.8733336, 47.2866565 ], [ 18.8801467, 47.2772862 ], [ 18.8807038, 47.2784246 ], [ 18.9006163, 47.2752659 ], [ 18.9190647, 47.2744845 ], [ 18.920477, 47.2648836 ], [ 18.9115599, 47.2443974 ], [ 18.9101424, 47.231247 ], [ 18.8867686, 47.2047776 ], [ 18.881508, 47.1961136 ], [ 18.8781924, 47.1756231 ], [ 18.8735909, 47.1643611 ], [ 18.8720859, 47.1508489 ], [ 18.8730272, 47.1437093 ], [ 18.8821969, 47.1253015 ], [ 18.8852862, 47.1110506 ], [ 18.898058, 47.0761015 ], [ 18.9026569, 47.0713409 ], [ 18.9041633, 47.0721071 ], [ 18.9469868, 47.0486064 ], [ 18.9666614, 47.0305866 ], [ 18.9706261, 47.0321309 ], [ 18.9773033, 47.0412767 ], [ 18.9733232, 47.0461842 ], [ 18.9577788, 47.0561127 ], [ 18.95665, 47.0641056 ], [ 18.9934329, 47.0572753 ], [ 19.0201764, 47.0542416 ], [ 19.0207401, 47.0511925 ], [ 19.0240868, 47.0489063 ], [ 19.0391202, 47.0439626 ], [ 19.0641856, 47.0386316 ], [ 19.0697588, 47.034441 ], [ 19.0730961, 47.0378675 ], [ 19.0953845, 47.045471 ], [ 19.0987293, 47.054233 ], [ 19.0981846, 47.0629905 ], [ 19.1065042, 47.0675255 ], [ 19.1321896, 47.0717274 ], [ 19.1394372, 47.0770517 ], [ 19.1433574, 47.0827627 ], [ 19.1589788, 47.0907434 ], [ 19.1640075, 47.0956902 ], [ 19.2024805, 47.0975471 ], [ 19.2091433, 47.0891586 ], [ 19.2371666, 47.1310051 ], [ 19.2689813, 47.1343751 ], [ 19.2818794, 47.1280823 ], [ 19.2982354, 47.1257535 ], [ 19.3119484, 47.1204069 ], [ 19.3477932, 47.0932229 ], [ 19.328936, 47.0759792 ], [ 19.3143943, 47.0668788 ], [ 19.2953042, 47.036076 ], [ 19.3191342, 47.0127927 ], [ 19.3253107, 47.0226756 ], [ 19.3331266, 47.0268459 ], [ 19.3582211, 47.0328727 ], [ 19.374373, 47.0328275 ], [ 19.3860993, 47.0381296 ], [ 19.4292328, 47.0636332 ], [ 19.4616414, 47.0533986 ], [ 19.474447, 47.0550055 ], [ 19.4859108, 47.072341 ], [ 19.4931094, 47.0963889 ], [ 19.5060277, 47.1189198 ], [ 19.5327467, 47.1112856 ], [ 19.5614116, 47.1073235 ], [ 19.5697389, 47.1085155 ], [ 19.5779438, 47.1126561 ], [ 19.587166, 47.120925 ], [ 19.603989, 47.1035297 ], [ 19.6204906, 47.0825059 ], [ 19.6291926, 47.06266 ], [ 19.6367317, 47.0382516 ], [ 19.689668, 46.9941719 ], [ 19.699054, 46.9884105 ], [ 19.7355804, 46.9729615 ], [ 19.7797496, 46.9486941 ], [ 19.8020895, 46.9554035 ], [ 19.8291755, 46.9445604 ], [ 19.8402963, 46.9444837 ], [ 19.8612633, 46.9706095 ], [ 19.8613039, 46.9732744 ], [ 19.8767075, 46.9979185 ], [ 19.9081693, 46.9816884 ], [ 19.9269783, 46.9750742 ], [ 19.9341742, 46.9727314 ], [ 19.9536322, 46.9722004 ], [ 19.9835103, 46.962817 ], [ 19.98275, 46.9830106 ], [ 19.9997163, 46.9984834 ], [ 20.0265941, 47.0073922 ], [ 20.0606625, 47.0131878 ], [ 20.0696923, 47.0195845 ], [ 20.0884203, 47.0091325 ], [ 20.0945144, 47.007552 ], [ 20.1126537, 47.0329531 ], [ 20.1080063, 47.0396139 ], [ 20.0918724, 47.0440919 ], [ 20.0753187, 47.0839532 ], [ 20.0647999, 47.0891441 ], [ 20.0661576, 47.0937087 ], [ 20.0532655, 47.1056336 ], [ 20.0586075, 47.108493 ], [ 20.0559484, 47.1148032 ], [ 20.0477077, 47.1250606 ], [ 20.0554292, 47.1418591 ], [ 20.0558343, 47.1456452 ], [ 20.0635709, 47.1490774 ], [ 20.0710254, 47.1562019 ], [ 20.0846453, 47.1648483 ], [ 20.0989508, 47.1814601 ], [ 20.0849625, 47.2079764 ], [ 20.080167, 47.2101504 ], [ 20.0795586, 47.2204027 ], [ 20.0657636, 47.2247097 ], [ 20.0505324, 47.234929 ], [ 20.0337575, 47.2427939 ], [ 19.98827, 47.2530607 ], [ 20.0034322, 47.283379 ], [ 20.0165686, 47.2995059 ], [ 20.0175947, 47.3038896 ], [ 20.0121685, 47.3070069 ], [ 19.9998988, 47.3222889 ], [ 19.9920271, 47.3287868 ], [ 19.9892372, 47.3339861 ], [ 19.9922869, 47.3423847 ], [ 19.9904682, 47.3466309 ], [ 19.9814618, 47.3521017 ], [ 19.9687507, 47.3643699 ], [ 19.9610125, 47.3692779 ], [ 19.9502128, 47.3740794 ], [ 19.9221516, 47.3827091 ], [ 19.8776474, 47.404291 ], [ 19.854515, 47.4137492 ], [ 19.8379496, 47.4254128 ], [ 19.8246123, 47.4288263 ], [ 19.8265601, 47.4323636 ], [ 19.8191469, 47.4443918 ], [ 19.8037689, 47.4596934 ], [ 19.7587644, 47.4811281 ], [ 19.7469639, 47.4889348 ], [ 19.7638286, 47.5014136 ], [ 19.7690494, 47.5114761 ], [ 19.7699299, 47.5164388 ], [ 19.7866097, 47.5274503 ], [ 19.7910815, 47.5324751 ], [ 19.7772497, 47.5388348 ], [ 19.7678599, 47.5303541 ], [ 19.7571614, 47.5357966 ], [ 19.7547889, 47.5338167 ], [ 19.7521614, 47.5344279 ], [ 19.7460906, 47.5320441 ], [ 19.7362475, 47.5388811 ], [ 19.7289634, 47.5318672 ], [ 19.7178424, 47.5273945 ], [ 19.7107488, 47.5183957 ], [ 19.7027093, 47.5172407 ], [ 19.6823318, 47.5334913 ], [ 19.6526744, 47.5478376 ], [ 19.6585719, 47.5591693 ], [ 19.6510411, 47.5618948 ], [ 19.6556234, 47.5667058 ], [ 19.6576843, 47.576084 ], [ 19.6663277, 47.5885507 ], [ 19.6536496, 47.5985083 ], [ 19.6573486, 47.6120536 ], [ 19.656519, 47.6164968 ], [ 19.6471442, 47.6278237 ], [ 19.6433188, 47.6301548 ], [ 19.6427809, 47.6349458 ], [ 19.6369362, 47.6370501 ], [ 19.6444036, 47.6460791 ], [ 19.6241382, 47.6502333 ], [ 19.6143121, 47.655163 ], [ 19.6073634, 47.661398 ], [ 19.6071726, 47.6673813 ], [ 19.5914358, 47.6879125 ], [ 19.6012302, 47.6933407 ], [ 19.5948925, 47.697143 ], [ 19.5993038, 47.7026218 ], [ 19.6036652, 47.7015119 ], [ 19.6042059, 47.7074562 ], [ 19.6067257, 47.711911 ], [ 19.5709386, 47.7349031 ], [ 19.5649396, 47.7384961 ], [ 19.5411357, 47.7464039 ], [ 19.5329596, 47.7396865 ], [ 19.526864, 47.7304659 ], [ 19.520114, 47.7282061 ], [ 19.5184105, 47.7232911 ], [ 19.4961284, 47.7178413 ], [ 19.4910224, 47.7128385 ], [ 19.4895607, 47.7072035 ], [ 19.5041166, 47.7062244 ], [ 19.5087962, 47.7040636 ], [ 19.5112284, 47.6984356 ], [ 19.5089451, 47.6959454 ], [ 19.5010104, 47.6955939 ], [ 19.4772471, 47.6877951 ], [ 19.4678452, 47.7021946 ], [ 19.4656149, 47.7118175 ], [ 19.4524332, 47.7151821 ], [ 19.4438519, 47.7282639 ], [ 19.4370951, 47.7325494 ], [ 19.433885, 47.7386012 ], [ 19.4327581, 47.7429052 ], [ 19.4346257, 47.7495143 ], [ 19.4440983, 47.7557251 ], [ 19.4465681, 47.7605238 ], [ 19.4446706, 47.7682294 ], [ 19.433299, 47.7687958 ], [ 19.4241226, 47.7728925 ], [ 19.4177252, 47.7711003 ], [ 19.4149654, 47.7718704 ], [ 19.4152397, 47.7775589 ], [ 19.4210429, 47.7809129 ], [ 19.4271444, 47.7966311 ], [ 19.4461819, 47.802244 ], [ 19.4360038, 47.8095143 ], [ 19.4309865, 47.81129 ], [ 19.4253546, 47.8165797 ], [ 19.4118411, 47.8159823 ], [ 19.4068294, 47.8185707 ], [ 19.3998246, 47.8189149 ], [ 19.3938598, 47.8220424 ], [ 19.3807449, 47.8213334 ], [ 19.3786651, 47.8189722 ], [ 19.3759802, 47.8186606 ], [ 19.3554043, 47.8186005 ], [ 19.3421337, 47.8240051 ], [ 19.3307742, 47.8313456 ], [ 19.3245384, 47.8325678 ], [ 19.2753965, 47.8247562 ], [ 19.2603824, 47.827539 ], [ 19.2515861, 47.8253045 ], [ 19.2339116, 47.8266267 ], [ 19.2307439, 47.8251908 ], [ 19.2221505, 47.8313725 ], [ 19.2204246, 47.8351793 ], [ 19.2084124, 47.8387694 ], [ 19.2079771, 47.8418869 ], [ 19.1802279, 47.8490392 ], [ 19.1779307, 47.846938 ], [ 19.1682678, 47.8485848 ], [ 19.1678677, 47.8459144 ], [ 19.163965, 47.8444902 ], [ 19.1553747, 47.8478708 ], [ 19.1424436, 47.8494325 ], [ 19.108631, 47.8506878 ], [ 19.101109, 47.8473591 ], [ 19.098684, 47.8419114 ], [ 19.0963257, 47.8410481 ], [ 19.0903598, 47.8405144 ], [ 19.0861713, 47.8426361 ], [ 19.0901171, 47.8402696 ], [ 19.0861329, 47.8381701 ], [ 19.0856212, 47.8405484 ], [ 19.073538, 47.8458922 ], [ 19.0742826, 47.8531176 ], [ 19.0649411, 47.8588077 ], [ 19.0583585, 47.8598154 ], [ 19.0557305, 47.8583068 ], [ 19.047508, 47.8615709 ], [ 19.0442245, 47.8668739 ], [ 19.0460521, 47.869854 ], [ 19.0435286, 47.8740031 ], [ 19.0463557, 47.8762834 ], [ 19.0457939, 47.8781856 ], [ 19.037873, 47.8816118 ], [ 19.0282452, 47.889988 ], [ 19.0135328, 47.8918869 ], [ 19.0033392, 47.8979744 ], [ 18.9869017, 47.9150995 ], [ 18.9738756, 47.9177564 ], [ 18.9676394, 47.921563 ], [ 18.9614004, 47.926503 ], [ 18.9602578, 47.9318371 ], [ 18.9579946, 47.9344997 ], [ 18.9460804, 47.9405807 ], [ 18.9432397, 47.9440015 ], [ 18.9489069, 47.9489439 ], [ 18.9409686, 47.9527513 ], [ 18.9409537, 47.9542819 ], [ 18.9942002, 47.9794437 ], [ 18.9890993, 47.9878025 ], [ 19.0049697, 47.9916478 ], [ 19.0043823, 48.0015064 ], [ 19.0020847, 48.0022839 ], [ 19.002132, 48.0042201 ], [ 19.0072372, 48.0080005 ], [ 19.0072161, 48.0102792 ], [ 19.0004061, 48.0099005 ], [ 19.0054965, 48.0170992 ], [ 19.0007373, 48.0186517 ], [ 18.9954803, 48.0273764 ], [ 18.9902822, 48.0293173 ], [ 18.9810058, 48.0281036 ], [ 18.9754415, 48.0244444 ], [ 18.9681202, 48.02843 ], [ 18.9623311, 48.028743 ], [ 18.9587918, 48.0268362 ], [ 18.9542416, 48.0300264 ], [ 18.9471124, 48.0403998 ], [ 18.9421635, 48.0425003 ], [ 18.928061, 48.057122 ], [ 18.908982, 48.051139 ], [ 18.893082, 48.055038 ], [ 18.891661, 48.054114 ], [ 18.886674, 48.058682 ], [ 18.88581, 48.054716 ], [ 18.883314, 48.051992 ], [ 18.885241, 48.050312 ], [ 18.883008, 48.051057 ], [ 18.875462, 48.048777 ], [ 18.8749365, 48.0470707 ], [ 18.8601595, 48.0501436 ], [ 18.8539124, 48.0481948 ], [ 18.851841, 48.050484 ], [ 18.845585, 48.052572 ], [ 18.840321, 48.0506 ], [ 18.837923, 48.046689 ], [ 18.833268, 48.048239 ], [ 18.8291252, 48.0415425 ], [ 18.822878, 48.043125 ], [ 18.819998, 48.039676 ], [ 18.821266, 48.037206 ], [ 18.825595, 48.034798 ], [ 18.82662, 48.032019 ], [ 18.824537, 48.027929 ], [ 18.815567, 48.021423 ], [ 18.817271, 48.016996 ], [ 18.81717, 48.011047 ], [ 18.821275, 48.006299 ], [ 18.818929, 48.004868 ], [ 18.817351, 48.001275 ], [ 18.819036, 48.000843 ], [ 18.815453, 47.997194 ], [ 18.817718, 47.996755 ], [ 18.815743, 47.993442 ], [ 18.80076, 47.985341 ], [ 18.787494, 47.98687 ], [ 18.777252, 47.984199 ], [ 18.768791, 47.985184 ], [ 18.754881, 47.975553 ], [ 18.756165, 47.971364 ], [ 18.763754, 47.967781 ], [ 18.766271, 47.964205 ], [ 18.772184, 47.962303 ], [ 18.776706, 47.955609 ], [ 18.771699, 47.949039 ], [ 18.77379, 47.938249 ], [ 18.771446, 47.933855 ], [ 18.774048, 47.932347 ], [ 18.7716045, 47.931832 ], [ 18.76939, 47.928532 ], [ 18.759178, 47.921632 ], [ 18.757417, 47.918109 ], [ 18.762674, 47.909556 ], [ 18.759186, 47.908021 ], [ 18.758687, 47.90537 ], [ 18.762862, 47.903692 ], [ 18.756801, 47.89757 ], [ 18.760847, 47.895233 ], [ 18.764535, 47.881657 ], [ 18.763323, 47.87181 ], [ 18.768984, 47.871817 ], [ 18.769383, 47.868468 ], [ 18.778081, 47.869591 ], [ 18.782211, 47.865235 ], [ 18.7927648, 47.8653583 ], [ 18.795917, 47.858407 ], [ 18.813575, 47.85555 ], [ 18.821745, 47.850504 ], [ 18.822501, 47.842149 ], [ 18.828135, 47.837237 ], [ 18.828014, 47.834291 ], [ 18.840254, 47.828879 ], [ 18.8504, 47.830106 ], [ 18.855938, 47.827274 ], [ 18.848994, 47.820568 ], [ 18.8485063, 47.8183742 ], [ 18.8508131, 47.8144457 ], [ 18.8819069, 47.8106833 ], [ 18.896048, 47.8061358 ], [ 18.9022756, 47.8023391 ], [ 18.9055631, 47.7964037 ], [ 18.9057079, 47.7878746 ], [ 18.9102597, 47.7734113 ], [ 18.9136609, 47.7696106 ], [ 18.9272184, 47.7650585 ], [ 18.9229168, 47.7600303 ], [ 18.9227277, 47.7559139 ], [ 18.9250021, 47.7498251 ], [ 18.9193694, 47.7425877 ], [ 18.9199445, 47.7403018 ], [ 18.9244652, 47.7357398 ], [ 18.9312478, 47.7338382 ], [ 18.9346358, 47.7300368 ], [ 18.9340796, 47.7281339 ], [ 18.9419843, 47.7247146 ], [ 18.9329797, 47.7144259 ], [ 18.9211469, 47.7098468 ], [ 18.9188821, 47.7125088 ], [ 18.904763, 47.7189617 ], [ 18.8934729, 47.7208496 ], [ 18.8867068, 47.7204625 ], [ 18.8827727, 47.71589 ], [ 18.8799516, 47.7166482 ], [ 18.8748792, 47.7151164 ], [ 18.868665, 47.7173874 ], [ 18.8664128, 47.7154815 ], [ 18.8534453, 47.7139362 ], [ 18.8517644, 47.711653 ], [ 18.8551609, 47.7067076 ], [ 18.8518109, 47.6990863 ], [ 18.8557659, 47.6968125 ], [ 18.8467598, 47.6926083 ], [ 18.8535444, 47.6869065 ], [ 18.8546911, 47.6819572 ], [ 18.8597786, 47.6781608 ], [ 18.859788, 47.6754962 ], [ 18.8637568, 47.668649 ], [ 18.8637871, 47.659893 ], [ 18.8621115, 47.6564635 ], [ 18.8649336, 47.6545656 ], [ 18.8649454, 47.6511388 ], [ 18.8435113, 47.6568103 ], [ 18.8294371, 47.6537421 ], [ 18.8204094, 47.6567674 ], [ 18.811952, 47.6571348 ], [ 18.8017843, 47.6643453 ], [ 18.7803323, 47.6711515 ], [ 18.7814817, 47.6669651 ], [ 18.7786966, 47.6608673 ], [ 18.7601066, 47.6589203 ], [ 18.7482626, 47.6611769 ], [ 18.7742489, 47.648296 ], [ 18.7759596, 47.6437268 ], [ 18.7821786, 47.6395583 ], [ 18.7726191, 47.6372494 ], [ 18.7709171, 47.6383856 ], [ 18.7434072, 47.623469 ], [ 18.738949, 47.614701 ], [ 18.7204118, 47.6085586 ], [ 18.7193343, 47.6005616 ], [ 18.721609, 47.5971411 ], [ 18.7210552, 47.5948529 ], [ 18.6980458, 47.5848892 ], [ 18.6885359, 47.577244 ] ] ], [ [ [ 18.9251057, 47.5441443 ], [ 18.9297897, 47.5418333 ], [ 18.9357518, 47.5433397 ], [ 18.9343186, 47.5356412 ], [ 18.935328, 47.5226433 ], [ 18.9303547, 47.5246384 ], [ 18.9279539, 47.5243459 ], [ 18.9268967, 47.5222438 ], [ 18.9334747, 47.5207347 ], [ 18.9353292, 47.5226409 ], [ 18.9447868, 47.5175182 ], [ 18.9429264, 47.5171486 ], [ 18.9338566, 47.5070997 ], [ 18.9440584, 47.5035135 ], [ 18.9455163, 47.4993342 ], [ 18.9445975, 47.4969936 ], [ 18.9398544, 47.4978647 ], [ 18.9359282, 47.4915402 ], [ 18.941698, 47.4884174 ], [ 18.9415237, 47.4870192 ], [ 18.9470626, 47.4824417 ], [ 18.9550643, 47.4863048 ], [ 18.9636819, 47.4822826 ], [ 18.978875, 47.4688119 ], [ 18.9826683, 47.4607778 ], [ 18.9810547, 47.4552125 ], [ 18.9774326, 47.4550674 ], [ 18.9698967, 47.4510976 ], [ 18.9785151, 47.4472141 ], [ 18.9792237, 47.4379139 ], [ 18.9762365, 47.4300716 ], [ 18.9570475, 47.418595 ], [ 18.9569082, 47.4142609 ], [ 18.9624741, 47.3993087 ], [ 18.9540778, 47.3971046 ], [ 18.9513396, 47.3925554 ], [ 18.9548797, 47.383642 ], [ 18.9534771, 47.3828832 ], [ 18.9553262, 47.3782385 ], [ 18.9623767, 47.3726234 ], [ 18.9762979, 47.3824776 ], [ 18.9947161, 47.3869779 ], [ 19.0166532, 47.3898082 ], [ 19.0188672, 47.3880904 ], [ 19.0224447, 47.3890829 ], [ 19.0240622, 47.3871571 ], [ 19.0276588, 47.3884606 ], [ 19.0303509, 47.3853211 ], [ 19.0382316, 47.3883735 ], [ 19.0439653, 47.3850196 ], [ 19.0479811, 47.3888067 ], [ 19.0508724, 47.3873791 ], [ 19.0536513, 47.393375 ], [ 19.0628242, 47.392037 ], [ 19.0645702, 47.3934571 ], [ 19.0605141, 47.3976623 ], [ 19.0708615, 47.4027654 ], [ 19.0836196, 47.4048964 ], [ 19.0940016, 47.3910256 ], [ 19.1052232, 47.3869689 ], [ 19.0981731, 47.378676 ], [ 19.128191, 47.3598382 ], [ 19.1404776, 47.3496899 ], [ 19.1507446, 47.3567436 ], [ 19.179723, 47.3610728 ], [ 19.192576, 47.3739836 ], [ 19.2058415, 47.3954749 ], [ 19.2156862, 47.4029417 ], [ 19.2179199, 47.4008758 ], [ 19.2263926, 47.4074575 ], [ 19.2174223, 47.4127942 ], [ 19.2316902, 47.4241808 ], [ 19.2347718, 47.4231533 ], [ 19.2364054, 47.426036 ], [ 19.2387264, 47.4239034 ], [ 19.2379199, 47.4222537 ], [ 19.2469876, 47.4192067 ], [ 19.2547071, 47.4289332 ], [ 19.260142, 47.4271733 ], [ 19.2657695, 47.4382332 ], [ 19.2808994, 47.4363091 ], [ 19.2922813, 47.4506399 ], [ 19.3012638, 47.4571781 ], [ 19.3076148, 47.4564439 ], [ 19.3304118, 47.4597947 ], [ 19.3349258, 47.4632105 ], [ 19.3310621, 47.4674813 ], [ 19.3298221, 47.4776748 ], [ 19.3142178, 47.4930363 ], [ 19.3138981, 47.5031401 ], [ 19.3210962, 47.5104483 ], [ 19.3186944, 47.5154243 ], [ 19.2964014, 47.5112745 ], [ 19.2638164, 47.508291 ], [ 19.258807, 47.5204905 ], [ 19.2448869, 47.5369178 ], [ 19.2211482, 47.5327422 ], [ 19.2094161, 47.5403195 ], [ 19.2034636, 47.5373749 ], [ 19.1985332, 47.5398106 ], [ 19.1949325, 47.5375716 ], [ 19.190302, 47.5389938 ], [ 19.1773626, 47.5461324 ], [ 19.180781, 47.5482346 ], [ 19.1611232, 47.5595248 ], [ 19.1743919, 47.5642885 ], [ 19.157766, 47.5762296 ], [ 19.151554, 47.5739475 ], [ 19.145354, 47.5781449 ], [ 19.1538362, 47.5849905 ], [ 19.1381137, 47.5956474 ], [ 19.1403634, 47.596402 ], [ 19.1381081, 47.5998434 ], [ 19.1279713, 47.5979524 ], [ 19.118315, 47.60326 ], [ 19.1086333, 47.6058353 ], [ 19.10726, 47.6072473 ], [ 19.1090625, 47.6103547 ], [ 19.0992826, 47.6131468 ], [ 19.0885455, 47.6045492 ], [ 19.0745731, 47.5891295 ], [ 19.0712811, 47.5894956 ], [ 19.0718181, 47.5975358 ], [ 19.0767223, 47.6068533 ], [ 19.0602037, 47.6094768 ], [ 19.0381747, 47.609626 ], [ 19.0252812, 47.6045889 ], [ 19.029707, 47.5996609 ], [ 19.0344669, 47.5869376 ], [ 19.01985, 47.5876438 ], [ 19.0016873, 47.5834365 ], [ 18.9969086, 47.5859382 ], [ 18.993828, 47.5837556 ], [ 18.9830234, 47.5890291 ], [ 18.9777865, 47.5857341 ], [ 18.9850891, 47.5831117 ], [ 18.9772115, 47.5739078 ], [ 18.959585, 47.5778639 ], [ 18.9425905, 47.578906 ], [ 18.9394691, 47.5756486 ], [ 18.9288432, 47.5724407 ], [ 18.9381149, 47.5571891 ], [ 18.9335623, 47.5559461 ], [ 18.940496, 47.5527905 ], [ 18.9408244, 47.5507918 ], [ 18.9332235, 47.5463736 ], [ 18.9251057, 47.5441443 ] ] ] ] } },
{ "type": "Feature", "properties": { "county_name": "SOM", "osm_relation_id": "22225" }, "geometry": { "type": "MultiPolygon", "coordinates": [ [ [ [ 16.8763354, 46.3210289 ], [ 16.8771405, 46.3183016 ], [ 16.8752707, 46.3132185 ], [ 16.8771911, 46.3071269 ], [ 16.8797356, 46.303582 ], [ 16.8851456, 46.3008778 ], [ 16.8857267, 46.2989515 ], [ 16.8840102, 46.2985195 ], [ 16.8869557, 46.295179 ], [ 16.8871206, 46.2898285 ], [ 16.8851092, 46.2836567 ], [ 16.8862599, 46.2806574 ], [ 16.9024887, 46.2745398 ], [ 16.9078356, 46.2664614 ], [ 16.9133576, 46.2621401 ], [ 16.9261456, 46.2597726 ], [ 16.9338705, 46.2541681 ], [ 16.9355981, 46.2544235 ], [ 16.9375797, 46.2499391 ], [ 16.9525101, 46.2400786 ], [ 16.954803, 46.2391599 ], [ 16.9572062, 46.2413066 ], [ 16.9663763, 46.2399609 ], [ 16.9695133, 46.2425816 ], [ 16.9731734, 46.2427226 ], [ 16.9754276, 46.2395021 ], [ 16.9740559, 46.2347611 ], [ 16.9711541, 46.2341971 ], [ 16.9731924, 46.231933 ], [ 16.9721485, 46.2310192 ], [ 16.973071, 46.2247967 ], [ 16.9783916, 46.2235141 ], [ 16.9807137, 46.2246742 ], [ 16.9837347, 46.2220466 ], [ 16.9899012, 46.2248433 ], [ 16.996198, 46.2202113 ], [ 16.999449, 46.2229203 ], [ 17.0037107, 46.2216233 ], [ 17.0059407, 46.2227947 ], [ 17.052982, 46.2027038 ], [ 17.0662984, 46.2020935 ], [ 17.0656783, 46.1975299 ], [ 17.068557, 46.1938969 ], [ 17.0754128, 46.1888294 ], [ 17.0802416, 46.1882323 ], [ 17.0817995, 46.1857609 ], [ 17.0850349, 46.1856538 ], [ 17.0866723, 46.1883068 ], [ 17.0901493, 46.1895089 ], [ 17.1014039, 46.1864684 ], [ 17.102742, 46.1853024 ], [ 17.1026685, 46.1816006 ], [ 17.1109645, 46.1760914 ], [ 17.1179937, 46.1793357 ], [ 17.1231021, 46.1788735 ], [ 17.1243873, 46.1770254 ], [ 17.1231526, 46.1728796 ], [ 17.1254316, 46.168387 ], [ 17.1340643, 46.1678821 ], [ 17.1403675, 46.172662 ], [ 17.1453274, 46.1703891 ], [ 17.153171, 46.171604 ], [ 17.1586235, 46.1697547 ], [ 17.1600091, 46.1682449 ], [ 17.1575457, 46.167118 ], [ 17.1591342, 46.164826 ], [ 17.1563834, 46.1639549 ], [ 17.1574176, 46.1608606 ], [ 17.1560898, 46.1586582 ], [ 17.1617521, 46.154956 ], [ 17.170467, 46.1561812 ], [ 17.1807063, 46.1505574 ], [ 17.1772767, 46.1453074 ], [ 17.1814418, 46.1407804 ], [ 17.1796595, 46.1393131 ], [ 17.1806333, 46.1366936 ], [ 17.1860657, 46.1328286 ], [ 17.1780614, 46.1291356 ], [ 17.1743406, 46.1291767 ], [ 17.1766824, 46.1223055 ], [ 17.180419, 46.1220859 ], [ 17.1818917, 46.1191209 ], [ 17.1777546, 46.1128331 ], [ 17.1759838, 46.1125373 ], [ 17.1760617, 46.108987 ], [ 17.1779472, 46.1071472 ], [ 17.1857953, 46.1064381 ], [ 17.2031359, 46.1122844 ], [ 17.2071904, 46.1113636 ], [ 17.2090217, 46.1086116 ], [ 17.2106647, 46.1127415 ], [ 17.2147231, 46.1142818 ], [ 17.2177508, 46.1125817 ], [ 17.2184576, 46.1090985 ], [ 17.2094839, 46.0993363 ], [ 17.2193268, 46.0976683 ], [ 17.2203741, 46.099014 ], [ 17.2300762, 46.0997556 ], [ 17.233439, 46.0977327 ], [ 17.223361, 46.0942273 ], [ 17.2182061, 46.0866865 ], [ 17.2191294, 46.0826695 ], [ 17.2062153, 46.0831717 ], [ 17.2009714, 46.079861 ], [ 17.2015926, 46.0774593 ], [ 17.2073186, 46.0761745 ], [ 17.2213054, 46.0812689 ], [ 17.2321635, 46.0800947 ], [ 17.2393027, 46.0764262 ], [ 17.2386596, 46.0711466 ], [ 17.2408673, 46.0656431 ], [ 17.2444868, 46.0642095 ], [ 17.2517595, 46.0644233 ], [ 17.2479634, 46.0617197 ], [ 17.2438043, 46.0612638 ], [ 17.2323706, 46.0658819 ], [ 17.229166, 46.0635104 ], [ 17.2313841, 46.0604126 ], [ 17.2447092, 46.0578229 ], [ 17.2699933, 46.0573464 ], [ 17.2717146, 46.0533974 ], [ 17.2576742, 46.0462422 ], [ 17.2595547, 46.0325323 ], [ 17.2545698, 46.0299616 ], [ 17.2570229, 46.0298393 ], [ 17.2620726, 46.0329278 ], [ 17.2691379, 46.0336018 ], [ 17.2818807, 46.0312781 ], [ 17.2922291, 46.0322927 ], [ 17.2946607, 46.0311021 ], [ 17.2957318, 46.0269814 ], [ 17.2930552, 46.0232699 ], [ 17.2719709, 46.0209977 ], [ 17.2711388, 46.0171342 ], [ 17.2595835, 46.0146537 ], [ 17.2577586, 46.0120596 ], [ 17.2633636, 46.0092655 ], [ 17.2706193, 46.008267 ], [ 17.2771218, 46.00235 ], [ 17.2816981, 46.0007583 ], [ 17.2905762, 46.0008442 ], [ 17.2990966, 46.0037597 ], [ 17.3044351, 46.0025015 ], [ 17.3061726, 46.0000204 ], [ 17.3046316, 45.9964016 ], [ 17.2962188, 45.9934089 ], [ 17.294269, 45.9905427 ], [ 17.2947368, 45.987784 ], [ 17.2990418, 45.9832328 ], [ 17.3087266, 45.9815732 ], [ 17.3126576, 45.9897396 ], [ 17.3184095, 45.991233 ], [ 17.3225472, 45.989404 ], [ 17.324022, 45.9869094 ], [ 17.3233872, 45.9845009 ], [ 17.3166483, 45.9802629 ], [ 17.3175723, 45.9763993 ], [ 17.3088196, 45.9724297 ], [ 17.3095419, 45.9682263 ], [ 17.3130386, 45.9663421 ], [ 17.3239126, 45.9667507 ], [ 17.3310799, 45.9713016 ], [ 17.3366264, 45.9790974 ], [ 17.3373289, 45.9827816 ], [ 17.3276132, 45.9897619 ], [ 17.3284337, 45.9930468 ], [ 17.3317744, 45.9954268 ], [ 17.3362496, 45.9960547 ], [ 17.3399546, 45.9946529 ], [ 17.3430113, 45.9838386 ], [ 17.3529272, 45.9746905 ], [ 17.356962, 45.974883 ], [ 17.3602394, 45.9771808 ], [ 17.361307, 45.9880469 ], [ 17.3640411, 45.9916469 ], [ 17.3703292, 45.9914137 ], [ 17.3738001, 45.9891815 ], [ 17.3740426, 45.9828981 ], [ 17.3672167, 45.9752803 ], [ 17.3757281, 45.9701381 ], [ 17.3733869, 45.96803 ], [ 17.3620519, 45.968846 ], [ 17.3596484, 45.967013 ], [ 17.3594082, 45.9638386 ], [ 17.3630775, 45.9612692 ], [ 17.3706266, 45.9609732 ], [ 17.3780451, 45.9621281 ], [ 17.386328, 45.9656853 ], [ 17.390597, 45.9634594 ], [ 17.391072, 45.9601366 ], [ 17.384679, 45.9562687 ], [ 17.3599411, 45.9585756 ], [ 17.3559972, 45.9538763 ], [ 17.3526575, 45.9525147 ], [ 17.3495156, 45.9547362 ], [ 17.3500062, 45.9595523 ], [ 17.3432236, 45.9601625 ], [ 17.3417751, 45.9585513 ], [ 17.3423858, 45.9551927 ], [ 17.3394894, 45.9553391 ], [ 17.3430086, 45.946131 ], [ 17.3455888, 45.9433548 ], [ 17.3547198, 45.9409643 ], [ 17.3733292, 45.9477124 ], [ 17.3814229, 45.9481064 ], [ 17.3871326, 45.9450422 ], [ 17.3876093, 45.9414375 ], [ 17.3851307, 45.9373786 ], [ 17.3901466, 45.9316004 ], [ 17.3961296, 45.9310988 ], [ 17.4109317, 45.9401265 ], [ 17.4121555, 45.9358562 ], [ 17.4098299, 45.9328549 ], [ 17.4122756, 45.930244 ], [ 17.4262436, 45.9271491 ], [ 17.4353437, 45.9287885 ], [ 17.4373562, 45.9310457 ], [ 17.4338017, 45.9370404 ], [ 17.4274266, 45.9422768 ], [ 17.4273683, 45.9442669 ], [ 17.4279846, 45.9469117 ], [ 17.4369416, 45.9504029 ], [ 17.44836, 45.9500528 ], [ 17.4737706, 45.9425945 ], [ 17.5149257, 45.9395778 ], [ 17.5287878, 45.9338105 ], [ 17.5578301, 45.938314 ], [ 17.5694619, 45.9360381 ], [ 17.5914657, 45.9228262 ], [ 17.5997136, 45.9154016 ], [ 17.6157802, 45.9090037 ], [ 17.6267268, 45.8987023 ], [ 17.6338063, 45.8896673 ], [ 17.6475267, 45.8665388 ], [ 17.648727, 45.8547258 ], [ 17.6516805, 45.8482404 ], [ 17.6553674, 45.8498945 ], [ 17.659209, 45.8487955 ], [ 17.6662738, 45.8496454 ], [ 17.6683876, 45.8523367 ], [ 17.6666992, 45.8542188 ], [ 17.6688228, 45.8565322 ], [ 17.6701952, 45.8668322 ], [ 17.6740369, 45.866117 ], [ 17.6799377, 45.869617 ], [ 17.6853829, 45.8700677 ], [ 17.6891118, 45.8735345 ], [ 17.6952776, 45.86676 ], [ 17.6933035, 45.858356 ], [ 17.6976011, 45.8606951 ], [ 17.7034087, 45.8683766 ], [ 17.7094884, 45.8650218 ], [ 17.716034, 45.8647217 ], [ 17.7159782, 45.8670083 ], [ 17.7220016, 45.8659331 ], [ 17.7225237, 45.867086 ], [ 17.7280247, 45.8648638 ], [ 17.7312422, 45.8671889 ], [ 17.7267956, 45.8705641 ], [ 17.7272996, 45.872473 ], [ 17.7348455, 45.8759894 ], [ 17.734204, 45.8797876 ], [ 17.7281518, 45.8820036 ], [ 17.7262615, 45.8926424 ], [ 17.729453, 45.8961077 ], [ 17.7338101, 45.896159 ], [ 17.7343236, 45.8976898 ], [ 17.7304159, 45.9014497 ], [ 17.7204985, 45.9055226 ], [ 17.7242319, 45.9089945 ], [ 17.7246072, 45.9158543 ], [ 17.7146681, 45.920689 ], [ 17.6949259, 45.9250206 ], [ 17.6873004, 45.9241659 ], [ 17.6818109, 45.9256239 ], [ 17.6817537, 45.9279104 ], [ 17.6760915, 45.9362154 ], [ 17.6820858, 45.9362886 ], [ 17.6891053, 45.9394235 ], [ 17.6851819, 45.943566 ], [ 17.6769836, 45.9438442 ], [ 17.6694031, 45.941464 ], [ 17.6687458, 45.9460304 ], [ 17.6627707, 45.94481 ], [ 17.6593189, 45.9516228 ], [ 17.6538939, 45.9504149 ], [ 17.6596967, 45.9367759 ], [ 17.6450219, 45.9346902 ], [ 17.6428792, 45.9540833 ], [ 17.6331903, 45.9699599 ], [ 17.6299773, 45.9885771 ], [ 17.6250717, 45.9881369 ], [ 17.6533943, 45.9911579 ], [ 17.6530339, 46.0052427 ], [ 17.6573502, 46.0075836 ], [ 17.6489954, 46.0135729 ], [ 17.6412885, 46.0157639 ], [ 17.6384795, 46.0187722 ], [ 17.6372081, 46.0256119 ], [ 17.6338952, 46.027095 ], [ 17.6342798, 46.0331931 ], [ 17.6319824, 46.0373545 ], [ 17.6324549, 46.0404039 ], [ 17.6285595, 46.0430264 ], [ 17.6285099, 46.0449287 ], [ 17.6328492, 46.0461241 ], [ 17.6316854, 46.0487748 ], [ 17.6561737, 46.0536493 ], [ 17.6554457, 46.0608803 ], [ 17.6701645, 46.0625866 ], [ 17.669914, 46.0724827 ], [ 17.6769985, 46.0737099 ], [ 17.6757978, 46.0778855 ], [ 17.6779784, 46.0782965 ], [ 17.6777964, 46.085528 ], [ 17.6766147, 46.0889414 ], [ 17.6809292, 46.0916594 ], [ 17.671536, 46.0949726 ], [ 17.6653412, 46.1017523 ], [ 17.6875886, 46.1096418 ], [ 17.6848059, 46.1115111 ], [ 17.6802401, 46.1190737 ], [ 17.6835, 46.1198758 ], [ 17.6839952, 46.1221629 ], [ 17.6815065, 46.1339411 ], [ 17.6881612, 46.1526858 ], [ 17.6868929, 46.1595262 ], [ 17.692311, 46.1618727 ], [ 17.6933604, 46.1637883 ], [ 17.6922065, 46.1660617 ], [ 17.697568, 46.1710789 ], [ 17.6968257, 46.1786882 ], [ 17.6990579, 46.1771901 ], [ 17.699143, 46.1737632 ], [ 17.7007841, 46.1737829 ], [ 17.7055283, 46.1814577 ], [ 17.7048807, 46.185634 ], [ 17.707057, 46.1860443 ], [ 17.704224, 46.1898165 ], [ 17.7029945, 46.1951389 ], [ 17.7101238, 46.1952238 ], [ 17.7078913, 46.1967159 ], [ 17.7122253, 46.1990547 ], [ 17.7171973, 46.1975887 ], [ 17.7209506, 46.2010608 ], [ 17.723155, 46.2007087 ], [ 17.7231086, 46.2026111 ], [ 17.7279049, 46.2083763 ], [ 17.7232536, 46.2189896 ], [ 17.7199131, 46.2208533 ], [ 17.7155299, 46.2208015 ], [ 17.7154645, 46.2234662 ], [ 17.7181306, 46.2265474 ], [ 17.7283829, 46.2335237 ], [ 17.7344744, 46.2313075 ], [ 17.7470755, 46.2093618 ], [ 17.7521202, 46.2048516 ], [ 17.7576179, 46.2041522 ], [ 17.7582345, 46.2014939 ], [ 17.770862, 46.2008754 ], [ 17.7768501, 46.2028461 ], [ 17.7762254, 46.2058887 ], [ 17.7788407, 46.211249 ], [ 17.784777, 46.2155059 ], [ 17.7840819, 46.2219694 ], [ 17.7943945, 46.2266592 ], [ 17.7972583, 46.2213602 ], [ 17.802801, 46.2191343 ], [ 17.8082127, 46.2222375 ], [ 17.812605, 46.2222857 ], [ 17.8142909, 46.2204012 ], [ 17.8150516, 46.2108886 ], [ 17.8216042, 46.212485 ], [ 17.8249318, 46.2106182 ], [ 17.8315104, 46.2110675 ], [ 17.8370757, 46.2073216 ], [ 17.8408881, 46.2085031 ], [ 17.8430246, 46.2111913 ], [ 17.8457648, 46.2112205 ], [ 17.8451613, 46.2138795 ], [ 17.8472893, 46.2165675 ], [ 17.8539189, 46.214735 ], [ 17.8571119, 46.218959 ], [ 17.8609172, 46.220524 ], [ 17.8709063, 46.2152981 ], [ 17.8757687, 46.2187765 ], [ 17.8778499, 46.2241288 ], [ 17.8844134, 46.2249592 ], [ 17.8927424, 46.2204704 ], [ 17.9003956, 46.2216953 ], [ 17.9051883, 46.2285995 ], [ 17.9123383, 46.2279093 ], [ 17.9195345, 46.2245539 ], [ 17.9222438, 46.2261058 ], [ 17.9345718, 46.2406953 ], [ 17.9311667, 46.2459922 ], [ 17.9310726, 46.2505657 ], [ 17.927643, 46.2570029 ], [ 17.9324736, 46.2623814 ], [ 17.9339857, 46.2692518 ], [ 17.9377033, 46.2753815 ], [ 17.934896, 46.2780253 ], [ 17.9341946, 46.2856301 ], [ 17.9486602, 46.3036729 ], [ 17.9536584, 46.3010562 ], [ 17.9591174, 46.3026338 ], [ 17.960179, 46.3045469 ], [ 17.9754902, 46.3081212 ], [ 18.0018453, 46.3091309 ], [ 18.0014321, 46.3022717 ], [ 18.0052914, 46.301545 ], [ 18.0075712, 46.2973759 ], [ 18.0113646, 46.3000761 ], [ 18.0147145, 46.2974415 ], [ 18.0174591, 46.2974666 ], [ 18.0245214, 46.3013429 ], [ 18.0356377, 46.2945878 ], [ 18.0483048, 46.2927916 ], [ 18.0531924, 46.2958844 ], [ 18.0645801, 46.3039799 ], [ 18.0717173, 46.3044262 ], [ 18.0749757, 46.3067353 ], [ 18.0753163, 46.3181617 ], [ 18.0877582, 46.3293135 ], [ 18.0859229, 46.3399651 ], [ 18.0830811, 46.3452714 ], [ 18.0835118, 46.3517461 ], [ 18.0806351, 46.3589611 ], [ 18.0821463, 46.3665856 ], [ 18.065123, 46.3652983 ], [ 18.0644781, 46.3702452 ], [ 18.0548876, 46.3834877 ], [ 18.0525098, 46.3929875 ], [ 18.0339433, 46.3852047 ], [ 18.0316546, 46.3897585 ], [ 18.0185194, 46.386212 ], [ 18.0141719, 46.3831227 ], [ 18.0119417, 46.3850052 ], [ 18.0129556, 46.3895889 ], [ 18.001736, 46.4005312 ], [ 18.0094101, 46.4021205 ], [ 18.0082644, 46.4043972 ], [ 18.0148446, 46.405598 ], [ 18.0159972, 46.4029432 ], [ 18.0220309, 46.4041448 ], [ 18.0203104, 46.407935 ], [ 18.0268913, 46.4091351 ], [ 18.0257534, 46.4110277 ], [ 18.0312327, 46.4122238 ], [ 18.0328474, 46.4145193 ], [ 18.0367426, 46.4122732 ], [ 18.0399545, 46.4168701 ], [ 18.0393795, 46.4183897 ], [ 18.0410212, 46.4187825 ], [ 18.0449658, 46.4138712 ], [ 18.0498783, 46.4161957 ], [ 18.0492263, 46.4219048 ], [ 18.0668227, 46.4231993 ], [ 18.0644106, 46.4346019 ], [ 18.0688134, 46.4350243 ], [ 18.068252, 46.4373165 ], [ 18.0515179, 46.4619295 ], [ 18.0509034, 46.4712067 ], [ 18.0401851, 46.4945037 ], [ 18.0308205, 46.5015291 ], [ 18.0373894, 46.5041739 ], [ 18.0382634, 46.5074938 ], [ 18.0375878, 46.5143432 ], [ 18.0335063, 46.5261146 ], [ 18.0327511, 46.5371472 ], [ 18.0387698, 46.5394882 ], [ 18.0370604, 46.5425225 ], [ 18.0392555, 46.5432983 ], [ 18.0401825, 46.5528272 ], [ 18.037816, 46.5611864 ], [ 18.0501031, 46.5536774 ], [ 18.0583203, 46.556799 ], [ 18.0632881, 46.5568422 ], [ 18.0719809, 46.5645351 ], [ 18.0783905, 46.5763917 ], [ 18.078852, 46.5817262 ], [ 18.084907, 46.5829245 ], [ 18.0874222, 46.5966565 ], [ 18.0783523, 46.6095277 ], [ 18.0732971, 46.6140526 ], [ 18.0709538, 46.6212659 ], [ 18.0742451, 46.622819 ], [ 18.0752964, 46.6258776 ], [ 18.0884803, 46.6301736 ], [ 18.0905917, 46.6359063 ], [ 18.0893835, 46.6416109 ], [ 18.1080465, 46.6493784 ], [ 18.1018162, 46.6577068 ], [ 18.1056662, 46.6588855 ], [ 18.1073114, 46.6600396 ], [ 18.1067267, 46.6615596 ], [ 18.1100216, 46.6631054 ], [ 18.1072316, 46.6646071 ], [ 18.1110624, 46.6669259 ], [ 18.1104778, 46.6684459 ], [ 18.1137797, 46.6696136 ], [ 18.1126527, 46.6707448 ], [ 18.127477, 46.677343 ], [ 18.1313485, 46.6773743 ], [ 18.1284088, 46.6876335 ], [ 18.132811, 46.6888095 ], [ 18.1262234, 46.6945782 ], [ 18.1410306, 46.6938277 ], [ 18.1381499, 46.70066 ], [ 18.1469723, 46.7026331 ], [ 18.1413236, 46.7090592 ], [ 18.1303296, 46.7044029 ], [ 18.1194824, 46.7237341 ], [ 18.1149918, 46.7275093 ], [ 18.1143802, 46.7305477 ], [ 18.1204923, 46.7294572 ], [ 18.1270626, 46.7337006 ], [ 18.137551, 46.7360721 ], [ 18.1379914, 46.7425466 ], [ 18.1435134, 46.743353 ], [ 18.1412342, 46.7475249 ], [ 18.1506144, 46.7495021 ], [ 18.1562727, 46.7426913 ], [ 18.1601427, 46.7430996 ], [ 18.1612173, 46.7446328 ], [ 18.1722903, 46.7451028 ], [ 18.1721291, 46.7550001 ], [ 18.1664369, 46.7644766 ], [ 18.1663932, 46.7671415 ], [ 18.1746189, 46.7721573 ], [ 18.1868437, 46.7703475 ], [ 18.2000269, 46.778064 ], [ 18.210779, 46.778241 ], [ 18.2036845, 46.7921796 ], [ 18.2046689, 46.8001825 ], [ 18.1983638, 46.8130837 ], [ 18.1987941, 46.8207045 ], [ 18.2008947, 46.8283376 ], [ 18.2046876, 46.8340742 ], [ 18.2051607, 46.8390301 ], [ 18.2039213, 46.8477789 ], [ 18.1982218, 46.8568788 ], [ 18.1975501, 46.8644914 ], [ 18.2062088, 46.8673624 ], [ 18.1892871, 46.8732947 ], [ 18.2132863, 46.8874539 ], [ 18.2081657, 46.8957962 ], [ 18.2103567, 46.897337 ], [ 18.2030164, 46.9052785 ], [ 18.1910148, 46.9257544 ], [ 18.1937645, 46.9280559 ], [ 18.1742278, 46.9462089 ], [ 18.2052486, 46.9716309 ], [ 18.1894387, 46.9897193 ], [ 18.181036, 46.9882697 ], [ 18.1757986, 46.9936978 ], [ 18.1672828, 46.9946023 ], [ 18.1683284, 46.9962341 ], [ 18.1672729, 46.997306 ], [ 18.0666401, 46.9697345 ], [ 18.0476216, 46.9598277 ], [ 18.0078022, 46.9440363 ], [ 17.9756967, 46.933424 ], [ 17.945233, 46.9271676 ], [ 17.9075575, 46.9159057 ], [ 17.9124167, 46.907271 ], [ 17.9102737, 46.894094 ], [ 17.9011603, 46.8855916 ], [ 17.8890579, 46.8798677 ], [ 17.8782322, 46.8781272 ], [ 17.85411, 46.8843673 ], [ 17.7884767, 46.8535793 ], [ 17.7642492, 46.8471035 ], [ 17.7296165, 46.8404031 ], [ 17.698594, 46.8286893 ], [ 17.6673184, 46.8119775 ], [ 17.6249306, 46.8015868 ], [ 17.5337662, 46.7714753 ], [ 17.5091832, 46.7589944 ], [ 17.4918651, 46.7530279 ], [ 17.4850162, 46.7518965 ], [ 17.4649645, 46.7529006 ], [ 17.4536726, 46.7487065 ], [ 17.4454774, 46.7477886 ], [ 17.4190599, 46.7506565 ], [ 17.3974458, 46.7483692 ], [ 17.385311, 46.7438291 ], [ 17.3722287, 46.734195 ], [ 17.3614537, 46.7316558 ], [ 17.3106733, 46.7331155 ], [ 17.2985616, 46.7350475 ], [ 17.2690185, 46.7338671 ], [ 17.2619194, 46.7058872 ], [ 17.2593409, 46.7017594 ], [ 17.2584344, 46.6906607 ], [ 17.2568178, 46.6872639 ], [ 17.244882, 46.67937 ], [ 17.2214961, 46.6716935 ], [ 17.2199535, 46.6638809 ], [ 17.2211078, 46.6549017 ], [ 17.2182691, 46.6491979 ], [ 17.2220705, 46.6347831 ], [ 17.2151427, 46.6106868 ], [ 17.2200504, 46.5802812 ], [ 17.2227793, 46.5323343 ], [ 17.2262591, 46.5274369 ], [ 17.2267858, 46.5118287 ], [ 17.2194717, 46.4995225 ], [ 17.2146655, 46.4948695 ], [ 17.2047912, 46.4935684 ], [ 17.2012331, 46.4847504 ], [ 17.1962469, 46.4854315 ], [ 17.1973021, 46.4865895 ], [ 17.193975, 46.4872976 ], [ 17.1901704, 46.4857101 ], [ 17.1945567, 46.4836339 ], [ 17.1889433, 46.4731233 ], [ 17.1952666, 46.4656077 ], [ 17.1943221, 46.4450219 ], [ 17.1933111, 46.4423395 ], [ 17.1911325, 46.4415412 ], [ 17.1883001, 46.4292358 ], [ 17.1815882, 46.4307208 ], [ 17.1804203, 46.4326048 ], [ 17.1413382, 46.4273789 ], [ 17.1391071, 46.4170605 ], [ 17.1394296, 46.4079214 ], [ 17.1279432, 46.4058235 ], [ 17.1147056, 46.4063604 ], [ 17.1138597, 46.414728 ], [ 17.1022359, 46.4164319 ], [ 17.0960431, 46.4201318 ], [ 17.0874542, 46.4205603 ], [ 17.0798752, 46.4159914 ], [ 17.0777026, 46.405012 ], [ 17.0686224, 46.4017499 ], [ 17.06746, 46.4036391 ], [ 17.0613641, 46.4046729 ], [ 17.0590491, 46.4076763 ], [ 17.0546235, 46.408361 ], [ 17.0543147, 46.4167377 ], [ 17.0509811, 46.4174415 ], [ 17.0483295, 46.4147287 ], [ 17.043852, 46.4165527 ], [ 17.0372642, 46.4160576 ], [ 17.0369637, 46.4091951 ], [ 17.0321901, 46.4045345 ], [ 17.02973, 46.3964927 ], [ 17.0343339, 46.3912429 ], [ 17.0432762, 46.3875952 ], [ 17.0468667, 46.3796548 ], [ 17.044744, 46.3777138 ], [ 17.0438121, 46.373128 ], [ 17.0467148, 46.3689883 ], [ 17.0550086, 46.3679942 ], [ 17.0534232, 46.3660567 ], [ 17.0589877, 46.3493966 ], [ 17.058237, 46.3398604 ], [ 17.0472525, 46.3396662 ], [ 17.0440646, 46.3365594 ], [ 17.0426019, 46.3315859 ], [ 17.0371864, 46.3292018 ], [ 17.0374973, 46.3208251 ], [ 17.0409518, 46.3167017 ], [ 17.0295313, 46.3134476 ], [ 17.0263175, 46.3111023 ], [ 17.0269195, 46.3095941 ], [ 17.0176432, 46.3079024 ], [ 17.0139136, 46.3047848 ], [ 17.0083389, 46.306972 ], [ 17.006513, 46.3115083 ], [ 17.0010237, 46.3114088 ], [ 17.0001425, 46.3136523 ], [ 16.9932917, 46.3124153 ], [ 16.9854725, 46.3157012 ], [ 16.9812334, 46.3114324 ], [ 16.9781671, 46.3052816 ], [ 16.9633754, 46.3042467 ], [ 16.9565417, 46.2961221 ], [ 16.9517025, 46.2933601 ], [ 16.946265, 46.2917399 ], [ 16.9461913, 46.2936419 ], [ 16.943987, 46.293979 ], [ 16.9391484, 46.2912226 ], [ 16.9380195, 46.2919641 ], [ 16.9388668, 46.298459 ], [ 16.9377674, 46.2984385 ], [ 16.939264, 46.3022733 ], [ 16.9343062, 46.3025587 ], [ 16.9368454, 46.3087018 ], [ 16.9359413, 46.3170666 ], [ 16.9287526, 46.3180788 ], [ 16.8970923, 46.3125258 ], [ 16.8935965, 46.317413 ], [ 16.8891915, 46.3177071 ], [ 16.8869161, 46.319567 ], [ 16.8856341, 46.3241119 ], [ 16.8762527, 46.3250788 ], [ 16.8757594, 46.3235441 ], [ 16.878081, 46.3205444 ], [ 16.8763354, 46.3210289 ] ] ] ] } },
{ "type": "Feature", "properties": { "county_name": "SZA", "osm_relation_id": "22268" }, "geometry": { "type": "MultiPolygon", "coordinates": [ [ [ [ 22.1210833, 48.3783056 ], [ 22.117692, 48.3682451 ], [ 22.1215068, 48.3651011 ], [ 22.1288962, 48.3645227 ], [ 22.1274257, 48.3588516 ], [ 22.125096, 48.3581503 ], [ 22.1178996, 48.3621455 ], [ 22.1087921, 48.3627681 ], [ 22.1081138, 48.3608826 ], [ 22.119362, 48.3579225 ], [ 22.1248036, 48.3532045 ], [ 22.1246012, 48.3497814 ], [ 22.1126225, 48.3500954 ], [ 22.1047269, 48.3462063 ], [ 22.1030258, 48.3423486 ], [ 22.1104571, 48.3425328 ], [ 22.1115098, 48.3409863 ], [ 22.1069065, 48.3403441 ], [ 22.0950955, 48.3337952 ], [ 22.1023565, 48.3309403 ], [ 22.1043629, 48.3263188 ], [ 22.1025211, 48.3240792 ], [ 22.0951054, 48.3242725 ], [ 22.0988866, 48.3302682 ], [ 22.0955506, 48.3318801 ], [ 22.0886647, 48.3312966 ], [ 22.0844292, 48.3272156 ], [ 22.0863245, 48.3107871 ], [ 22.0804942, 48.3086507 ], [ 22.0653214, 48.3128555 ], [ 22.064636, 48.3109699 ], [ 22.0686937, 48.3020991 ], [ 22.0656035, 48.297994 ], [ 22.0621141, 48.296937 ], [ 22.054746, 48.2978891 ], [ 22.0472714, 48.3068408 ], [ 22.0444888, 48.308059 ], [ 22.023573, 48.301736 ], [ 22.026464, 48.3123255 ], [ 22.0144285, 48.3114904 ], [ 22.0102651, 48.3085457 ], [ 22.0105498, 48.3035852 ], [ 22.0029642, 48.300733 ], [ 22.0022474, 48.2980854 ], [ 21.9883487, 48.2946228 ], [ 21.9818301, 48.2902174 ], [ 21.9779368, 48.2819334 ], [ 21.9743011, 48.278218 ], [ 21.9649083, 48.2734993 ], [ 21.9622751, 48.2670928 ], [ 21.9518508, 48.264302 ], [ 21.9453088, 48.2595171 ], [ 21.938645, 48.2627259 ], [ 21.9400555, 48.2573596 ], [ 21.9428169, 48.2557662 ], [ 21.9318517, 48.2533714 ], [ 21.9271233, 48.2504441 ], [ 21.9247052, 48.2478317 ], [ 21.9232509, 48.2421579 ], [ 21.9202499, 48.2395659 ], [ 21.9117356, 48.2401529 ], [ 21.9001552, 48.2472924 ], [ 21.8973005, 48.2473621 ], [ 21.874557, 48.2380139 ], [ 21.8642665, 48.2374998 ], [ 21.8501547, 48.2401202 ], [ 21.8507431, 48.2298279 ], [ 21.8398893, 48.2293251 ], [ 21.8436492, 48.2250446 ], [ 21.8424079, 48.2231712 ], [ 21.8331011, 48.2302496 ], [ 21.8396089, 48.2346631 ], [ 21.8329529, 48.23825 ], [ 21.8298671, 48.2444172 ], [ 21.822865, 48.2415336 ], [ 21.8255171, 48.2376644 ], [ 21.8246997, 48.2331151 ], [ 21.8223392, 48.2316462 ], [ 21.8176189, 48.2393768 ], [ 21.8148142, 48.2402057 ], [ 21.8118276, 48.2376045 ], [ 21.8109803, 48.2322934 ], [ 21.8152276, 48.2264835 ], [ 21.7972964, 48.2215693 ], [ 21.7997489, 48.2138991 ], [ 21.7973097, 48.2109066 ], [ 21.7864405, 48.2100212 ], [ 21.7837829, 48.2028429 ], [ 21.7798006, 48.2029361 ], [ 21.7714604, 48.2069433 ], [ 21.7729064, 48.2019565 ], [ 21.7670418, 48.1986651 ], [ 21.7720042, 48.1955057 ], [ 21.7713599, 48.1939958 ], [ 21.7628421, 48.1945722 ], [ 21.75584, 48.1913067 ], [ 21.7535822, 48.1917434 ], [ 21.7522725, 48.1993923 ], [ 21.7546794, 48.2020021 ], [ 21.7542326, 48.2042937 ], [ 21.7409891, 48.201556 ], [ 21.7333547, 48.1971631 ], [ 21.7296072, 48.2018179 ], [ 21.7240182, 48.2038491 ], [ 21.7222074, 48.2019875 ], [ 21.7235308, 48.1943387 ], [ 21.7279798, 48.1923336 ], [ 21.7314357, 48.1930167 ], [ 21.7272002, 48.188161 ], [ 21.7214087, 48.1863906 ], [ 21.7186636, 48.1883565 ], [ 21.7211749, 48.1928677 ], [ 21.7178166, 48.1940913 ], [ 21.7146224, 48.1983486 ], [ 21.7110306, 48.1950025 ], [ 21.7109336, 48.1931016 ], [ 21.689944, 48.1947251 ], [ 21.6800945, 48.1915195 ], [ 21.6443539, 48.1942758 ], [ 21.6277954, 48.1934426 ], [ 21.6023584, 48.1974295 ], [ 21.5912363, 48.2030092 ], [ 21.5841223, 48.2088727 ], [ 21.5778973, 48.2097701 ], [ 21.5744241, 48.2087047 ], [ 21.5760823, 48.2075221 ], [ 21.5714148, 48.2053419 ], [ 21.5700182, 48.2000414 ], [ 21.5552456, 48.2007375 ], [ 21.5534044, 48.1981116 ], [ 21.549404, 48.1978192 ], [ 21.5498322, 48.1947604 ], [ 21.5470985, 48.1971062 ], [ 21.5352781, 48.1975173 ], [ 21.5326052, 48.1948857 ], [ 21.5343418, 48.1924258 ], [ 21.5336772, 48.1905371 ], [ 21.5157224, 48.1840623 ], [ 21.5251901, 48.1796717 ], [ 21.5051775, 48.1778073 ], [ 21.5072937, 48.174335 ], [ 21.5054917, 48.17247 ], [ 21.501547, 48.1733154 ], [ 21.5012147, 48.178275 ], [ 21.4882575, 48.1812118 ], [ 21.4791209, 48.1806399 ], [ 21.4738244, 48.1769443 ], [ 21.4739649, 48.1677988 ], [ 21.4710704, 48.1667184 ], [ 21.4615475, 48.169959 ], [ 21.4627999, 48.1725984 ], [ 21.4601865, 48.1776049 ], [ 21.4523298, 48.1800541 ], [ 21.4436806, 48.1775667 ], [ 21.4412072, 48.1751959 ], [ 21.4395851, 48.1718961 ], [ 21.4409462, 48.171232 ], [ 21.4371968, 48.1646887 ], [ 21.4320434, 48.1638397 ], [ 21.428053, 48.1592741 ], [ 21.4239527, 48.1589004 ], [ 21.4262219, 48.1564572 ], [ 21.4254181, 48.1547091 ], [ 21.4291468, 48.1435109 ], [ 21.4260516, 48.1411967 ], [ 21.4248184, 48.137216 ], [ 21.4303498, 48.1343804 ], [ 21.4236242, 48.1274901 ], [ 21.4138019, 48.1216086 ], [ 21.4168864, 48.1141342 ], [ 21.4233728, 48.1067625 ], [ 21.4428456, 48.0964027 ], [ 21.4510233, 48.0898194 ], [ 21.4497293, 48.0864183 ], [ 21.4468571, 48.085715 ], [ 21.431629, 48.0883146 ], [ 21.4309786, 48.086425 ], [ 21.436323, 48.0790757 ], [ 21.4505692, 48.0799296 ], [ 21.4533627, 48.0787253 ], [ 21.4560072, 48.0744866 ], [ 21.461064, 48.0732352 ], [ 21.4621127, 48.0713105 ], [ 21.4507228, 48.0707835 ], [ 21.4403129, 48.0668074 ], [ 21.4375462, 48.0683891 ], [ 21.4359759, 48.0589002 ], [ 21.4372587, 48.0497309 ], [ 21.4324297, 48.0433585 ], [ 21.4244271, 48.0423815 ], [ 21.4200308, 48.0455146 ], [ 21.4163181, 48.0513053 ], [ 21.4124155, 48.0529094 ], [ 21.4089213, 48.0510711 ], [ 21.4080152, 48.0434776 ], [ 21.4156642, 48.0368448 ], [ 21.4080639, 48.0320464 ], [ 21.3989202, 48.0307127 ], [ 21.384909, 48.0348007 ], [ 21.3752358, 48.034232 ], [ 21.3811554, 48.0268798 ], [ 21.3782272, 48.0250293 ], [ 21.3688782, 48.0326933 ], [ 21.362119, 48.0321874 ], [ 21.3525075, 48.0339216 ], [ 21.3496229, 48.0328381 ], [ 21.3488331, 48.0279011 ], [ 21.3429812, 48.0238265 ], [ 21.3298381, 48.0218038 ], [ 21.326465, 48.0226322 ], [ 21.3233324, 48.0287866 ], [ 21.3166507, 48.0319604 ], [ 21.2932463, 48.0289864 ], [ 21.2928299, 48.0324221 ], [ 21.2958768, 48.0373158 ], [ 21.2947899, 48.0384773 ], [ 21.2855014, 48.0337036 ], [ 21.2658434, 48.0386541 ], [ 21.259343, 48.0460111 ], [ 21.2585443, 48.054022 ], [ 21.2604692, 48.0593221 ], [ 21.2588014, 48.0601099 ], [ 21.2511961, 48.0549236 ], [ 21.240273, 48.051702 ], [ 21.2355061, 48.0464612 ], [ 21.2238709, 48.039824 ], [ 21.2219979, 48.035669 ], [ 21.2302738, 48.0298056 ], [ 21.229043, 48.0275415 ], [ 21.2186429, 48.0231678 ], [ 21.2129747, 48.0232733 ], [ 21.1933667, 48.0297291 ], [ 21.1699703, 48.0267303 ], [ 21.167682, 48.033896 ], [ 21.1720254, 48.0397869 ], [ 21.1695839, 48.041933 ], [ 21.1582343, 48.0442858 ], [ 21.1520264, 48.0397788 ], [ 21.1499643, 48.039809 ], [ 21.1412209, 48.0455665 ], [ 21.1353796, 48.0443102 ], [ 21.1314101, 48.0482626 ], [ 21.1279009, 48.0457769 ], [ 21.1311161, 48.0418209 ], [ 21.128483, 48.0396644 ], [ 21.1256537, 48.040093 ], [ 21.113968, 48.0315431 ], [ 21.1109536, 48.0270287 ], [ 21.1108187, 48.0236036 ], [ 21.0954285, 48.0219725 ], [ 21.0913103, 48.0182331 ], [ 21.0918616, 48.0104404 ], [ 21.0824593, 48.0096304 ], [ 21.078803, 48.0032235 ], [ 21.0787586, 48.0020777 ], [ 21.0832989, 48.0019984 ], [ 21.0859934, 47.9968876 ], [ 21.1046184, 47.9814426 ], [ 21.1061067, 47.9760859 ], [ 21.1019386, 47.9711047 ], [ 21.1067849, 47.9705769 ], [ 21.1091157, 47.971844 ], [ 21.1220012, 47.9620932 ], [ 21.1275101, 47.9574131 ], [ 21.1344992, 47.9614905 ], [ 21.146025, 47.9532673 ], [ 21.1514919, 47.9619731 ], [ 21.151596, 47.9649709 ], [ 21.1753622, 47.963041 ], [ 21.1835967, 47.9575584 ], [ 21.1943852, 47.95773 ], [ 21.2216606, 47.9438919 ], [ 21.2316542, 47.9406897 ], [ 21.2336827, 47.9349081 ], [ 21.2402955, 47.9305869 ], [ 21.2615892, 47.9244644 ], [ 21.2630421, 47.9187556 ], [ 21.2616295, 47.9118779 ], [ 21.2709473, 47.9048785 ], [ 21.2978035, 47.9104006 ], [ 21.3041645, 47.9130052 ], [ 21.304288, 47.9160326 ], [ 21.320399, 47.9199288 ], [ 21.3560886, 47.9215006 ], [ 21.3588085, 47.9191729 ], [ 21.3706583, 47.9181705 ], [ 21.3809915, 47.9210052 ], [ 21.4138268, 47.9207285 ], [ 21.418437, 47.9225335 ], [ 21.4297699, 47.922699 ], [ 21.4311794, 47.9287452 ], [ 21.4362654, 47.9275006 ], [ 21.4611912, 47.9277601 ], [ 21.4723941, 47.9256178 ], [ 21.4967503, 47.925477 ], [ 21.4994341, 47.9341796 ], [ 21.5113317, 47.9339312 ], [ 21.5162208, 47.9414437 ], [ 21.5655327, 47.9297227 ], [ 21.5575752, 47.9173281 ], [ 21.5536148, 47.9059558 ], [ 21.5559999, 47.8964298 ], [ 21.5545505, 47.8895837 ], [ 21.5658285, 47.888583 ], [ 21.5561195, 47.8750955 ], [ 21.5521648, 47.8515172 ], [ 21.5447024, 47.8257473 ], [ 21.5445462, 47.7980881 ], [ 21.541329, 47.7904654 ], [ 21.5957876, 47.7717666 ], [ 21.6164623, 47.7545103 ], [ 21.6157508, 47.7511693 ], [ 21.6268082, 47.7466731 ], [ 21.6282069, 47.7409479 ], [ 21.6268692, 47.736754 ], [ 21.6360988, 47.7293443 ], [ 21.6512394, 47.7270911 ], [ 21.6777603, 47.7261095 ], [ 21.6794731, 47.7264447 ], [ 21.6802092, 47.7306238 ], [ 21.7001267, 47.733227 ], [ 21.7071971, 47.728109 ], [ 21.7191053, 47.706877 ], [ 21.7288051, 47.708937 ], [ 21.7500748, 47.7053834 ], [ 21.7665162, 47.7069117 ], [ 21.7714976, 47.7052713 ], [ 21.7705386, 47.6972945 ], [ 21.7679377, 47.6908913 ], [ 21.7637956, 47.6871674 ], [ 21.7762326, 47.6876337 ], [ 21.7959068, 47.6852618 ], [ 21.8025973, 47.6740584 ], [ 21.8244991, 47.6723943 ], [ 21.8305416, 47.6692012 ], [ 21.8361819, 47.6690597 ], [ 21.8412705, 47.6696832 ], [ 21.8506047, 47.6751988 ], [ 21.8556989, 47.6754488 ], [ 21.8584646, 47.6849126 ], [ 21.8704644, 47.6884259 ], [ 21.8746882, 47.6932872 ], [ 21.8833954, 47.6972819 ], [ 21.8869023, 47.7104863 ], [ 21.8858865, 47.7231043 ], [ 21.8877481, 47.7261012 ], [ 21.9076821, 47.7294143 ], [ 21.9087666, 47.7282522 ], [ 21.9242745, 47.7332054 ], [ 21.9263177, 47.7289516 ], [ 21.9319622, 47.7295606 ], [ 21.9351506, 47.7253055 ], [ 21.9380026, 47.7263645 ], [ 21.941757, 47.7228647 ], [ 21.9468209, 47.7219683 ], [ 21.9487241, 47.7158172 ], [ 21.9526776, 47.7160878 ], [ 21.9576415, 47.7136984 ], [ 21.96019, 47.7090539 ], [ 21.9657152, 47.7066419 ], [ 21.9870153, 47.7042153 ], [ 21.9861623, 47.6988453 ], [ 21.9838688, 47.6977845 ], [ 21.9819278, 47.6936529 ], [ 21.9824926, 47.684133 ], [ 21.9801267, 47.6815248 ], [ 21.9799481, 47.6784966 ], [ 21.9809612, 47.6757615 ], [ 21.9933432, 47.6758204 ], [ 21.9953441, 47.6712218 ], [ 21.9995907, 47.6669375 ], [ 22.0052474, 47.6667619 ], [ 22.0084579, 47.6636441 ], [ 22.0113281, 47.6646689 ], [ 22.0031266, 47.6493085 ], [ 22.0032807, 47.6416256 ], [ 22.0052263, 47.6370828 ], [ 22.0090404, 47.6334872 ], [ 22.0144341, 47.6303328 ], [ 22.019522, 47.6294529 ], [ 22.0182051, 47.6267776 ], [ 22.0217944, 47.6202422 ], [ 22.0268819, 47.6208647 ], [ 22.0254211, 47.6247165 ], [ 22.0272861, 47.6273564 ], [ 22.0382007, 47.6316297 ], [ 22.0446614, 47.6360409 ], [ 22.0544664, 47.6494997 ], [ 22.0551791, 47.6525621 ], [ 22.0618203, 47.659985 ], [ 22.065219, 47.6701865 ], [ 22.0754598, 47.6718081 ], [ 22.0834855, 47.6647541 ], [ 22.1045727, 47.6580773 ], [ 22.101773, 47.6490312 ], [ 22.1072734, 47.6362954 ], [ 22.104142, 47.6310366 ], [ 22.1084384, 47.6275051 ], [ 22.1103185, 47.6213734 ], [ 22.1187679, 47.6112267 ], [ 22.1190672, 47.6070309 ], [ 22.1172983, 47.6055426 ], [ 22.1183526, 47.6039879 ], [ 22.1249769, 47.6019187 ], [ 22.1281644, 47.598019 ], [ 22.1394484, 47.5980495 ], [ 22.1460317, 47.5946159 ], [ 22.1609591, 47.5922766 ], [ 22.1710019, 47.5917005 ], [ 22.1766395, 47.5943758 ], [ 22.1784662, 47.5992861 ], [ 22.1805514, 47.5992353 ], [ 22.1829384, 47.6063286 ], [ 22.18982, 47.6116258 ], [ 22.1949714, 47.6312788 ], [ 22.1991734, 47.6362777 ], [ 22.203356, 47.6548534 ], [ 22.2118086, 47.6540803 ], [ 22.2218452, 47.6620856 ], [ 22.2202164, 47.6638883 ], [ 22.2231519, 47.6687337 ], [ 22.2224476, 47.6731995 ], [ 22.2251458, 47.6808198 ], [ 22.222859, 47.6827435 ], [ 22.2261906, 47.6879898 ], [ 22.2306796, 47.6931961 ], [ 22.2409874, 47.6953112 ], [ 22.2542158, 47.6949689 ], [ 22.2564103, 47.6979254 ], [ 22.2588867, 47.6980839 ], [ 22.2621813, 47.7170184 ], [ 22.2591412, 47.7171767 ], [ 22.2645396, 47.7311613 ], [ 22.2851369, 47.7292758 ], [ 22.2988701, 47.7371585 ], [ 22.3032535, 47.7371213 ], [ 22.3060831, 47.7413601 ], [ 22.3176236, 47.7433657 ], [ 22.3210324, 47.7541183 ], [ 22.3177715, 47.7660887 ], [ 22.3246826, 47.7666802 ], [ 22.3316669, 47.7644121 ], [ 22.3466527, 47.7527527 ], [ 22.3567187, 47.749057 ], [ 22.3866069, 47.7452683 ], [ 22.3963462, 47.7477313 ], [ 22.4103266, 47.7466393 ], [ 22.4114164, 47.742387 ], [ 22.4302174, 47.7409546 ], [ 22.4298602, 47.7452395 ], [ 22.4271227, 47.7469484 ], [ 22.4279951, 47.7495911 ], [ 22.4257553, 47.7501105 ], [ 22.435291, 47.769688 ], [ 22.4407655, 47.7919349 ], [ 22.4479445, 47.8031152 ], [ 22.4669245, 47.8049895 ], [ 22.4812121, 47.8108887 ], [ 22.487942, 47.806025 ], [ 22.539834, 47.78187 ], [ 22.5495259, 47.7726589 ], [ 22.6115515, 47.7719876 ], [ 22.615507, 47.7772768 ], [ 22.6269999, 47.7760916 ], [ 22.636823, 47.7807278 ], [ 22.6466656, 47.7790494 ], [ 22.660084, 47.7818826 ], [ 22.6637006, 47.7835265 ], [ 22.6661502, 47.7869171 ], [ 22.6707028, 47.788214 ], [ 22.6801939, 47.7877527 ], [ 22.6849866, 47.7916 ], [ 22.6951796, 47.8083512 ], [ 22.7014203, 47.8149988 ], [ 22.6996872, 47.8183697 ], [ 22.7038398, 47.8204159 ], [ 22.7056759, 47.8235359 ], [ 22.7093743, 47.8239013 ], [ 22.710862, 47.8338916 ], [ 22.7136345, 47.8360928 ], [ 22.7241562, 47.8382671 ], [ 22.7299007, 47.8354943 ], [ 22.7385498, 47.8364474 ], [ 22.7420841, 47.8346428 ], [ 22.7555146, 47.8341936 ], [ 22.7664357, 47.841893 ], [ 22.77775, 47.8422508 ], [ 22.7782177, 47.84996 ], [ 22.7756423, 47.8546754 ], [ 22.7755411, 47.8586347 ], [ 22.7725222, 47.8592564 ], [ 22.7734979, 47.863705 ], [ 22.7627907, 47.8651072 ], [ 22.7622964, 47.8671384 ], [ 22.7686658, 47.8779258 ], [ 22.7587494, 47.8856767 ], [ 22.7592614, 47.887994 ], [ 22.7563758, 47.8902348 ], [ 22.7580507, 47.89341 ], [ 22.7603622, 47.8948581 ], [ 22.764145, 47.8929716 ], [ 22.7666234, 47.8945943 ], [ 22.7701223, 47.892737 ], [ 22.7831352, 47.8935765 ], [ 22.7928135, 47.8908586 ], [ 22.8061823, 47.8982092 ], [ 22.8146222, 47.9004006 ], [ 22.825908, 47.9075288 ], [ 22.8321839, 47.9087226 ], [ 22.8473299, 47.907758 ], [ 22.8569636, 47.9166482 ], [ 22.857918, 47.9202511 ], [ 22.8663198, 47.9249469 ], [ 22.8664891, 47.9289997 ], [ 22.8725269, 47.932364 ], [ 22.8727137, 47.9363639 ], [ 22.8802581, 47.9438612 ], [ 22.8850285, 47.944699 ], [ 22.8870438, 47.9516531 ], [ 22.8909921, 47.9533051 ], [ 22.894961, 47.9519684 ], [ 22.8964394, 47.9528059 ], [ 22.8947415, 47.9547392 ], [ 22.8965048, 47.9567093 ], [ 22.8909288, 47.9569342 ], [ 22.8927413, 47.9610683 ], [ 22.8896403, 47.96155 ], [ 22.8930397, 47.9630024 ], [ 22.8924385, 47.9670886 ], [ 22.886941, 47.9653889 ], [ 22.8854282, 47.9666888 ], [ 22.8794951, 47.9634994 ], [ 22.8788349, 47.9656715 ], [ 22.8802514, 47.9666247 ], [ 22.877547, 47.9668565 ], [ 22.8781023, 47.9681238 ], [ 22.8740897, 47.9660023 ], [ 22.8737875, 47.9684962 ], [ 22.8713265, 47.9686022 ], [ 22.872839, 47.9702405 ], [ 22.8713349, 47.972283 ], [ 22.8735271, 47.9738454 ], [ 22.8694374, 47.9767117 ], [ 22.8666989, 47.9769415 ], [ 22.867576, 47.9742535 ], [ 22.8634373, 47.9751675 ], [ 22.8618146, 47.9737489 ], [ 22.8632938, 47.9778078 ], [ 22.8587794, 47.9764894 ], [ 22.860216, 47.9794597 ], [ 22.8557396, 47.9789684 ], [ 22.8553458, 47.9806344 ], [ 22.8528123, 47.9802237 ], [ 22.8515051, 47.9820956 ], [ 22.8401738, 47.9815977 ], [ 22.8440656, 47.984717 ], [ 22.8418987, 47.9861857 ], [ 22.8424915, 47.9880212 ], [ 22.8363391, 47.9908815 ], [ 22.8475263, 48.0025194 ], [ 22.8508575, 48.0027784 ], [ 22.8580626, 48.0092059 ], [ 22.8655662, 48.0120287 ], [ 22.865461, 48.0219019 ], [ 22.872833, 48.0248003 ], [ 22.880644, 48.0363044 ], [ 22.8819168, 48.0539495 ], [ 22.8737366, 48.0561053 ], [ 22.8719268, 48.0528783 ], [ 22.8735063, 48.0517459 ], [ 22.8696262, 48.0513832 ], [ 22.8610832, 48.0575529 ], [ 22.8649677, 48.0592258 ], [ 22.8613524, 48.0597774 ], [ 22.8634555, 48.0619436 ], [ 22.8624852, 48.0643708 ], [ 22.859744, 48.0655315 ], [ 22.8616276, 48.067914 ], [ 22.8586603, 48.0686399 ], [ 22.8616875, 48.0706089 ], [ 22.8595949, 48.0722844 ], [ 22.8611859, 48.0742899 ], [ 22.8581601, 48.075152 ], [ 22.8566516, 48.07812 ], [ 22.850728, 48.0801541 ], [ 22.8483959, 48.0832212 ], [ 22.8442974, 48.0831743 ], [ 22.8400434, 48.079353 ], [ 22.8364482, 48.0803814 ], [ 22.8363032, 48.0833533 ], [ 22.8392703, 48.0852185 ], [ 22.834558, 48.0872483 ], [ 22.8343688, 48.093468 ], [ 22.830442, 48.0936787 ], [ 22.8279161, 48.0963945 ], [ 22.8278521, 48.1010507 ], [ 22.8316335, 48.1061442 ], [ 22.8315125, 48.1094485 ], [ 22.8237428, 48.1177781 ], [ 22.8150555, 48.117978 ], [ 22.8108193, 48.112414 ], [ 22.8098905, 48.1075534 ], [ 22.8050756, 48.106174 ], [ 22.8019358, 48.1073922 ], [ 22.8014942, 48.1104413 ], [ 22.8067848, 48.1187615 ], [ 22.8059953, 48.1206823 ], [ 22.8027897, 48.1219346 ], [ 22.7979197, 48.1219687 ], [ 22.7939597, 48.1177708 ], [ 22.7902257, 48.116629 ], [ 22.7781773, 48.121392 ], [ 22.7716327, 48.1216856 ], [ 22.769798, 48.1195943 ], [ 22.7703664, 48.1173217 ], [ 22.7778125, 48.1120303 ], [ 22.77037, 48.1089087 ], [ 22.7634573, 48.110483 ], [ 22.7564943, 48.1203212 ], [ 22.75221, 48.1204085 ], [ 22.7443021, 48.1175631 ], [ 22.7347193, 48.1195795 ], [ 22.7300334, 48.1149721 ], [ 22.720764, 48.1152594 ], [ 22.7147162, 48.1111922 ], [ 22.7050388, 48.1098096 ], [ 22.6996286, 48.104831 ], [ 22.6857698, 48.0986044 ], [ 22.6777159, 48.0927312 ], [ 22.6729488, 48.0917969 ], [ 22.6650258, 48.0924093 ], [ 22.6561475, 48.0956737 ], [ 22.6343357, 48.0960678 ], [ 22.6232924, 48.1040417 ], [ 22.6196526, 48.1038922 ], [ 22.6197055, 48.105618 ], [ 22.6094755, 48.1033463 ], [ 22.6029681, 48.1038209 ], [ 22.5950937, 48.1076517 ], [ 22.5902764, 48.1073415 ], [ 22.5926019, 48.1131164 ], [ 22.6001107, 48.1167948 ], [ 22.5926176, 48.1231561 ], [ 22.5928189, 48.1321822 ], [ 22.5955202, 48.1350165 ], [ 22.5881388, 48.1395849 ], [ 22.5891687, 48.1418759 ], [ 22.5982449, 48.144756 ], [ 22.5922149, 48.1518528 ], [ 22.5894228, 48.1510091 ], [ 22.5862095, 48.1540184 ], [ 22.5829015, 48.1595523 ], [ 22.5778087, 48.1581058 ], [ 22.5750223, 48.159262 ], [ 22.5724726, 48.1665795 ], [ 22.5645366, 48.1770059 ], [ 22.5656778, 48.1789055 ], [ 22.5613894, 48.1815208 ], [ 22.5620673, 48.184631 ], [ 22.5682467, 48.184364 ], [ 22.5718437, 48.1904617 ], [ 22.5711443, 48.1961428 ], [ 22.557583, 48.1983168 ], [ 22.5438904, 48.2084122 ], [ 22.5366354, 48.2105585 ], [ 22.5311089, 48.2094282 ], [ 22.5298484, 48.212445 ], [ 22.5239654, 48.2165126 ], [ 22.5237864, 48.2183844 ], [ 22.5136141, 48.2258558 ], [ 22.512995, 48.2296858 ], [ 22.5162873, 48.233515 ], [ 22.5161491, 48.2379651 ], [ 22.4972202, 48.2395546 ], [ 22.5034924, 48.2452313 ], [ 22.4988748, 48.2466943 ], [ 22.5014498, 48.2492092 ], [ 22.4898726, 48.253442 ], [ 22.471199, 48.2478644 ], [ 22.4699798, 48.2499158 ], [ 22.4697164, 48.2473374 ], [ 22.4660904, 48.2445118 ], [ 22.46203, 48.2446496 ], [ 22.456386, 48.242311 ], [ 22.4554399, 48.2438219 ], [ 22.447296, 48.2436233 ], [ 22.4403993, 48.2502124 ], [ 22.4362977, 48.2503327 ], [ 22.4328385, 48.2525166 ], [ 22.4299203, 48.2509939 ], [ 22.4329463, 48.2466155 ], [ 22.4198432, 48.2487921 ], [ 22.4196481, 48.2505759 ], [ 22.4006408, 48.249198 ], [ 22.3963246, 48.2455622 ], [ 22.3946421, 48.2411909 ], [ 22.3862762, 48.2379606 ], [ 22.3847548, 48.2339633 ], [ 22.3691105, 48.245103 ], [ 22.3708837, 48.2464843 ], [ 22.3603068, 48.2653966 ], [ 22.3386764, 48.2790289 ], [ 22.3406889, 48.2829973 ], [ 22.3373665, 48.2924138 ], [ 22.3402583, 48.2958791 ], [ 22.3376582, 48.3012761 ], [ 22.3370319, 48.3075064 ], [ 22.3208576, 48.3145482 ], [ 22.3182863, 48.3176483 ], [ 22.3195468, 48.3185944 ], [ 22.3193184, 48.3222134 ], [ 22.3145356, 48.3237932 ], [ 22.3126578, 48.3264085 ], [ 22.3165084, 48.33025 ], [ 22.3202242, 48.3387553 ], [ 22.3172589, 48.3448234 ], [ 22.3199657, 48.3499073 ], [ 22.3178163, 48.3545435 ], [ 22.2979347, 48.3547705 ], [ 22.2943708, 48.3567319 ], [ 22.2672826, 48.3612219 ], [ 22.2587836, 48.3699212 ], [ 22.2527503, 48.3795789 ], [ 22.2401744, 48.386055 ], [ 22.2412848, 48.3889619 ], [ 22.2527969, 48.3911135 ], [ 22.2568198, 48.3936301 ], [ 22.2629893, 48.4022121 ], [ 22.2651338, 48.409986 ], [ 22.2344077, 48.4107232 ], [ 22.2268916, 48.4141952 ], [ 22.2153639, 48.4242739 ], [ 22.2061908, 48.4255341 ], [ 22.1999252, 48.4237043 ], [ 22.1829396, 48.4145015 ], [ 22.1682478, 48.4132964 ], [ 22.1572029, 48.4101036 ], [ 22.1552806, 48.4082409 ], [ 22.155128, 48.398761 ], [ 22.152768, 48.396241 ], [ 22.131056, 48.391233 ], [ 22.13082, 48.389703 ], [ 22.136376, 48.383581 ], [ 22.13604, 48.38061 ], [ 22.126149, 48.380848 ], [ 22.1210833, 48.3783056 ] ] ] ] } },
{ "type": "Feature", "properties": { "county_name": "TOL", "osm_relation_id": "22239" }, "geometry": { "type": "MultiPolygon", "coordinates": [ [ [ [ 18.210779, 46.778241 ], [ 18.2000269, 46.778064 ], [ 18.1868437, 46.7703475 ], [ 18.1746189, 46.7721573 ], [ 18.1663932, 46.7671415 ], [ 18.1664369, 46.7644766 ], [ 18.1721291, 46.7550001 ], [ 18.1722903, 46.7451028 ], [ 18.1612173, 46.7446328 ], [ 18.1601427, 46.7430996 ], [ 18.1562727, 46.7426913 ], [ 18.1506144, 46.7495021 ], [ 18.1412342, 46.7475249 ], [ 18.1435134, 46.743353 ], [ 18.1379914, 46.7425466 ], [ 18.137551, 46.7360721 ], [ 18.1270626, 46.7337006 ], [ 18.1204923, 46.7294572 ], [ 18.1143802, 46.7305477 ], [ 18.1149918, 46.7275093 ], [ 18.1194824, 46.7237341 ], [ 18.1303296, 46.7044029 ], [ 18.1413236, 46.7090592 ], [ 18.1469723, 46.7026331 ], [ 18.1381499, 46.70066 ], [ 18.1410306, 46.6938277 ], [ 18.1262234, 46.6945782 ], [ 18.132811, 46.6888095 ], [ 18.1284088, 46.6876335 ], [ 18.1313485, 46.6773743 ], [ 18.127477, 46.677343 ], [ 18.1126527, 46.6707448 ], [ 18.1137797, 46.6696136 ], [ 18.1104778, 46.6684459 ], [ 18.1110624, 46.6669259 ], [ 18.1072316, 46.6646071 ], [ 18.1100216, 46.6631054 ], [ 18.1067267, 46.6615596 ], [ 18.1073114, 46.6600396 ], [ 18.1056662, 46.6588855 ], [ 18.1018162, 46.6577068 ], [ 18.1080465, 46.6493784 ], [ 18.0893835, 46.6416109 ], [ 18.0905917, 46.6359063 ], [ 18.0884803, 46.6301736 ], [ 18.0752964, 46.6258776 ], [ 18.0742451, 46.622819 ], [ 18.0709538, 46.6212659 ], [ 18.0732971, 46.6140526 ], [ 18.0783523, 46.6095277 ], [ 18.0874222, 46.5966565 ], [ 18.084907, 46.5829245 ], [ 18.078852, 46.5817262 ], [ 18.0783905, 46.5763917 ], [ 18.0719809, 46.5645351 ], [ 18.0632881, 46.5568422 ], [ 18.0583203, 46.556799 ], [ 18.0501031, 46.5536774 ], [ 18.037816, 46.5611864 ], [ 18.0401825, 46.5528272 ], [ 18.0392555, 46.5432983 ], [ 18.0370604, 46.5425225 ], [ 18.0387698, 46.5394882 ], [ 18.0327511, 46.5371472 ], [ 18.0335063, 46.5261146 ], [ 18.0375878, 46.5143432 ], [ 18.0382634, 46.5074938 ], [ 18.0373894, 46.5041739 ], [ 18.0308205, 46.5015291 ], [ 18.0401851, 46.4945037 ], [ 18.0509034, 46.4712067 ], [ 18.0515179, 46.4619295 ], [ 18.068252, 46.4373165 ], [ 18.0688134, 46.4350243 ], [ 18.0644106, 46.4346019 ], [ 18.0668227, 46.4231993 ], [ 18.0492263, 46.4219048 ], [ 18.0498783, 46.4161957 ], [ 18.0449658, 46.4138712 ], [ 18.0410212, 46.4187825 ], [ 18.0393795, 46.4183897 ], [ 18.0399545, 46.4168701 ], [ 18.0367426, 46.4122732 ], [ 18.0328474, 46.4145193 ], [ 18.0312327, 46.4122238 ], [ 18.0257534, 46.4110277 ], [ 18.0268913, 46.4091351 ], [ 18.0203104, 46.407935 ], [ 18.0220309, 46.4041448 ], [ 18.0159972, 46.4029432 ], [ 18.0148446, 46.405598 ], [ 18.0082644, 46.4043972 ], [ 18.0094101, 46.4021205 ], [ 18.001736, 46.4005312 ], [ 18.0129556, 46.3895889 ], [ 18.0119417, 46.3850052 ], [ 18.0141719, 46.3831227 ], [ 18.0185194, 46.386212 ], [ 18.0316546, 46.3897585 ], [ 18.0339433, 46.3852047 ], [ 18.0525098, 46.3929875 ], [ 18.0548876, 46.3834877 ], [ 18.0644781, 46.3702452 ], [ 18.065123, 46.3652983 ], [ 18.0821463, 46.3665856 ], [ 18.0806351, 46.3589611 ], [ 18.0835118, 46.3517461 ], [ 18.0830811, 46.3452714 ], [ 18.0859229, 46.3399651 ], [ 18.0877582, 46.3293135 ], [ 18.0753163, 46.3181617 ], [ 18.0749757, 46.3067353 ], [ 18.0717173, 46.3044262 ], [ 18.0645801, 46.3039799 ], [ 18.0531924, 46.2958844 ], [ 18.05876, 46.2921213 ], [ 18.059804, 46.29518 ], [ 18.0653345, 46.2929412 ], [ 18.0719093, 46.2937606 ], [ 18.0763417, 46.291896 ], [ 18.076287, 46.2949451 ], [ 18.0789568, 46.2991518 ], [ 18.0849601, 46.3014904 ], [ 18.0910311, 46.3000172 ], [ 18.101425, 46.302392 ], [ 18.110924, 46.2929508 ], [ 18.1143801, 46.283837 ], [ 18.1171175, 46.2842439 ], [ 18.1226665, 46.28124 ], [ 18.1323691, 46.291602 ], [ 18.1290536, 46.2930998 ], [ 18.12472, 46.2892587 ], [ 18.1153289, 46.292603 ], [ 18.1147484, 46.2941229 ], [ 18.1185036, 46.2998687 ], [ 18.1106015, 46.311611 ], [ 18.1143223, 46.3188752 ], [ 18.1170575, 46.3200383 ], [ 18.1225816, 46.3181808 ], [ 18.1247688, 46.3189611 ], [ 18.1269043, 46.3227842 ], [ 18.1390139, 46.3213638 ], [ 18.1396386, 46.3171788 ], [ 18.1528215, 46.3172841 ], [ 18.1544358, 46.3191997 ], [ 18.1521627, 46.3241341 ], [ 18.153771, 46.3264278 ], [ 18.1566235, 46.3199794 ], [ 18.1643217, 46.3196556 ], [ 18.1720317, 46.3255715 ], [ 18.1730107, 46.3281188 ], [ 18.1804575, 46.3328211 ], [ 18.1929682, 46.3311296 ], [ 18.2009195, 46.3319893 ], [ 18.1997943, 46.3359251 ], [ 18.2029948, 46.3424199 ], [ 18.202775, 46.356513 ], [ 18.1994843, 46.3557259 ], [ 18.1961158, 46.3598906 ], [ 18.1889128, 46.3636417 ], [ 18.1856102, 46.3978927 ], [ 18.2207131, 46.4057725 ], [ 18.2372837, 46.4024648 ], [ 18.2438065, 46.4078418 ], [ 18.2510262, 46.4037029 ], [ 18.2670135, 46.4015273 ], [ 18.2724625, 46.4057548 ], [ 18.2818044, 46.4065808 ], [ 18.2977, 46.4116396 ], [ 18.3037514, 46.4120576 ], [ 18.3141349, 46.4174558 ], [ 18.3302185, 46.4088011 ], [ 18.3351878, 46.407692 ], [ 18.3379232, 46.4088497 ], [ 18.3457367, 46.4005186 ], [ 18.3474341, 46.3967235 ], [ 18.3441627, 46.3948004 ], [ 18.3441924, 46.3925135 ], [ 18.3420139, 46.3905971 ], [ 18.3416663, 46.37536 ], [ 18.3433632, 46.371565 ], [ 18.3505705, 46.3674198 ], [ 18.3512095, 46.3601906 ], [ 18.3550487, 46.3609765 ], [ 18.3688359, 46.3580107 ], [ 18.3716075, 46.3561245 ], [ 18.376011, 46.3561508 ], [ 18.3760441, 46.3534858 ], [ 18.3865304, 46.3501202 ], [ 18.3905079, 46.3394827 ], [ 18.3894444, 46.3364271 ], [ 18.3730545, 46.3283349 ], [ 18.3736802, 46.3226241 ], [ 18.3759047, 46.3199722 ], [ 18.3765676, 46.3112183 ], [ 18.3727506, 46.3089085 ], [ 18.3755667, 46.3032169 ], [ 18.3722911, 46.3012883 ], [ 18.3756847, 46.2936974 ], [ 18.3839367, 46.2929839 ], [ 18.3894628, 46.2899668 ], [ 18.3916435, 46.2915042 ], [ 18.3982867, 46.2869747 ], [ 18.4147123, 46.2912579 ], [ 18.4220177, 46.2772044 ], [ 18.4165345, 46.2760334 ], [ 18.4116949, 46.2680108 ], [ 18.4101133, 46.2619093 ], [ 18.4090143, 46.2619031 ], [ 18.4101268, 46.2607627 ], [ 18.4090726, 46.2569512 ], [ 18.4047672, 46.2500718 ], [ 18.4037453, 46.2435891 ], [ 18.399369, 46.2420455 ], [ 18.3950386, 46.2374464 ], [ 18.3840906, 46.2351017 ], [ 18.3802927, 46.2316518 ], [ 18.361672, 46.2288749 ], [ 18.3595188, 46.2254342 ], [ 18.3639837, 46.2197469 ], [ 18.3683959, 46.2174865 ], [ 18.3815872, 46.2156624 ], [ 18.3968233, 46.2256558 ], [ 18.4110514, 46.2291645 ], [ 18.4170169, 46.2345283 ], [ 18.4235943, 46.2357053 ], [ 18.4268459, 46.2387726 ], [ 18.4383417, 46.2418785 ], [ 18.4405043, 46.2441772 ], [ 18.4443451, 46.2441978 ], [ 18.4459638, 46.2472497 ], [ 18.4442435, 46.2533331 ], [ 18.4546778, 46.2533884 ], [ 18.4579818, 46.2518872 ], [ 18.4601753, 46.2522768 ], [ 18.4596138, 46.2537985 ], [ 18.4662019, 46.2534484 ], [ 18.4678294, 46.2549815 ], [ 18.4606262, 46.2617992 ], [ 18.4682654, 46.2660285 ], [ 18.4775822, 46.2672163 ], [ 18.4802976, 46.2698951 ], [ 18.4806686, 46.2874186 ], [ 18.4755888, 46.3003405 ], [ 18.4788801, 46.3011195 ], [ 18.4851125, 46.2931719 ], [ 18.5031365, 46.2924752 ], [ 18.5086407, 46.2909831 ], [ 18.5092328, 46.2871742 ], [ 18.5188514, 46.2841408 ], [ 18.5197425, 46.2792285 ], [ 18.5148522, 46.2738753 ], [ 18.5187211, 46.2712284 ], [ 18.5302745, 46.2686168 ], [ 18.5319132, 46.2701428 ], [ 18.5312722, 46.2792818 ], [ 18.5345954, 46.2766319 ], [ 18.5346134, 46.2747292 ], [ 18.5423099, 46.2736173 ], [ 18.5423312, 46.2713365 ], [ 18.5390729, 46.2671321 ], [ 18.5408575, 46.2530523 ], [ 18.5387456, 46.2439009 ], [ 18.533871, 46.2370239 ], [ 18.5284166, 46.2339558 ], [ 18.5328592, 46.2278774 ], [ 18.5471633, 46.2241363 ], [ 18.5482701, 46.2222385 ], [ 18.5466343, 46.2214689 ], [ 18.552146, 46.2192062 ], [ 18.5685666, 46.2230889 ], [ 18.5708142, 46.2162435 ], [ 18.5658909, 46.2146979 ], [ 18.5653767, 46.2112683 ], [ 18.567613, 46.20671 ], [ 18.5720189, 46.2040636 ], [ 18.5698724, 46.1994805 ], [ 18.5814146, 46.1961015 ], [ 18.5908018, 46.1877666 ], [ 18.5930477, 46.1816832 ], [ 18.6001637, 46.1832302 ], [ 18.6083316, 46.189361 ], [ 18.6132569, 46.1905205 ], [ 18.6171572, 46.1825402 ], [ 18.6210205, 46.1791275 ], [ 18.6419285, 46.1689226 ], [ 18.6573961, 46.1514561 ], [ 18.6788408, 46.1397277 ], [ 18.6860296, 46.129847 ], [ 18.6860548, 46.1260417 ], [ 18.6874731, 46.1248506 ], [ 18.6931686, 46.1272047 ], [ 18.6931513, 46.1298697 ], [ 18.6904074, 46.1310076 ], [ 18.6898398, 46.1332866 ], [ 18.6936628, 46.1348233 ], [ 18.7019203, 46.1287565 ], [ 18.718384, 46.1227135 ], [ 18.7211452, 46.1185318 ], [ 18.7287889, 46.1219811 ], [ 18.7386759, 46.1166786 ], [ 18.7469298, 46.1098463 ], [ 18.7512922, 46.1121448 ], [ 18.7578802, 46.1098749 ], [ 18.7611391, 46.1136887 ], [ 18.7753746, 46.1144863 ], [ 18.7797778, 46.1087888 ], [ 18.8027743, 46.1088411 ], [ 18.8197371, 46.1092547 ], [ 18.8109555, 46.1145666 ], [ 18.8251173, 46.1336348 ], [ 18.826759, 46.13326 ], [ 18.8321901, 46.1439305 ], [ 18.83822, 46.1431796 ], [ 18.8398606, 46.1454696 ], [ 18.8409195, 46.1530885 ], [ 18.8392467, 46.1614586 ], [ 18.841422, 46.1664145 ], [ 18.8392234, 46.1675571 ], [ 18.8440962, 46.1835562 ], [ 18.8517652, 46.1847101 ], [ 18.8512044, 46.1892831 ], [ 18.854476, 46.1927161 ], [ 18.87093, 46.193121 ], [ 18.8709152, 46.1976888 ], [ 18.866513, 46.2011092 ], [ 18.865947, 46.2075849 ], [ 18.867036, 46.2102517 ], [ 18.8714104, 46.2129236 ], [ 18.8719242, 46.2224442 ], [ 18.8675403, 46.2224373 ], [ 18.8494844, 46.2083196 ], [ 18.8330619, 46.2010506 ], [ 18.822083, 46.2056031 ], [ 18.8226149, 46.2086473 ], [ 18.8297104, 46.2178029 ], [ 18.8423053, 46.2231566 ], [ 18.8537772, 46.236124 ], [ 18.8620153, 46.2349974 ], [ 18.8669641, 46.2319561 ], [ 18.8751695, 46.2380614 ], [ 18.8767889, 46.2456809 ], [ 18.8674332, 46.2548019 ], [ 18.8624591, 46.264698 ], [ 18.8673828, 46.270036 ], [ 18.8761661, 46.2704339 ], [ 18.8860736, 46.2624471 ], [ 18.8921214, 46.2597906 ], [ 18.9052942, 46.2586675 ], [ 18.9113282, 46.2609557 ], [ 18.9129308, 46.2777164 ], [ 18.9178435, 46.2902851 ], [ 18.9178353, 46.2937125 ], [ 18.9189359, 46.2933357 ], [ 18.9216629, 46.3009558 ], [ 18.9222006, 46.3081893 ], [ 18.9194382, 46.3154252 ], [ 18.9078682, 46.3245471 ], [ 18.8996035, 46.3340565 ], [ 18.8979458, 46.338244 ], [ 18.8934788, 46.3610833 ], [ 18.8928959, 46.3740298 ], [ 18.8851219, 46.3957299 ], [ 18.8856557, 46.4029636 ], [ 18.8889369, 46.4113477 ], [ 18.9004682, 46.4212612 ], [ 18.920224, 46.4498448 ], [ 18.9240465, 46.464321 ], [ 18.9223628, 46.4749795 ], [ 18.9173629, 46.4913486 ], [ 18.9103695, 46.4951571 ], [ 18.9118391, 46.4970566 ], [ 18.8963422, 46.5191201 ], [ 18.8952155, 46.52712 ], [ 18.89736, 46.5503463 ], [ 18.8956714, 46.5598702 ], [ 18.8845825, 46.5754673 ], [ 18.8640852, 46.5959945 ], [ 18.8590763, 46.6066528 ], [ 18.8612622, 46.6142736 ], [ 18.8689752, 46.6207566 ], [ 18.8827422, 46.636774 ], [ 18.8888199, 46.6383011 ], [ 18.917569, 46.6375752 ], [ 18.9170075, 46.6390992 ], [ 18.9230881, 46.6398684 ], [ 18.9241905, 46.6417723 ], [ 18.9330309, 46.6440685 ], [ 18.942424, 46.6494077 ], [ 18.9556821, 46.6536089 ], [ 18.9562484, 46.6486573 ], [ 18.9678491, 46.6543804 ], [ 18.9783408, 46.6635228 ], [ 18.9932554, 46.6829549 ], [ 19.0037573, 46.691717 ], [ 19.0065256, 46.6993351 ], [ 19.0059598, 46.7088548 ], [ 19.0020782, 46.717989 ], [ 18.9865606, 46.7347408 ], [ 18.9837867, 46.7404475 ], [ 18.9826674, 46.7492106 ], [ 18.9771097, 46.7591052 ], [ 18.9782111, 46.7651984 ], [ 18.9710061, 46.7644315 ], [ 18.9671133, 46.7743329 ], [ 18.9615621, 46.7823241 ], [ 18.956568, 46.7853634 ], [ 18.9537817, 46.794881 ], [ 18.9498946, 46.7986894 ], [ 18.9537711, 46.8009796 ], [ 18.9354522, 46.8089583 ], [ 18.9265598, 46.8177068 ], [ 18.9243332, 46.8241749 ], [ 18.9250892, 46.8571724 ], [ 18.9176495, 46.8570804 ], [ 18.9173346, 46.8594598 ], [ 18.9059473, 46.8583769 ], [ 18.9041163, 46.8601133 ], [ 18.9026057, 46.8598716 ], [ 18.9041359, 46.8569053 ], [ 18.9024307, 46.8562515 ], [ 18.8820293, 46.855518 ], [ 18.8605953, 46.8496769 ], [ 18.8662655, 46.8436059 ], [ 18.875439, 46.838003 ], [ 18.8728993, 46.8353509 ], [ 18.8691847, 46.8358084 ], [ 18.8719223, 46.8333917 ], [ 18.8668166, 46.8323763 ], [ 18.8651827, 46.8251773 ], [ 18.8618477, 46.8220369 ], [ 18.8354184, 46.804696 ], [ 18.7928255, 46.7857131 ], [ 18.7918584, 46.7844782 ], [ 18.7972832, 46.7697344 ], [ 18.7892445, 46.7710189 ], [ 18.7587764, 46.7663791 ], [ 18.7493397, 46.7682666 ], [ 18.7455198, 46.7674742 ], [ 18.7432371, 46.7621724 ], [ 18.7400355, 46.7610262 ], [ 18.7315949, 46.7613578 ], [ 18.712842, 46.7552244 ], [ 18.7184565, 46.7456871 ], [ 18.7212502, 46.7445459 ], [ 18.7312906, 46.7259261 ], [ 18.7252338, 46.723639 ], [ 18.7274491, 46.7213507 ], [ 18.7208312, 46.7194715 ], [ 18.7164078, 46.7206011 ], [ 18.7070266, 46.7164001 ], [ 18.6987612, 46.7083356 ], [ 18.6816551, 46.6969884 ], [ 18.6738897, 46.6941553 ], [ 18.6634759, 46.6937303 ], [ 18.6540598, 46.6902659 ], [ 18.6462911, 46.6902843 ], [ 18.6369358, 46.6875522 ], [ 18.6346946, 46.6883122 ], [ 18.636349, 46.6898429 ], [ 18.633017, 46.6909712 ], [ 18.6341102, 46.6928779 ], [ 18.6285861, 46.6920954 ], [ 18.6296701, 46.6940083 ], [ 18.6279891, 46.6970453 ], [ 18.6302078, 46.6966754 ], [ 18.6318211, 46.7023896 ], [ 18.6279476, 46.7023754 ], [ 18.6251641, 46.7046522 ], [ 18.6306866, 46.7058129 ], [ 18.6317741, 46.708482 ], [ 18.6273565, 46.7077035 ], [ 18.6273238, 46.7118931 ], [ 18.622879, 46.7134013 ], [ 18.6228369, 46.7187314 ], [ 18.6206203, 46.7187231 ], [ 18.6200555, 46.7206237 ], [ 18.6222512, 46.7232971 ], [ 18.6272376, 46.7229375 ], [ 18.6305421, 46.7244744 ], [ 18.6244501, 46.7255923 ], [ 18.6233176, 46.7286375 ], [ 18.6172179, 46.7316586 ], [ 18.6177503, 46.733553 ], [ 18.6154922, 46.737347 ], [ 18.6199138, 46.7392747 ], [ 18.6149091, 46.7392734 ], [ 18.6143728, 46.7415504 ], [ 18.6187788, 46.7415645 ], [ 18.6176353, 46.7449825 ], [ 18.6154632, 46.7453808 ], [ 18.6159804, 46.7468743 ], [ 18.6137522, 46.7459693 ], [ 18.6115355, 46.747098 ], [ 18.608218, 46.7451769 ], [ 18.6015684, 46.7455364 ], [ 18.5854546, 46.7557635 ], [ 18.5726902, 46.7583787 ], [ 18.5687262, 46.766722 ], [ 18.5659303, 46.7686372 ], [ 18.5568954, 46.7838124 ], [ 18.5409289, 46.7797186 ], [ 18.5221511, 46.7693414 ], [ 18.5039157, 46.7639342 ], [ 18.5050508, 46.7601361 ], [ 18.5106605, 46.7533167 ], [ 18.5129861, 46.7457023 ], [ 18.5079738, 46.7445242 ], [ 18.5051754, 46.7475541 ], [ 18.5051946, 46.7456514 ], [ 18.5033303, 46.7450104 ], [ 18.5030796, 46.7472435 ], [ 18.5017624, 46.7463713 ], [ 18.500597, 46.7479748 ], [ 18.4901284, 46.7445772 ], [ 18.483558, 46.7489738 ], [ 18.4786211, 46.7483734 ], [ 18.4702964, 46.7454798 ], [ 18.4692211, 46.7431873 ], [ 18.4648064, 46.741262 ], [ 18.4692702, 46.7386196 ], [ 18.4476113, 46.743077 ], [ 18.4342057, 46.7487223 ], [ 18.4192576, 46.7524663 ], [ 18.42306, 46.759699 ], [ 18.4235615, 46.7638899 ], [ 18.4268337, 46.7680978 ], [ 18.4183913, 46.7798656 ], [ 18.4199772, 46.7871209 ], [ 18.4221477, 46.7893906 ], [ 18.4209625, 46.7917022 ], [ 18.4170446, 46.7977589 ], [ 18.4081243, 46.8037933 ], [ 18.4035397, 46.7698767 ], [ 18.3968879, 46.7702169 ], [ 18.3956954, 46.7770651 ], [ 18.3973092, 46.7808799 ], [ 18.3955938, 46.7854443 ], [ 18.3889356, 46.785406 ], [ 18.3878634, 46.7823503 ], [ 18.3856578, 46.7819595 ], [ 18.38673, 46.7850089 ], [ 18.3822158, 46.7910753 ], [ 18.3733989, 46.7868336 ], [ 18.3723274, 46.783784 ], [ 18.3695818, 46.7818649 ], [ 18.370701, 46.7811092 ], [ 18.3673915, 46.7795648 ], [ 18.371304, 46.7769229 ], [ 18.3652352, 46.7745996 ], [ 18.3468225, 46.7843923 ], [ 18.3200552, 46.7905665 ], [ 18.3093431, 46.7982686 ], [ 18.310291, 46.8132471 ], [ 18.3035231, 46.8174234 ], [ 18.2827546, 46.8083648 ], [ 18.2651359, 46.7979474 ], [ 18.2635148, 46.7956481 ], [ 18.2646441, 46.7937716 ], [ 18.2608127, 46.7907008 ], [ 18.2563895, 46.7883748 ], [ 18.2525032, 46.7890947 ], [ 18.2520187, 46.7845373 ], [ 18.2321403, 46.7802012 ], [ 18.2315776, 46.7813405 ], [ 18.229378, 46.7797937 ], [ 18.2215614, 46.7808909 ], [ 18.210779, 46.778241 ] ] ] ] } },
{ "type": "Feature", "properties": { "county_name": "VAS", "osm_relation_id": "22250" }, "geometry": { "type": "MultiPolygon", "coordinates": [ [ [ [ 16.6467065, 47.4469521 ], [ 16.6363112, 47.4458259 ], [ 16.6275012, 47.4421011 ], [ 16.6224946, 47.4363191 ], [ 16.6203641, 47.4307595 ], [ 16.6153667, 47.4324204 ], [ 16.6124773, 47.4300902 ], [ 16.6118053, 47.4316307 ], [ 16.6065992, 47.4294487 ], [ 16.6052147, 47.4276785 ], [ 16.6063086, 47.4269733 ], [ 16.5999137, 47.4254732 ], [ 16.5996069, 47.4241993 ], [ 16.5965793, 47.4238102 ], [ 16.596815, 47.4226596 ], [ 16.5878959, 47.4227815 ], [ 16.5876356, 47.4213454 ], [ 16.5913368, 47.4214421 ], [ 16.5884822, 47.4208036 ], [ 16.5888934, 47.4193823 ], [ 16.5810343, 47.4192927 ], [ 16.5792652, 47.4178786 ], [ 16.5827346, 47.4167831 ], [ 16.582369, 47.4152983 ], [ 16.5751102, 47.4123486 ], [ 16.5773997, 47.4095101 ], [ 16.5745289, 47.4059595 ], [ 16.5601523, 47.4069911 ], [ 16.5462984, 47.4056127 ], [ 16.5399614, 47.4100572 ], [ 16.5355545, 47.4091102 ], [ 16.5302875, 47.4102024 ], [ 16.5270187, 47.4086266 ], [ 16.5250049, 47.4103798 ], [ 16.5169091, 47.4105951 ], [ 16.5137088, 47.4052408 ], [ 16.5078586, 47.4050271 ], [ 16.510315, 47.4004943 ], [ 16.5099311, 47.3964839 ], [ 16.4965697, 47.3890498 ], [ 16.496563, 47.3962951 ], [ 16.4939768, 47.3958986 ], [ 16.4930842, 47.3941451 ], [ 16.4886411, 47.3945154 ], [ 16.4876739, 47.3976259 ], [ 16.4896712, 47.3997467 ], [ 16.4838418, 47.3979418 ], [ 16.4850477, 47.402249 ], [ 16.4906691, 47.4056979 ], [ 16.4871635, 47.4061323 ], [ 16.4877511, 47.4071959 ], [ 16.4853411, 47.4089007 ], [ 16.4745421, 47.4090046 ], [ 16.4643937, 47.4127596 ], [ 16.4581571, 47.4130488 ], [ 16.445457, 47.4072195 ], [ 16.4460819, 47.4012028 ], [ 16.4506655, 47.3929305 ], [ 16.4575259, 47.3849074 ], [ 16.4613946, 47.3834846 ], [ 16.4551082, 47.3836936 ], [ 16.4514082, 47.379679 ], [ 16.4511915, 47.3777307 ], [ 16.4568596, 47.3710321 ], [ 16.4568276, 47.3667152 ], [ 16.4511698, 47.3611052 ], [ 16.4523462, 47.3571154 ], [ 16.4464743, 47.3575083 ], [ 16.4373776, 47.3553753 ], [ 16.4337197, 47.3528283 ], [ 16.4445832, 47.3464227 ], [ 16.4484686, 47.3394482 ], [ 16.4583145, 47.3388682 ], [ 16.4645412, 47.3338592 ], [ 16.463192, 47.3310195 ], [ 16.4686348, 47.325001 ], [ 16.4692077, 47.3186731 ], [ 16.4747996, 47.3121431 ], [ 16.4818034, 47.2977147 ], [ 16.4819758, 47.2914323 ], [ 16.4894219, 47.2802867 ], [ 16.4835715, 47.2778319 ], [ 16.4794528, 47.2780034 ], [ 16.4773265, 47.2723066 ], [ 16.4782934, 47.2631271 ], [ 16.479948, 47.2625727 ], [ 16.4671325, 47.2528926 ], [ 16.461078, 47.2560232 ], [ 16.4548463, 47.2536848 ], [ 16.446579, 47.2533683 ], [ 16.4486808, 47.2504692 ], [ 16.4317869, 47.2529454 ], [ 16.4304741, 47.2503524 ], [ 16.44173, 47.2486007 ], [ 16.4427511, 47.2337388 ], [ 16.4410512, 47.2330594 ], [ 16.4412181, 47.2304102 ], [ 16.4381661, 47.2299101 ], [ 16.4366778, 47.2227108 ], [ 16.4393173, 47.2178842 ], [ 16.4350207, 47.2155158 ], [ 16.4365993, 47.2099457 ], [ 16.4284579, 47.2101386 ], [ 16.4233663, 47.2077303 ], [ 16.4218416, 47.2079361 ], [ 16.4210248, 47.2107142 ], [ 16.4189415, 47.2106229 ], [ 16.4169018, 47.2053384 ], [ 16.4212495, 47.1972762 ], [ 16.4194949, 47.194925 ], [ 16.4292721, 47.1846768 ], [ 16.4412246, 47.1851686 ], [ 16.4507417, 47.1882925 ], [ 16.4549183, 47.1873746 ], [ 16.4530989, 47.1862641 ], [ 16.4573589, 47.1767778 ], [ 16.4593049, 47.1765477 ], [ 16.4643423, 47.1681951 ], [ 16.4606192, 47.1668614 ], [ 16.4623586, 47.1614618 ], [ 16.4602494, 47.1610138 ], [ 16.4606163, 47.1590826 ], [ 16.4582435, 47.1572581 ], [ 16.4531194, 47.1577199 ], [ 16.4519205, 47.1534146 ], [ 16.4490656, 47.1518814 ], [ 16.4498339, 47.1455357 ], [ 16.4526028, 47.145229 ], [ 16.4542992, 47.1423097 ], [ 16.4691962, 47.1428257 ], [ 16.4904654, 47.1488549 ], [ 16.5167749, 47.1493285 ], [ 16.5226557, 47.1399957 ], [ 16.5265651, 47.136883 ], [ 16.5287808, 47.1373184 ], [ 16.5293271, 47.1272382 ], [ 16.4998813, 47.1234162 ], [ 16.500723, 47.1102011 ], [ 16.4828773, 47.1087599 ], [ 16.484766, 47.1026133 ], [ 16.4776808, 47.1014165 ], [ 16.4746543, 47.1051616 ], [ 16.4717176, 47.1020621 ], [ 16.4726032, 47.100561 ], [ 16.4646213, 47.0989511 ], [ 16.4663427, 47.0957514 ], [ 16.4633499, 47.0949728 ], [ 16.4664564, 47.0911084 ], [ 16.465983, 47.0893059 ], [ 16.4684317, 47.0897029 ], [ 16.4690342, 47.0876972 ], [ 16.4747326, 47.0853184 ], [ 16.4739818, 47.0817919 ], [ 16.4720335, 47.081464 ], [ 16.4708365, 47.0782019 ], [ 16.4729121, 47.0735893 ], [ 16.4824778, 47.0750182 ], [ 16.4827447, 47.0720609 ], [ 16.4870387, 47.068887 ], [ 16.4957992, 47.0705173 ], [ 16.5100747, 47.0662761 ], [ 16.5204538, 47.0615487 ], [ 16.5205761, 47.0561924 ], [ 16.5066718, 47.0495533 ], [ 16.5008492, 47.0507098 ], [ 16.4977652, 47.0484862 ], [ 16.4758523, 47.0468373 ], [ 16.4686782, 47.0432522 ], [ 16.4612905, 47.0433125 ], [ 16.4562583, 47.0402675 ], [ 16.4450733, 47.0387319 ], [ 16.4401851, 47.0359025 ], [ 16.444064, 47.0344476 ], [ 16.4388931, 47.0297151 ], [ 16.4477922, 47.0226697 ], [ 16.4636468, 47.0322506 ], [ 16.4705103, 47.0280444 ], [ 16.475108, 47.0272838 ], [ 16.4776919, 47.0213286 ], [ 16.4821956, 47.0226787 ], [ 16.4836476, 47.018042 ], [ 16.4926518, 47.0100895 ], [ 16.4964184, 47.0101365 ], [ 16.5086841, 47.0036095 ], [ 16.5123594, 47.0035019 ], [ 16.5123446, 47.0015764 ], [ 16.5098997, 47.000398 ], [ 16.5060129, 47.0015775 ], [ 16.505686, 47.0003311 ], [ 16.5040713, 47.0017713 ], [ 16.5014352, 46.9992898 ], [ 16.4970105, 46.9982045 ], [ 16.4891677, 47.0003792 ], [ 16.4888298, 46.9973814 ], [ 16.4867984, 46.9957076 ], [ 16.4792132, 46.99382 ], [ 16.4738078, 46.9973884 ], [ 16.4661308, 46.9983311 ], [ 16.4637038, 46.997078 ], [ 16.4600177, 47.0017374 ], [ 16.4563757, 47.0010953 ], [ 16.4515012, 47.00429 ], [ 16.4460951, 47.0025509 ], [ 16.4469885, 46.9993348 ], [ 16.4454751, 46.9932088 ], [ 16.4323446, 46.9926676 ], [ 16.419868, 46.996264 ], [ 16.4170494, 47.0013965 ], [ 16.412623, 47.0047414 ], [ 16.3934801, 47.0033272 ], [ 16.3830876, 46.9987795 ], [ 16.3764255, 47.0001208 ], [ 16.3728621, 46.9984005 ], [ 16.3672738, 47.0062678 ], [ 16.3641117, 47.0073879 ], [ 16.3596316, 47.0055583 ], [ 16.3498297, 47.0103972 ], [ 16.3438374, 47.0039334 ], [ 16.3453692, 47.0021756 ], [ 16.3428334, 46.9990359 ], [ 16.3441181, 46.9980856 ], [ 16.3433621, 46.9966871 ], [ 16.3417487, 46.996164 ], [ 16.3224695, 47.002564 ], [ 16.3033732, 46.9982764 ], [ 16.2985669, 47.0013861 ], [ 16.2986133, 47.0095024 ], [ 16.2925924, 47.0139471 ], [ 16.2900942, 47.0139621 ], [ 16.2826646, 47.0041674 ], [ 16.2818871, 46.9993065 ], [ 16.2834649, 46.9975116 ], [ 16.2757909, 46.9840629 ], [ 16.2775237, 46.9686772 ], [ 16.2764371, 46.9626383 ], [ 16.2693247, 46.9611934 ], [ 16.2631366, 46.9636083 ], [ 16.2553234, 46.9642086 ], [ 16.2494512, 46.9613101 ], [ 16.2427752, 46.9559942 ], [ 16.2470561, 46.9490824 ], [ 16.2450032, 46.9490613 ], [ 16.2456579, 46.9467296 ], [ 16.2376322, 46.946937 ], [ 16.2339188, 46.9449564 ], [ 16.2326997, 46.9419404 ], [ 16.2283814, 46.9431647 ], [ 16.2290992, 46.9413324 ], [ 16.224094, 46.9402282 ], [ 16.2220532, 46.9355965 ], [ 16.2174589, 46.9361158 ], [ 16.217628, 46.9408636 ], [ 16.2159102, 46.9391195 ], [ 16.2117678, 46.9402611 ], [ 16.2100323, 46.9424993 ], [ 16.2105309, 46.9403796 ], [ 16.2076937, 46.9388757 ], [ 16.2059284, 46.9425471 ], [ 16.1999041, 46.9417955 ], [ 16.1933918, 46.9357007 ], [ 16.1876881, 46.9223012 ], [ 16.1804701, 46.9124606 ], [ 16.1792429, 46.9066531 ], [ 16.173946, 46.9058963 ], [ 16.171185, 46.9034762 ], [ 16.1630109, 46.9048724 ], [ 16.1620641, 46.9022857 ], [ 16.158986, 46.9004706 ], [ 16.1584839, 46.8972839 ], [ 16.1533641, 46.8964015 ], [ 16.1539794, 46.8936612 ], [ 16.1487268, 46.89306 ], [ 16.1485093, 46.8902869 ], [ 16.1451354, 46.8860435 ], [ 16.1389342, 46.885331 ], [ 16.1331628, 46.8757566 ], [ 16.1239947, 46.871853 ], [ 16.1187239, 46.8719126 ], [ 16.1138866, 46.8690592 ], [ 16.117031, 46.8668736 ], [ 16.1170509, 46.8636279 ], [ 16.1249238, 46.8628769 ], [ 16.126571, 46.8569079 ], [ 16.1368728, 46.8565495 ], [ 16.1400711, 46.8548511 ], [ 16.1485147, 46.8546505 ], [ 16.1504614, 46.8560546 ], [ 16.1560866, 46.8537074 ], [ 16.1624494, 46.8593618 ], [ 16.1653681, 46.8600838 ], [ 16.1764319, 46.8573158 ], [ 16.1856837, 46.8657616 ], [ 16.1977362, 46.8669598 ], [ 16.2036913, 46.8692998 ], [ 16.2157571, 46.8684923 ], [ 16.2251913, 46.8719359 ], [ 16.2266944, 46.8710523 ], [ 16.2277145, 46.8734438 ], [ 16.2332296, 46.8766703 ], [ 16.2653005, 46.8718286 ], [ 16.290522, 46.8728986 ], [ 16.2948053, 46.8709057 ], [ 16.2981313, 46.8626066 ], [ 16.2995537, 46.86295 ], [ 16.3015008, 46.8595142 ], [ 16.3086495, 46.8594082 ], [ 16.3085235, 46.8563822 ], [ 16.318586, 46.8562329 ], [ 16.3213806, 46.8517223 ], [ 16.3278318, 46.8474933 ], [ 16.3295842, 46.8446356 ], [ 16.3403365, 46.8468907 ], [ 16.3391636, 46.8431773 ], [ 16.3431668, 46.8432132 ], [ 16.3476998, 46.8407066 ], [ 16.3508251, 46.8300502 ], [ 16.3446451, 46.8296226 ], [ 16.343751, 46.8220037 ], [ 16.3402987, 46.8218085 ], [ 16.339948, 46.8147204 ], [ 16.341357, 46.8111526 ], [ 16.3398891, 46.8039823 ], [ 16.3339926, 46.8020608 ], [ 16.3178632, 46.8006439 ], [ 16.315396, 46.7977495 ], [ 16.3129941, 46.7976766 ], [ 16.3110624, 46.7863946 ], [ 16.3121888, 46.7779716 ], [ 16.3299797, 46.7779099 ], [ 16.3305555, 46.7751921 ], [ 16.3292887, 46.7749993 ], [ 16.3263035, 46.7674853 ], [ 16.3221148, 46.7645629 ], [ 16.321827, 46.7583186 ], [ 16.3186436, 46.7541449 ], [ 16.3229453, 46.7528359 ], [ 16.3230107, 46.7511459 ], [ 16.3251748, 46.7501589 ], [ 16.3324396, 46.7485777 ], [ 16.3346901, 46.7434835 ], [ 16.3399574, 46.7418392 ], [ 16.3429075, 46.7369859 ], [ 16.3467417, 46.7360761 ], [ 16.3504006, 46.7284214 ], [ 16.3472158, 46.7245309 ], [ 16.35356, 46.7248044 ], [ 16.3527295, 46.7220256 ], [ 16.3570587, 46.7142388 ], [ 16.3587773, 46.7169631 ], [ 16.3625375, 46.7167611 ], [ 16.3707952, 46.7222335 ], [ 16.3815063, 46.7355024 ], [ 16.3944658, 46.7422799 ], [ 16.3919672, 46.7479392 ], [ 16.3941462, 46.7487529 ], [ 16.3842484, 46.7584252 ], [ 16.3880106, 46.7608016 ], [ 16.3856992, 46.7626513 ], [ 16.3928445, 46.7639594 ], [ 16.3969882, 46.7697737 ], [ 16.4009396, 46.7683402 ], [ 16.4068084, 46.7730532 ], [ 16.3994179, 46.7766891 ], [ 16.3933887, 46.7754075 ], [ 16.3910958, 46.7768733 ], [ 16.3839111, 46.7763271 ], [ 16.37484, 46.7692555 ], [ 16.3709447, 46.7695484 ], [ 16.365249, 46.7724592 ], [ 16.3626409, 46.7803976 ], [ 16.3681196, 46.781674 ], [ 16.3786987, 46.7807754 ], [ 16.3812396, 46.7854116 ], [ 16.3948833, 46.7899164 ], [ 16.4116056, 46.7884012 ], [ 16.412249, 46.7865123 ], [ 16.4144673, 46.7865636 ], [ 16.4202462, 46.7817423 ], [ 16.4267983, 46.7838035 ], [ 16.4405305, 46.7766251 ], [ 16.4434856, 46.7801841 ], [ 16.4736576, 46.7898216 ], [ 16.4809064, 46.794965 ], [ 16.4883101, 46.7966323 ], [ 16.4985286, 46.8033356 ], [ 16.5034626, 46.8045932 ], [ 16.5066651, 46.8073312 ], [ 16.50487, 46.8099575 ], [ 16.5073696, 46.8157246 ], [ 16.5051409, 46.8160593 ], [ 16.5066028, 46.8202838 ], [ 16.5062425, 46.8278907 ], [ 16.5045637, 46.8282377 ], [ 16.5020368, 46.8346552 ], [ 16.519141, 46.8369461 ], [ 16.5218225, 46.8389093 ], [ 16.536673, 46.8419041 ], [ 16.5472608, 46.840996 ], [ 16.5496234, 46.837997 ], [ 16.556809, 46.8385326 ], [ 16.5571742, 46.8427324 ], [ 16.5620957, 46.8443653 ], [ 16.5627124, 46.8550444 ], [ 16.5654667, 46.8554888 ], [ 16.5648541, 46.8566165 ], [ 16.5682035, 46.8563111 ], [ 16.5688391, 46.8666123 ], [ 16.567658, 46.8681058 ], [ 16.5792738, 46.8691207 ], [ 16.58307, 46.8711065 ], [ 16.5801044, 46.8752341 ], [ 16.5848895, 46.8799138 ], [ 16.5865694, 46.8795657 ], [ 16.586447, 46.8822294 ], [ 16.5881184, 46.8822654 ], [ 16.5916365, 46.8903466 ], [ 16.6035658, 46.8967969 ], [ 16.6243833, 46.9158068 ], [ 16.6311679, 46.925475 ], [ 16.6519499, 46.9209589 ], [ 16.6552257, 46.9221748 ], [ 16.6567535, 46.9252513 ], [ 16.6660496, 46.9288747 ], [ 16.6675273, 46.9330971 ], [ 16.6830566, 46.9341826 ], [ 16.6867941, 46.9376889 ], [ 16.691402, 46.933977 ], [ 16.6998401, 46.9318629 ], [ 16.7010859, 46.9288379 ], [ 16.7110203, 46.930567 ], [ 16.7216062, 46.9300207 ], [ 16.7376053, 46.9330118 ], [ 16.7739575, 46.9280314 ], [ 16.7774071, 46.9254339 ], [ 16.7790548, 46.9258449 ], [ 16.7871346, 46.9321002 ], [ 16.7879256, 46.939736 ], [ 16.7864756, 46.9477057 ], [ 16.8091508, 46.9508188 ], [ 16.813672, 46.9490038 ], [ 16.8175143, 46.9502198 ], [ 16.8160207, 46.959336 ], [ 16.8179453, 46.9666093 ], [ 16.8176437, 46.9738453 ], [ 16.8214563, 46.9758231 ], [ 16.8237461, 46.9743425 ], [ 16.8238251, 46.9724405 ], [ 16.8286562, 46.9767258 ], [ 16.8385094, 46.9807238 ], [ 16.8436402, 46.9777786 ], [ 16.8478453, 46.9702397 ], [ 16.8688837, 46.9729308 ], [ 16.8678482, 46.9710014 ], [ 16.8733893, 46.9714914 ], [ 16.8790232, 46.9696951 ], [ 16.8994042, 46.975028 ], [ 16.9089597, 46.9725413 ], [ 16.9178714, 46.9723296 ], [ 16.9214832, 46.9655397 ], [ 16.9237698, 46.964057 ], [ 16.9238605, 46.9617709 ], [ 16.9789394, 46.9616413 ], [ 16.982801, 46.9624737 ], [ 16.9859936, 46.9663382 ], [ 16.9916669, 46.9633963 ], [ 16.9943283, 46.9664883 ], [ 16.9908223, 46.9710007 ], [ 16.9880586, 46.9705665 ], [ 16.9854361, 46.9808048 ], [ 16.991526, 46.9816771 ], [ 17.0034356, 46.990273 ], [ 17.0117107, 46.9923241 ], [ 17.0169665, 47.0004154 ], [ 17.0205099, 46.9951465 ], [ 17.0180514, 47.0011972 ], [ 17.0110585, 47.0094549 ], [ 17.0098286, 47.0124771 ], [ 17.0112052, 47.0201212 ], [ 17.0075666, 47.028054 ], [ 17.0012377, 47.0332789 ], [ 17.0034231, 47.0344588 ], [ 17.0017176, 47.0351908 ], [ 17.0159372, 47.0423013 ], [ 17.021675, 47.0378277 ], [ 17.0377086, 47.0411608 ], [ 17.0430057, 47.0336344 ], [ 17.0426438, 47.0282963 ], [ 17.0432627, 47.026782 ], [ 17.0460582, 47.0264528 ], [ 17.0450151, 47.0245313 ], [ 17.0499684, 47.0261368 ], [ 17.0570229, 47.0312134 ], [ 17.0728889, 47.0238692 ], [ 17.075614, 47.0254413 ], [ 17.072879, 47.0391077 ], [ 17.075305, 47.0490504 ], [ 17.0735579, 47.0509235 ], [ 17.074813, 47.0623773 ], [ 17.076922, 47.0654576 ], [ 17.0931346, 47.0642106 ], [ 17.0991802, 47.0666014 ], [ 17.107526, 47.0671275 ], [ 17.1318023, 47.0740089 ], [ 17.1405397, 47.0791082 ], [ 17.1449655, 47.0799444 ], [ 17.1539213, 47.078946 ], [ 17.1597545, 47.0718076 ], [ 17.1656028, 47.0799012 ], [ 17.1685478, 47.0753806 ], [ 17.186133, 47.066524 ], [ 17.1956082, 47.0666777 ], [ 17.1971051, 47.0716552 ], [ 17.2014482, 47.0751536 ], [ 17.2079745, 47.0798276 ], [ 17.2157088, 47.0818611 ], [ 17.2167462, 47.084159 ], [ 17.2147245, 47.0944113 ], [ 17.211743, 47.1000793 ], [ 17.2139005, 47.102017 ], [ 17.2108793, 47.108825 ], [ 17.2113502, 47.1114983 ], [ 17.2141754, 47.1104029 ], [ 17.2218624, 47.1139539 ], [ 17.2094224, 47.1187019 ], [ 17.202879, 47.1304064 ], [ 17.2003384, 47.1395094 ], [ 17.2013105, 47.1437096 ], [ 17.200088, 47.1467399 ], [ 17.1966712, 47.148588 ], [ 17.1981176, 47.1550895 ], [ 17.1945372, 47.1618881 ], [ 17.19605, 47.1656471 ], [ 17.2010472, 47.1664903 ], [ 17.2026398, 47.1696315 ], [ 17.2019934, 47.1722868 ], [ 17.2080298, 47.1754338 ], [ 17.2106748, 47.1796669 ], [ 17.2076751, 47.1857126 ], [ 17.2097703, 47.1895525 ], [ 17.2079929, 47.192574 ], [ 17.2094421, 47.1990692 ], [ 17.2142068, 47.2067643 ], [ 17.2141543, 47.2082884 ], [ 17.2091268, 47.208208 ], [ 17.2072569, 47.2138875 ], [ 17.2094936, 47.2139233 ], [ 17.2093651, 47.2337276 ], [ 17.2082464, 47.2337097 ], [ 17.2047293, 47.2546064 ], [ 17.1995388, 47.2590917 ], [ 17.1997991, 47.2678553 ], [ 17.2083116, 47.2805637 ], [ 17.2140982, 47.2749406 ], [ 17.2194739, 47.2815043 ], [ 17.2184971, 47.291932 ], [ 17.2132451, 47.2996861 ], [ 17.2154986, 47.2993377 ], [ 17.2204433, 47.302082 ], [ 17.2252448, 47.3090144 ], [ 17.2417476, 47.3176558 ], [ 17.2618738, 47.3187327 ], [ 17.2731085, 47.317766 ], [ 17.2957259, 47.3288872 ], [ 17.269386, 47.3451263 ], [ 17.2593562, 47.3434459 ], [ 17.2360072, 47.3545113 ], [ 17.2270197, 47.3551319 ], [ 17.2194304, 47.3641488 ], [ 17.2121978, 47.3625088 ], [ 17.1891072, 47.3815658 ], [ 17.2089139, 47.392546 ], [ 17.1953073, 47.3969027 ], [ 17.1906722, 47.4010124 ], [ 17.1859786, 47.4070302 ], [ 17.1775004, 47.4247954 ], [ 17.1778559, 47.4305165 ], [ 17.1727268, 47.4327144 ], [ 17.1704403, 47.433824 ], [ 17.1726191, 47.4357625 ], [ 17.1614522, 47.4340553 ], [ 17.147306, 47.4372509 ], [ 17.1369113, 47.4298448 ], [ 17.1334877, 47.4313129 ], [ 17.1319316, 47.427859 ], [ 17.12519, 47.4281248 ], [ 17.1258158, 47.4262322 ], [ 17.1297686, 47.4255356 ], [ 17.1282129, 47.4220816 ], [ 17.1259951, 47.4212821 ], [ 17.1256037, 47.4167069 ], [ 17.118799, 47.4184963 ], [ 17.1093398, 47.4164344 ], [ 17.1055826, 47.4117961 ], [ 17.1022011, 47.4121234 ], [ 17.1006058, 47.409809 ], [ 17.0928559, 47.4070121 ], [ 17.0866453, 47.4080471 ], [ 17.0665171, 47.4061838 ], [ 17.0549178, 47.4014087 ], [ 17.0501014, 47.3952314 ], [ 17.0461641, 47.3955474 ], [ 17.0455555, 47.3966774 ], [ 17.0482651, 47.3993902 ], [ 17.0432052, 47.3996866 ], [ 17.0442701, 47.4012239 ], [ 17.0473568, 47.4010072 ], [ 17.0456839, 47.4021854 ], [ 17.0491417, 47.4030379 ], [ 17.0524872, 47.4063198 ], [ 17.0518878, 47.40745 ], [ 17.0558399, 47.4067621 ], [ 17.0552027, 47.4086543 ], [ 17.0523871, 47.4089837 ], [ 17.053395, 47.4120511 ], [ 17.0567624, 47.4121094 ], [ 17.0555257, 47.4151318 ], [ 17.0583131, 47.4155643 ], [ 17.0559712, 47.4162398 ], [ 17.059393, 47.4167236 ], [ 17.0576565, 47.4182187 ], [ 17.0614672, 47.4213282 ], [ 17.0619099, 47.4243858 ], [ 17.0596644, 47.4243471 ], [ 17.0607776, 47.428164 ], [ 17.0593791, 47.4319609 ], [ 17.0621482, 47.4331493 ], [ 17.0626196, 47.4354449 ], [ 17.0671167, 47.435138 ], [ 17.0653514, 47.4373951 ], [ 17.0675974, 47.4374337 ], [ 17.0713817, 47.441305 ], [ 17.0701309, 47.4447116 ], [ 17.0660905, 47.4476922 ], [ 17.0615925, 47.4479929 ], [ 17.0554902, 47.4608375 ], [ 17.054481, 47.4577763 ], [ 17.0505393, 47.4580862 ], [ 17.045589, 47.4553347 ], [ 17.0418344, 47.4507007 ], [ 17.032973, 47.4474961 ], [ 17.0231639, 47.4397054 ], [ 17.0164348, 47.439587 ], [ 17.0115172, 47.436072 ], [ 17.0033649, 47.4346396 ], [ 17.0052481, 47.4321988 ], [ 16.9970244, 47.4270329 ], [ 16.9978431, 47.4258927 ], [ 16.99011, 47.4227963 ], [ 16.984066, 47.4226497 ], [ 16.9791194, 47.4175975 ], [ 16.9768743, 47.4175572 ], [ 16.9774996, 47.4160434 ], [ 16.9696809, 47.41514 ], [ 16.9681268, 47.4116837 ], [ 16.9603537, 47.4096399 ], [ 16.9577024, 47.4057792 ], [ 16.9554277, 47.4065004 ], [ 16.9554876, 47.4049826 ], [ 16.9478064, 47.400652 ], [ 16.9484624, 47.3983764 ], [ 16.9462633, 47.3971956 ], [ 16.9474759, 47.3949301 ], [ 16.9406225, 47.397855 ], [ 16.9329632, 47.407237 ], [ 16.9316739, 47.4114041 ], [ 16.9210156, 47.4112078 ], [ 16.9191688, 47.4153583 ], [ 16.9152751, 47.4145299 ], [ 16.9170002, 47.413415 ], [ 16.909718, 47.41328 ], [ 16.9111671, 47.4190228 ], [ 16.9095186, 47.4182297 ], [ 16.9053636, 47.4238684 ], [ 16.9036906, 47.4234529 ], [ 16.9055019, 47.4204427 ], [ 16.8926123, 47.4198179 ], [ 16.8944242, 47.4168078 ], [ 16.8873029, 47.4124836 ], [ 16.8856084, 47.4128299 ], [ 16.8733999, 47.4232695 ], [ 16.8663972, 47.4234861 ], [ 16.8594665, 47.43421 ], [ 16.8524864, 47.4403929 ], [ 16.8480562, 47.44888 ], [ 16.8439636, 47.4483315 ], [ 16.8397593, 47.4451479 ], [ 16.8152867, 47.435378 ], [ 16.8117153, 47.435418 ], [ 16.8040669, 47.4436513 ], [ 16.7908911, 47.4365371 ], [ 16.7849935, 47.4432783 ], [ 16.7666832, 47.4383419 ], [ 16.7573235, 47.4339713 ], [ 16.7549957, 47.4358284 ], [ 16.7187669, 47.4180521 ], [ 16.7178656, 47.4171789 ], [ 16.7229047, 47.4123263 ], [ 16.7157568, 47.4091376 ], [ 16.7092032, 47.4177652 ], [ 16.7001167, 47.4143552 ], [ 16.6970425, 47.4180241 ], [ 16.69118, 47.4158598 ], [ 16.6859877, 47.4218342 ], [ 16.678075, 47.419718 ], [ 16.6728957, 47.4265455 ], [ 16.6701279, 47.4257258 ], [ 16.660265, 47.4327573 ], [ 16.6545572, 47.4349267 ], [ 16.6508448, 47.4424693 ], [ 16.6467065, 47.4469521 ] ] ] ] } },
{ "type": "Feature", "properties": { "county_name": "VES", "osm_relation_id": "22278" }, "geometry": { "type": "MultiPolygon", "coordinates": [ [ [ [ 17.075305, 47.0490504 ], [ 17.091313, 47.0378994 ], [ 17.1128587, 47.0276028 ], [ 17.1220942, 47.0186143 ], [ 17.1288798, 47.0156845 ], [ 17.1361312, 47.0154216 ], [ 17.1384184, 47.0135565 ], [ 17.1428344, 47.0147709 ], [ 17.1421134, 47.0037176 ], [ 17.1439154, 46.9999349 ], [ 17.1488828, 47.0011582 ], [ 17.1628867, 46.9987243 ], [ 17.1740026, 46.9992914 ], [ 17.176337, 46.9962796 ], [ 17.1785646, 46.996316 ], [ 17.1801243, 46.9993916 ], [ 17.1841376, 46.9960289 ], [ 17.1912803, 46.9988109 ], [ 17.1996339, 46.9985619 ], [ 17.2066335, 47.0055314 ], [ 17.2089661, 47.0025251 ], [ 17.2073169, 47.001736 ], [ 17.2102109, 46.9987325 ], [ 17.218129, 46.9950531 ], [ 17.2214484, 46.9954843 ], [ 17.2288647, 46.9902712 ], [ 17.2323479, 46.9861358 ], [ 17.2306858, 46.9857312 ], [ 17.2302886, 46.9811559 ], [ 17.2348755, 46.977038 ], [ 17.2370637, 46.9782134 ], [ 17.246244, 46.9699832 ], [ 17.2435553, 46.9672689 ], [ 17.2458202, 46.9661639 ], [ 17.2500314, 46.9567081 ], [ 17.2384229, 46.9546216 ], [ 17.2420737, 46.9451571 ], [ 17.2398702, 46.9447379 ], [ 17.2388475, 46.9420559 ], [ 17.2338707, 46.9412144 ], [ 17.2318519, 46.9350883 ], [ 17.2290751, 46.9350441 ], [ 17.2286177, 46.9319929 ], [ 17.2258798, 46.9308085 ], [ 17.2306783, 46.9206002 ], [ 17.2418724, 46.9181122 ], [ 17.2518222, 46.919788 ], [ 17.2563857, 46.9164315 ], [ 17.2618739, 46.9184269 ], [ 17.2680499, 46.916614 ], [ 17.2762481, 46.9209323 ], [ 17.2840373, 46.9206748 ], [ 17.2976151, 46.9132649 ], [ 17.3039131, 46.9076456 ], [ 17.3050745, 46.9061445 ], [ 17.3034855, 46.9038327 ], [ 17.3047584, 46.8988989 ], [ 17.3081096, 46.8981875 ], [ 17.3098557, 46.8959328 ], [ 17.3221527, 46.8934538 ], [ 17.326783, 46.887808 ], [ 17.326954, 46.8824793 ], [ 17.3253557, 46.8801676 ], [ 17.3177076, 46.8762454 ], [ 17.3195141, 46.8720821 ], [ 17.3229124, 46.869846 ], [ 17.3273573, 46.8699132 ], [ 17.3313273, 46.8673074 ], [ 17.3336712, 46.8635363 ], [ 17.3320732, 46.8612247 ], [ 17.3355035, 46.8582324 ], [ 17.3306306, 46.8543466 ], [ 17.3302047, 46.8501494 ], [ 17.3259048, 46.8459 ], [ 17.3249409, 46.8413104 ], [ 17.3278594, 46.8367856 ], [ 17.3262225, 46.8359983 ], [ 17.3258917, 46.8291369 ], [ 17.3342667, 46.82736 ], [ 17.3507023, 46.8165589 ], [ 17.3541317, 46.8131818 ], [ 17.3614258, 46.7931052 ], [ 17.3675959, 46.7909089 ], [ 17.373301, 46.7856616 ], [ 17.4172439, 46.7574499 ], [ 17.4190599, 46.7506565 ], [ 17.4454774, 46.7477886 ], [ 17.4536726, 46.7487065 ], [ 17.4649645, 46.7529006 ], [ 17.4850162, 46.7518965 ], [ 17.4918651, 46.7530279 ], [ 17.5091832, 46.7589944 ], [ 17.5337662, 46.7714753 ], [ 17.6249306, 46.8015868 ], [ 17.6673184, 46.8119775 ], [ 17.698594, 46.8286893 ], [ 17.7296165, 46.8404031 ], [ 17.7642492, 46.8471035 ], [ 17.7884767, 46.8535793 ], [ 17.85411, 46.8843673 ], [ 17.8782322, 46.8781272 ], [ 17.8890579, 46.8798677 ], [ 17.9011603, 46.8855916 ], [ 17.9102737, 46.894094 ], [ 17.9124167, 46.907271 ], [ 17.9075575, 46.9159057 ], [ 17.945233, 46.9271676 ], [ 17.9756967, 46.933424 ], [ 18.0078022, 46.9440363 ], [ 18.0476216, 46.9598277 ], [ 18.0666401, 46.9697345 ], [ 18.1672729, 46.997306 ], [ 18.1683284, 46.9962341 ], [ 18.1672828, 46.9946023 ], [ 18.1757986, 46.9936978 ], [ 18.181036, 46.9882697 ], [ 18.1894387, 46.9897193 ], [ 18.2052486, 46.9716309 ], [ 18.2063291, 46.9826574 ], [ 18.2105909, 46.9894918 ], [ 18.2126552, 46.9994114 ], [ 18.2159621, 47.0017164 ], [ 18.2281854, 47.0033293 ], [ 18.2352985, 47.0109974 ], [ 18.2352523, 47.0140403 ], [ 18.2474791, 47.0156512 ], [ 18.2618819, 47.020319 ], [ 18.2612843, 47.0233643 ], [ 18.2584742, 47.0252477 ], [ 18.2390619, 47.0197819 ], [ 18.2344681, 47.0292694 ], [ 18.2303716, 47.033294 ], [ 18.2281948, 47.033395 ], [ 18.2130033, 47.0485394 ], [ 18.212932, 47.0531068 ], [ 18.2036045, 47.0793117 ], [ 18.2069338, 47.0804828 ], [ 18.2146286, 47.0873878 ], [ 18.2346048, 47.0936301 ], [ 18.2328623, 47.0978013 ], [ 18.2261158, 47.1015649 ], [ 18.2238187, 47.1057382 ], [ 18.222635, 47.1106756 ], [ 18.2242346, 47.1152612 ], [ 18.2235367, 47.1240138 ], [ 18.2154143, 47.1441355 ], [ 18.2123161, 47.1639152 ], [ 18.2217753, 47.1662708 ], [ 18.2177498, 47.1738589 ], [ 18.2277974, 47.1735469 ], [ 18.2209761, 47.1814931 ], [ 18.2235015, 47.1986483 ], [ 18.2217461, 47.2039659 ], [ 18.2256207, 47.2062807 ], [ 18.2249485, 47.213893 ], [ 18.2165746, 47.2246177 ], [ 18.1963231, 47.2227508 ], [ 18.178253, 47.2373037 ], [ 18.1732011, 47.2391689 ], [ 18.1690654, 47.2495578 ], [ 18.1710958, 47.2532013 ], [ 18.1572, 47.2642264 ], [ 18.1450832, 47.2643526 ], [ 18.1375252, 47.2612108 ], [ 18.1351813, 47.2583704 ], [ 18.130847, 47.2588769 ], [ 18.1158803, 47.2511394 ], [ 18.1058512, 47.2495329 ], [ 18.0934112, 47.2570474 ], [ 18.089909, 47.2650135 ], [ 18.0806282, 47.2724379 ], [ 18.0783255, 47.2772609 ], [ 18.0749696, 47.2796973 ], [ 18.0678302, 47.278945 ], [ 18.0656925, 47.2803053 ], [ 18.0542474, 47.2782825 ], [ 18.0529553, 47.2800587 ], [ 18.0538041, 47.2812951 ], [ 18.0505322, 47.2839751 ], [ 18.0507803, 47.2936249 ], [ 18.0479199, 47.2970275 ], [ 18.0472049, 47.3050165 ], [ 18.0527219, 47.3096322 ], [ 18.0643759, 47.3150625 ], [ 18.0659821, 47.3188879 ], [ 18.0648402, 47.3200185 ], [ 18.048597, 47.3206409 ], [ 18.0400872, 47.3262811 ], [ 18.0360092, 47.3346186 ], [ 18.0292989, 47.3341813 ], [ 18.0241706, 47.3387036 ], [ 18.020229, 47.3398089 ], [ 18.0113055, 47.3378261 ], [ 18.0034588, 47.3381395 ], [ 17.9945815, 47.3338688 ], [ 17.9889078, 47.3372441 ], [ 17.9754646, 47.3374977 ], [ 17.9720626, 47.3393687 ], [ 17.9676087, 47.3378085 ], [ 17.9632264, 47.3331933 ], [ 17.9615415, 47.3335616 ], [ 17.9631487, 47.3370042 ], [ 17.9613704, 47.3419396 ], [ 17.961802, 47.3480362 ], [ 17.9566589, 47.3529334 ], [ 17.9357193, 47.3630153 ], [ 17.9273352, 47.3617936 ], [ 17.9339855, 47.3656637 ], [ 17.9457264, 47.3669233 ], [ 17.9507148, 47.369636 ], [ 17.9493962, 47.3791433 ], [ 17.9471601, 47.3787377 ], [ 17.9454264, 47.3813862 ], [ 17.9420521, 47.3817381 ], [ 17.9385905, 47.3862726 ], [ 17.934063, 47.388516 ], [ 17.9284851, 47.3873153 ], [ 17.9217034, 47.3895362 ], [ 17.9155357, 47.3894757 ], [ 17.9055928, 47.382907 ], [ 17.8999741, 47.3832292 ], [ 17.8841328, 47.3899251 ], [ 17.8809081, 47.3834218 ], [ 17.8776013, 47.3811012 ], [ 17.8697807, 47.3794968 ], [ 17.8574312, 47.3805102 ], [ 17.8496718, 47.3766242 ], [ 17.8391996, 47.3685194 ], [ 17.834191, 47.366942 ], [ 17.8337043, 47.3638874 ], [ 17.8246927, 47.3603913 ], [ 17.8251216, 47.3578353 ], [ 17.831332, 47.3528841 ], [ 17.8304484, 47.3515119 ], [ 17.8330488, 47.3511867 ], [ 17.8330385, 47.3461994 ], [ 17.8358707, 47.3451795 ], [ 17.8319809, 47.3440193 ], [ 17.8311397, 47.3406693 ], [ 17.8292454, 47.3402581 ], [ 17.8265178, 47.3352508 ], [ 17.8209915, 47.3317645 ], [ 17.8227565, 47.3283558 ], [ 17.8211583, 47.3245331 ], [ 17.8144334, 47.3248455 ], [ 17.8077797, 47.3221026 ], [ 17.8004275, 47.3250726 ], [ 17.790385, 47.3234385 ], [ 17.788053, 47.3272248 ], [ 17.7808807, 47.3229561 ], [ 17.7776547, 47.3172059 ], [ 17.7800776, 47.3096151 ], [ 17.7786102, 47.3008409 ], [ 17.7826717, 47.2947928 ], [ 17.7806308, 47.2863904 ], [ 17.7869578, 47.2792267 ], [ 17.7797012, 47.2783845 ], [ 17.7675378, 47.2722962 ], [ 17.7652621, 47.2740343 ], [ 17.7673368, 47.2805346 ], [ 17.758739, 47.2891965 ], [ 17.7605925, 47.3052086 ], [ 17.7558797, 47.3146762 ], [ 17.7473957, 47.3180082 ], [ 17.7395786, 47.3171633 ], [ 17.731093, 47.3208722 ], [ 17.7282106, 47.3242668 ], [ 17.7309704, 47.3258231 ], [ 17.7262599, 47.3349053 ], [ 17.7182694, 47.340906 ], [ 17.7259665, 47.3467094 ], [ 17.7264371, 47.3505205 ], [ 17.7247219, 47.3516475 ], [ 17.729066, 47.3574058 ], [ 17.7441463, 47.3594804 ], [ 17.7541014, 47.3649293 ], [ 17.7655316, 47.3775727 ], [ 17.7646042, 47.3840946 ], [ 17.7688861, 47.3825123 ], [ 17.7797526, 47.3884549 ], [ 17.7848721, 47.3892781 ], [ 17.7837726, 47.3924899 ], [ 17.7767107, 47.39921 ], [ 17.7769211, 47.3992762 ], [ 17.7782368, 47.39891 ], [ 17.7871354, 47.4050638 ], [ 17.7841033, 47.4133045 ], [ 17.7788118, 47.4206843 ], [ 17.7710956, 47.4271924 ], [ 17.7704654, 47.4302286 ], [ 17.7607022, 47.439262 ], [ 17.7622904, 47.4430853 ], [ 17.7558197, 47.4555825 ], [ 17.7379852, 47.4728967 ], [ 17.7302023, 47.4697587 ], [ 17.7325066, 47.4675041 ], [ 17.729173, 47.4659414 ], [ 17.7274065, 47.4693486 ], [ 17.7262922, 47.4689516 ], [ 17.7264344, 47.4632449 ], [ 17.7225438, 47.4616755 ], [ 17.7317796, 47.4514988 ], [ 17.7234243, 47.448738 ], [ 17.7193729, 47.4536436 ], [ 17.7171449, 47.4528556 ], [ 17.7159927, 47.4539827 ], [ 17.7132554, 47.4512859 ], [ 17.7115363, 47.4527907 ], [ 17.7043151, 47.4496574 ], [ 17.7013949, 47.4541975 ], [ 17.7107392, 47.4623016 ], [ 17.7101151, 47.4645815 ], [ 17.7116999, 47.4652328 ], [ 17.7031595, 47.4732584 ], [ 17.6909414, 47.467785 ], [ 17.6880875, 47.4696542 ], [ 17.6825557, 47.4665394 ], [ 17.6751076, 47.4721656 ], [ 17.6700544, 47.4721053 ], [ 17.6634591, 47.466696 ], [ 17.6652296, 47.4632897 ], [ 17.6637175, 47.4567946 ], [ 17.6598192, 47.4556073 ], [ 17.6575321, 47.4571045 ], [ 17.6413949, 47.4515722 ], [ 17.6435208, 47.4561723 ], [ 17.6423569, 47.4576829 ], [ 17.6345552, 47.4542125 ], [ 17.6328604, 47.456042 ], [ 17.6306336, 47.4552523 ], [ 17.620254, 47.4654069 ], [ 17.6032976, 47.456334 ], [ 17.5995597, 47.4624837 ], [ 17.5887005, 47.469202 ], [ 17.5777245, 47.4599203 ], [ 17.5823978, 47.4535088 ], [ 17.5818828, 47.4519775 ], [ 17.576371, 47.4480954 ], [ 17.5663227, 47.4460639 ], [ 17.5658081, 47.4445325 ], [ 17.5585965, 47.4413962 ], [ 17.5568413, 47.4440388 ], [ 17.5399287, 47.4528865 ], [ 17.5325241, 47.4585331 ], [ 17.5282399, 47.4634541 ], [ 17.5286282, 47.4656934 ], [ 17.5263852, 47.4687749 ], [ 17.5038636, 47.4446764 ], [ 17.5080944, 47.4411108 ], [ 17.5032217, 47.4349526 ], [ 17.5015213, 47.4353141 ], [ 17.4993619, 47.4326198 ], [ 17.4904761, 47.4294505 ], [ 17.482806, 47.4228754 ], [ 17.4640975, 47.4294753 ], [ 17.45864, 47.4244476 ], [ 17.4449564, 47.4314916 ], [ 17.4480385, 47.4410553 ], [ 17.443916, 47.4474754 ], [ 17.4443696, 47.4509094 ], [ 17.4381953, 47.4508233 ], [ 17.4330751, 47.4530328 ], [ 17.4273272, 47.4575266 ], [ 17.4237466, 47.4643317 ], [ 17.4191675, 47.4673105 ], [ 17.4191091, 47.4692126 ], [ 17.4234435, 47.4742263 ], [ 17.421149, 47.4757187 ], [ 17.4229236, 47.4785669 ], [ 17.4091495, 47.4824043 ], [ 17.3917373, 47.4825338 ], [ 17.3922116, 47.4852059 ], [ 17.3893819, 47.4859277 ], [ 17.3840718, 47.4759523 ], [ 17.3848414, 47.469486 ], [ 17.3837654, 47.4679456 ], [ 17.3860248, 47.4676001 ], [ 17.3829284, 47.4587969 ], [ 17.3620708, 47.4436421 ], [ 17.3508322, 47.4442396 ], [ 17.3448057, 47.4395762 ], [ 17.3419412, 47.4414368 ], [ 17.3296444, 47.4397355 ], [ 17.3261637, 47.4431114 ], [ 17.3239389, 47.4426938 ], [ 17.3122619, 47.4390907 ], [ 17.3134721, 47.4364435 ], [ 17.2989531, 47.4343211 ], [ 17.3006706, 47.4332066 ], [ 17.2990785, 47.430517 ], [ 17.2935016, 47.4292854 ], [ 17.2906232, 47.4315289 ], [ 17.2861151, 47.4322225 ], [ 17.2805764, 47.4298504 ], [ 17.2742648, 47.4339438 ], [ 17.2715, 47.4327606 ], [ 17.2732274, 47.4316405 ], [ 17.2727122, 47.4301138 ], [ 17.2709686, 47.43199 ], [ 17.2648481, 47.4303705 ], [ 17.2636868, 47.4314931 ], [ 17.2658816, 47.433052 ], [ 17.2624997, 47.433384 ], [ 17.2618787, 47.4352774 ], [ 17.245673, 47.433122 ], [ 17.2405334, 47.435707 ], [ 17.2394623, 47.4341653 ], [ 17.2366334, 47.4348833 ], [ 17.2371085, 47.4375563 ], [ 17.2342052, 47.4401761 ], [ 17.2331992, 47.4367324 ], [ 17.2303178, 47.4389743 ], [ 17.2281371, 47.4370307 ], [ 17.2230314, 47.4388592 ], [ 17.2221441, 47.4319892 ], [ 17.2012508, 47.4354624 ], [ 17.1976519, 47.4422606 ], [ 17.1930395, 47.4456145 ], [ 17.1936856, 47.4433375 ], [ 17.1908421, 47.4444385 ], [ 17.1897989, 47.4421343 ], [ 17.1885956, 47.4444023 ], [ 17.1830332, 47.4427875 ], [ 17.1803236, 47.4400781 ], [ 17.1815272, 47.4378102 ], [ 17.1759748, 47.4361952 ], [ 17.1766257, 47.4335402 ], [ 17.1727268, 47.4327144 ], [ 17.1778559, 47.4305165 ], [ 17.1775004, 47.4247954 ], [ 17.1859786, 47.4070302 ], [ 17.1906722, 47.4010124 ], [ 17.1953073, 47.3969027 ], [ 17.2089139, 47.392546 ], [ 17.1891072, 47.3815658 ], [ 17.2121978, 47.3625088 ], [ 17.2194304, 47.3641488 ], [ 17.2270197, 47.3551319 ], [ 17.2360072, 47.3545113 ], [ 17.2593562, 47.3434459 ], [ 17.269386, 47.3451263 ], [ 17.2957259, 47.3288872 ], [ 17.2731085, 47.317766 ], [ 17.2618738, 47.3187327 ], [ 17.2417476, 47.3176558 ], [ 17.2252448, 47.3090144 ], [ 17.2204433, 47.302082 ], [ 17.2154986, 47.2993377 ], [ 17.2132451, 47.2996861 ], [ 17.2184971, 47.291932 ], [ 17.2194739, 47.2815043 ], [ 17.2140982, 47.2749406 ], [ 17.2083116, 47.2805637 ], [ 17.1997991, 47.2678553 ], [ 17.1995388, 47.2590917 ], [ 17.2047293, 47.2546064 ], [ 17.2082464, 47.2337097 ], [ 17.2093651, 47.2337276 ], [ 17.2094936, 47.2139233 ], [ 17.2072569, 47.2138875 ], [ 17.2091268, 47.208208 ], [ 17.2141543, 47.2082884 ], [ 17.2142068, 47.2067643 ], [ 17.2094421, 47.1990692 ], [ 17.2079929, 47.192574 ], [ 17.2097703, 47.1895525 ], [ 17.2076751, 47.1857126 ], [ 17.2106748, 47.1796669 ], [ 17.2080298, 47.1754338 ], [ 17.2019934, 47.1722868 ], [ 17.2026398, 47.1696315 ], [ 17.2010472, 47.1664903 ], [ 17.19605, 47.1656471 ], [ 17.1945372, 47.1618881 ], [ 17.1981176, 47.1550895 ], [ 17.1966712, 47.148588 ], [ 17.200088, 47.1467399 ], [ 17.2013105, 47.1437096 ], [ 17.2003384, 47.1395094 ], [ 17.202879, 47.1304064 ], [ 17.2094224, 47.1187019 ], [ 17.2218624, 47.1139539 ], [ 17.2141754, 47.1104029 ], [ 17.2113502, 47.1114983 ], [ 17.2108793, 47.108825 ], [ 17.2139005, 47.102017 ], [ 17.211743, 47.1000793 ], [ 17.2147245, 47.0944113 ], [ 17.2167462, 47.084159 ], [ 17.2157088, 47.0818611 ], [ 17.2079745, 47.0798276 ], [ 17.2014482, 47.0751536 ], [ 17.1971051, 47.0716552 ], [ 17.1956082, 47.0666777 ], [ 17.186133, 47.066524 ], [ 17.1685478, 47.0753806 ], [ 17.1656028, 47.0799012 ], [ 17.1597545, 47.0718076 ], [ 17.1539213, 47.078946 ], [ 17.1449655, 47.0799444 ], [ 17.1405397, 47.0791082 ], [ 17.1318023, 47.0740089 ], [ 17.107526, 47.0671275 ], [ 17.0991802, 47.0666014 ], [ 17.0931346, 47.0642106 ], [ 17.076922, 47.0654576 ], [ 17.074813, 47.0623773 ], [ 17.0735579, 47.0509235 ], [ 17.075305, 47.0490504 ] ] ] ] } },
{ "type": "Feature", "properties": { "county_name": "ZAL", "osm_relation_id": "22238" }, "geometry": { "type": "MultiPolygon", "coordinates": [ [ [ [ 17.075305, 47.0490504 ], [ 17.072879, 47.0391077 ], [ 17.075614, 47.0254413 ], [ 17.0728889, 47.0238692 ], [ 17.0570229, 47.0312134 ], [ 17.0499684, 47.0261368 ], [ 17.0450151, 47.0245313 ], [ 17.0460582, 47.0264528 ], [ 17.0432627, 47.026782 ], [ 17.0426438, 47.0282963 ], [ 17.0430057, 47.0336344 ], [ 17.0377086, 47.0411608 ], [ 17.021675, 47.0378277 ], [ 17.0159372, 47.0423013 ], [ 17.0017176, 47.0351908 ], [ 17.0034231, 47.0344588 ], [ 17.0012377, 47.0332789 ], [ 17.0075666, 47.028054 ], [ 17.0112052, 47.0201212 ], [ 17.0098286, 47.0124771 ], [ 17.0110585, 47.0094549 ], [ 17.0180514, 47.0011972 ], [ 17.0205099, 46.9951465 ], [ 17.0169665, 47.0004154 ], [ 17.0117107, 46.9923241 ], [ 17.0034356, 46.990273 ], [ 16.991526, 46.9816771 ], [ 16.9854361, 46.9808048 ], [ 16.9880586, 46.9705665 ], [ 16.9908223, 46.9710007 ], [ 16.9943283, 46.9664883 ], [ 16.9916669, 46.9633963 ], [ 16.9859936, 46.9663382 ], [ 16.982801, 46.9624737 ], [ 16.9789394, 46.9616413 ], [ 16.9238605, 46.9617709 ], [ 16.9237698, 46.964057 ], [ 16.9214832, 46.9655397 ], [ 16.9178714, 46.9723296 ], [ 16.9089597, 46.9725413 ], [ 16.8994042, 46.975028 ], [ 16.8790232, 46.9696951 ], [ 16.8733893, 46.9714914 ], [ 16.8678482, 46.9710014 ], [ 16.8688837, 46.9729308 ], [ 16.8478453, 46.9702397 ], [ 16.8436402, 46.9777786 ], [ 16.8385094, 46.9807238 ], [ 16.8286562, 46.9767258 ], [ 16.8238251, 46.9724405 ], [ 16.8237461, 46.9743425 ], [ 16.8214563, 46.9758231 ], [ 16.8176437, 46.9738453 ], [ 16.8179453, 46.9666093 ], [ 16.8160207, 46.959336 ], [ 16.8175143, 46.9502198 ], [ 16.813672, 46.9490038 ], [ 16.8091508, 46.9508188 ], [ 16.7864756, 46.9477057 ], [ 16.7879256, 46.939736 ], [ 16.7871346, 46.9321002 ], [ 16.7790548, 46.9258449 ], [ 16.7774071, 46.9254339 ], [ 16.7739575, 46.9280314 ], [ 16.7376053, 46.9330118 ], [ 16.7216062, 46.9300207 ], [ 16.7110203, 46.930567 ], [ 16.7010859, 46.9288379 ], [ 16.6998401, 46.9318629 ], [ 16.691402, 46.933977 ], [ 16.6867941, 46.9376889 ], [ 16.6830566, 46.9341826 ], [ 16.6675273, 46.9330971 ], [ 16.6660496, 46.9288747 ], [ 16.6567535, 46.9252513 ], [ 16.6552257, 46.9221748 ], [ 16.6519499, 46.9209589 ], [ 16.6311679, 46.925475 ], [ 16.6243833, 46.9158068 ], [ 16.6035658, 46.8967969 ], [ 16.5916365, 46.8903466 ], [ 16.5881184, 46.8822654 ], [ 16.586447, 46.8822294 ], [ 16.5865694, 46.8795657 ], [ 16.5848895, 46.8799138 ], [ 16.5801044, 46.8752341 ], [ 16.58307, 46.8711065 ], [ 16.5792738, 46.8691207 ], [ 16.567658, 46.8681058 ], [ 16.5688391, 46.8666123 ], [ 16.5682035, 46.8563111 ], [ 16.5648541, 46.8566165 ], [ 16.5654667, 46.8554888 ], [ 16.5627124, 46.8550444 ], [ 16.5620957, 46.8443653 ], [ 16.5571742, 46.8427324 ], [ 16.556809, 46.8385326 ], [ 16.5496234, 46.837997 ], [ 16.5472608, 46.840996 ], [ 16.536673, 46.8419041 ], [ 16.5218225, 46.8389093 ], [ 16.519141, 46.8369461 ], [ 16.5020368, 46.8346552 ], [ 16.5045637, 46.8282377 ], [ 16.5062425, 46.8278907 ], [ 16.5066028, 46.8202838 ], [ 16.5051409, 46.8160593 ], [ 16.5073696, 46.8157246 ], [ 16.50487, 46.8099575 ], [ 16.5066651, 46.8073312 ], [ 16.5034626, 46.8045932 ], [ 16.4985286, 46.8033356 ], [ 16.4883101, 46.7966323 ], [ 16.4809064, 46.794965 ], [ 16.4736576, 46.7898216 ], [ 16.4434856, 46.7801841 ], [ 16.4405305, 46.7766251 ], [ 16.4267983, 46.7838035 ], [ 16.4202462, 46.7817423 ], [ 16.4144673, 46.7865636 ], [ 16.412249, 46.7865123 ], [ 16.4116056, 46.7884012 ], [ 16.3948833, 46.7899164 ], [ 16.3812396, 46.7854116 ], [ 16.3786987, 46.7807754 ], [ 16.3681196, 46.781674 ], [ 16.3626409, 46.7803976 ], [ 16.365249, 46.7724592 ], [ 16.3709447, 46.7695484 ], [ 16.37484, 46.7692555 ], [ 16.3839111, 46.7763271 ], [ 16.3910958, 46.7768733 ], [ 16.3933887, 46.7754075 ], [ 16.3994179, 46.7766891 ], [ 16.4068084, 46.7730532 ], [ 16.4009396, 46.7683402 ], [ 16.3969882, 46.7697737 ], [ 16.3928445, 46.7639594 ], [ 16.3856992, 46.7626513 ], [ 16.3880106, 46.7608016 ], [ 16.3842484, 46.7584252 ], [ 16.3941462, 46.7487529 ], [ 16.3919672, 46.7479392 ], [ 16.3944658, 46.7422799 ], [ 16.3815063, 46.7355024 ], [ 16.3707952, 46.7222335 ], [ 16.373018, 46.7190365 ], [ 16.3753676, 46.7186182 ], [ 16.3749768, 46.7171369 ], [ 16.3798267, 46.7153869 ], [ 16.379852, 46.7120219 ], [ 16.3689211, 46.7040082 ], [ 16.3816879, 46.6980527 ], [ 16.4239971, 46.6958558 ], [ 16.4286336, 46.6939738 ], [ 16.4232033, 46.6862267 ], [ 16.4213486, 46.6804146 ], [ 16.4255847, 46.6789906 ], [ 16.4208825, 46.6762805 ], [ 16.420333, 46.6741245 ], [ 16.4253664, 46.6704205 ], [ 16.4233181, 46.6670095 ], [ 16.4183242, 46.6645374 ], [ 16.4206424, 46.6624886 ], [ 16.4198455, 46.6584771 ], [ 16.4031166, 46.6588211 ], [ 16.4034095, 46.6612327 ], [ 16.3959215, 46.664695 ], [ 16.3915424, 46.6637257 ], [ 16.3937071, 46.6620901 ], [ 16.3910975, 46.6551417 ], [ 16.3852629, 46.6538946 ], [ 16.3858995, 46.644248 ], [ 16.392141, 46.6408173 ], [ 16.389771, 46.6400646 ], [ 16.3895825, 46.6385419 ], [ 16.3920275, 46.6359317 ], [ 16.3917736, 46.6337266 ], [ 16.3996373, 46.6341626 ], [ 16.4075614, 46.6308943 ], [ 16.4087078, 46.6285765 ], [ 16.4124936, 46.627645 ], [ 16.4173057, 46.6203294 ], [ 16.4248583, 46.6131645 ], [ 16.4455713, 46.610952 ], [ 16.4521949, 46.6006881 ], [ 16.4556769, 46.5978281 ], [ 16.4615427, 46.5969265 ], [ 16.4688718, 46.585819 ], [ 16.4734475, 46.5875445 ], [ 16.4833498, 46.5785173 ], [ 16.4818555, 46.5744391 ], [ 16.4829704, 46.5659846 ], [ 16.4902022, 46.5656005 ], [ 16.4930655, 46.5644454 ], [ 16.4930869, 46.5625053 ], [ 16.4953761, 46.5624362 ], [ 16.5011604, 46.5624134 ], [ 16.5083356, 46.5652338 ], [ 16.518648, 46.5526799 ], [ 16.5193072, 46.5462906 ], [ 16.5160472, 46.5411319 ], [ 16.5177589, 46.540531 ], [ 16.5175898, 46.536311 ], [ 16.5278429, 46.5348799 ], [ 16.5288329, 46.5327441 ], [ 16.5324201, 46.5315368 ], [ 16.5300166, 46.5286451 ], [ 16.5307795, 46.5251386 ], [ 16.5243832, 46.5195055 ], [ 16.5257927, 46.5153885 ], [ 16.5332297, 46.5143477 ], [ 16.529942, 46.5075404 ], [ 16.5252885, 46.5085882 ], [ 16.5236253, 46.5053038 ], [ 16.552569, 46.4923525 ], [ 16.56935, 46.4879805 ], [ 16.5701377, 46.4847704 ], [ 16.5792879, 46.4810456 ], [ 16.5809027, 46.478211 ], [ 16.5967977, 46.475898 ], [ 16.5989564, 46.477103 ], [ 16.605854, 46.4764112 ], [ 16.6065762, 46.4731536 ], [ 16.6100126, 46.4714383 ], [ 16.6108853, 46.4687146 ], [ 16.6146879, 46.4680346 ], [ 16.6170513, 46.4647177 ], [ 16.6237488, 46.468315 ], [ 16.6272627, 46.4670651 ], [ 16.6283928, 46.4628916 ], [ 16.6303042, 46.4616949 ], [ 16.636439, 46.4647442 ], [ 16.6455776, 46.4641925 ], [ 16.6637652, 46.4594639 ], [ 16.6662024, 46.4559403 ], [ 16.6657068, 46.4527202 ], [ 16.6581874, 46.4486794 ], [ 16.6574656, 46.4461446 ], [ 16.6607486, 46.44508 ], [ 16.6690979, 46.449436 ], [ 16.6739654, 46.4482193 ], [ 16.6754742, 46.442961 ], [ 16.6805765, 46.4391455 ], [ 16.6921185, 46.4214094 ], [ 16.699769, 46.4137615 ], [ 16.7044323, 46.4059144 ], [ 16.7156058, 46.3981428 ], [ 16.7161723, 46.3942355 ], [ 16.7187155, 46.3915451 ], [ 16.7227239, 46.3926239 ], [ 16.7235953, 46.3977737 ], [ 16.7260752, 46.4000732 ], [ 16.7341851, 46.4011369 ], [ 16.7396425, 46.3987751 ], [ 16.7389827, 46.3897129 ], [ 16.7416227, 46.3857719 ], [ 16.7490774, 46.3852938 ], [ 16.7516939, 46.3890699 ], [ 16.7544381, 46.3889553 ], [ 16.757769, 46.3856731 ], [ 16.7562022, 46.3807143 ], [ 16.7590791, 46.3779401 ], [ 16.7642247, 46.3787872 ], [ 16.7667386, 46.3813231 ], [ 16.7674056, 46.3856791 ], [ 16.771928, 46.3869413 ], [ 16.7744778, 46.3845015 ], [ 16.7734805, 46.3794235 ], [ 16.7777936, 46.3767565 ], [ 16.7836895, 46.3835047 ], [ 16.7931721, 46.3871275 ], [ 16.8023354, 46.3841297 ], [ 16.8035427, 46.3774168 ], [ 16.8109034, 46.3769354 ], [ 16.814128, 46.3711482 ], [ 16.8222173, 46.3734135 ], [ 16.8240994, 46.3724784 ], [ 16.8251939, 46.3683774 ], [ 16.8278738, 46.3674142 ], [ 16.8308539, 46.3688478 ], [ 16.8330801, 46.3743921 ], [ 16.8373977, 46.3740852 ], [ 16.8386774, 46.372251 ], [ 16.8361822, 46.3684289 ], [ 16.8360652, 46.3650113 ], [ 16.8507237, 46.3613005 ], [ 16.8506987, 46.3546462 ], [ 16.8568038, 46.3522301 ], [ 16.8626116, 46.3551557 ], [ 16.8657608, 46.3546579 ], [ 16.86691, 46.3512402 ], [ 16.8614235, 46.3475128 ], [ 16.861799, 46.3464678 ], [ 16.8735224, 46.343145 ], [ 16.8745439, 46.3412972 ], [ 16.8712119, 46.3379425 ], [ 16.8721637, 46.3363893 ], [ 16.8799078, 46.3362604 ], [ 16.8798308, 46.3329497 ], [ 16.8732293, 46.3258242 ], [ 16.8735023, 46.3232641 ], [ 16.8763354, 46.3210289 ], [ 16.878081, 46.3205444 ], [ 16.8757594, 46.3235441 ], [ 16.8762527, 46.3250788 ], [ 16.8856341, 46.3241119 ], [ 16.8869161, 46.319567 ], [ 16.8891915, 46.3177071 ], [ 16.8935965, 46.317413 ], [ 16.8970923, 46.3125258 ], [ 16.9287526, 46.3180788 ], [ 16.9359413, 46.3170666 ], [ 16.9368454, 46.3087018 ], [ 16.9343062, 46.3025587 ], [ 16.939264, 46.3022733 ], [ 16.9377674, 46.2984385 ], [ 16.9388668, 46.298459 ], [ 16.9380195, 46.2919641 ], [ 16.9391484, 46.2912226 ], [ 16.943987, 46.293979 ], [ 16.9461913, 46.2936419 ], [ 16.946265, 46.2917399 ], [ 16.9517025, 46.2933601 ], [ 16.9565417, 46.2961221 ], [ 16.9633754, 46.3042467 ], [ 16.9781671, 46.3052816 ], [ 16.9812334, 46.3114324 ], [ 16.9854725, 46.3157012 ], [ 16.9932917, 46.3124153 ], [ 17.0001425, 46.3136523 ], [ 17.0010237, 46.3114088 ], [ 17.006513, 46.3115083 ], [ 17.0083389, 46.306972 ], [ 17.0139136, 46.3047848 ], [ 17.0176432, 46.3079024 ], [ 17.0269195, 46.3095941 ], [ 17.0263175, 46.3111023 ], [ 17.0295313, 46.3134476 ], [ 17.0409518, 46.3167017 ], [ 17.0374973, 46.3208251 ], [ 17.0371864, 46.3292018 ], [ 17.0426019, 46.3315859 ], [ 17.0440646, 46.3365594 ], [ 17.0472525, 46.3396662 ], [ 17.058237, 46.3398604 ], [ 17.0589877, 46.3493966 ], [ 17.0534232, 46.3660567 ], [ 17.0550086, 46.3679942 ], [ 17.0467148, 46.3689883 ], [ 17.0438121, 46.373128 ], [ 17.044744, 46.3777138 ], [ 17.0468667, 46.3796548 ], [ 17.0432762, 46.3875952 ], [ 17.0343339, 46.3912429 ], [ 17.02973, 46.3964927 ], [ 17.0321901, 46.4045345 ], [ 17.0369637, 46.4091951 ], [ 17.0372642, 46.4160576 ], [ 17.043852, 46.4165527 ], [ 17.0483295, 46.4147287 ], [ 17.0509811, 46.4174415 ], [ 17.0543147, 46.4167377 ], [ 17.0546235, 46.408361 ], [ 17.0590491, 46.4076763 ], [ 17.0613641, 46.4046729 ], [ 17.06746, 46.4036391 ], [ 17.0686224, 46.4017499 ], [ 17.0777026, 46.405012 ], [ 17.0798752, 46.4159914 ], [ 17.0874542, 46.4205603 ], [ 17.0960431, 46.4201318 ], [ 17.1022359, 46.4164319 ], [ 17.1138597, 46.414728 ], [ 17.1147056, 46.4063604 ], [ 17.1279432, 46.4058235 ], [ 17.1394296, 46.4079214 ], [ 17.1391071, 46.4170605 ], [ 17.1413382, 46.4273789 ], [ 17.1804203, 46.4326048 ], [ 17.1815882, 46.4307208 ], [ 17.1883001, 46.4292358 ], [ 17.1911325, 46.4415412 ], [ 17.1933111, 46.4423395 ], [ 17.1943221, 46.4450219 ], [ 17.1952666, 46.4656077 ], [ 17.1889433, 46.4731233 ], [ 17.1945567, 46.4836339 ], [ 17.1901704, 46.4857101 ], [ 17.193975, 46.4872976 ], [ 17.1973021, 46.4865895 ], [ 17.1962469, 46.4854315 ], [ 17.2012331, 46.4847504 ], [ 17.2047912, 46.4935684 ], [ 17.2146655, 46.4948695 ], [ 17.2194717, 46.4995225 ], [ 17.2267858, 46.5118287 ], [ 17.2262591, 46.5274369 ], [ 17.2227793, 46.5323343 ], [ 17.2200504, 46.5802812 ], [ 17.2151427, 46.6106868 ], [ 17.2220705, 46.6347831 ], [ 17.2182691, 46.6491979 ], [ 17.2211078, 46.6549017 ], [ 17.2199535, 46.6638809 ], [ 17.2214961, 46.6716935 ], [ 17.244882, 46.67937 ], [ 17.2568178, 46.6872639 ], [ 17.2584344, 46.6906607 ], [ 17.2593409, 46.7017594 ], [ 17.2619194, 46.7058872 ], [ 17.2690185, 46.7338671 ], [ 17.2985616, 46.7350475 ], [ 17.3106733, 46.7331155 ], [ 17.3614537, 46.7316558 ], [ 17.3722287, 46.734195 ], [ 17.385311, 46.7438291 ], [ 17.3974458, 46.7483692 ], [ 17.4190599, 46.7506565 ], [ 17.4172439, 46.7574499 ], [ 17.373301, 46.7856616 ], [ 17.3675959, 46.7909089 ], [ 17.3614258, 46.7931052 ], [ 17.3541317, 46.8131818 ], [ 17.3507023, 46.8165589 ], [ 17.3342667, 46.82736 ], [ 17.3258917, 46.8291369 ], [ 17.3262225, 46.8359983 ], [ 17.3278594, 46.8367856 ], [ 17.3249409, 46.8413104 ], [ 17.3259048, 46.8459 ], [ 17.3302047, 46.8501494 ], [ 17.3306306, 46.8543466 ], [ 17.3355035, 46.8582324 ], [ 17.3320732, 46.8612247 ], [ 17.3336712, 46.8635363 ], [ 17.3313273, 46.8673074 ], [ 17.3273573, 46.8699132 ], [ 17.3229124, 46.869846 ], [ 17.3195141, 46.8720821 ], [ 17.3177076, 46.8762454 ], [ 17.3253557, 46.8801676 ], [ 17.326954, 46.8824793 ], [ 17.326783, 46.887808 ], [ 17.3221527, 46.8934538 ], [ 17.3098557, 46.8959328 ], [ 17.3081096, 46.8981875 ], [ 17.3047584, 46.8988989 ], [ 17.3034855, 46.9038327 ], [ 17.3050745, 46.9061445 ], [ 17.3039131, 46.9076456 ], [ 17.2976151, 46.9132649 ], [ 17.2840373, 46.9206748 ], [ 17.2762481, 46.9209323 ], [ 17.2680499, 46.916614 ], [ 17.2618739, 46.9184269 ], [ 17.2563857, 46.9164315 ], [ 17.2518222, 46.919788 ], [ 17.2418724, 46.9181122 ], [ 17.2306783, 46.9206002 ], [ 17.2258798, 46.9308085 ], [ 17.2286177, 46.9319929 ], [ 17.2290751, 46.9350441 ], [ 17.2318519, 46.9350883 ], [ 17.2338707, 46.9412144 ], [ 17.2388475, 46.9420559 ], [ 17.2398702, 46.9447379 ], [ 17.2420737, 46.9451571 ], [ 17.2384229, 46.9546216 ], [ 17.2500314, 46.9567081 ], [ 17.2458202, 46.9661639 ], [ 17.2435553, 46.9672689 ], [ 17.246244, 46.9699832 ], [ 17.2370637, 46.9782134 ], [ 17.2348755, 46.977038 ], [ 17.2302886, 46.9811559 ], [ 17.2306858, 46.9857312 ], [ 17.2323479, 46.9861358 ], [ 17.2288647, 46.9902712 ], [ 17.2214484, 46.9954843 ], [ 17.218129, 46.9950531 ], [ 17.2102109, 46.9987325 ], [ 17.2073169, 47.001736 ], [ 17.2089661, 47.0025251 ], [ 17.2066335, 47.0055314 ], [ 17.1996339, 46.9985619 ], [ 17.1912803, 46.9988109 ], [ 17.1841376, 46.9960289 ], [ 17.1801243, 46.9993916 ], [ 17.1785646, 46.996316 ], [ 17.176337, 46.9962796 ], [ 17.1740026, 46.9992914 ], [ 17.1628867, 46.9987243 ], [ 17.1488828, 47.0011582 ], [ 17.1439154, 46.9999349 ], [ 17.1421134, 47.0037176 ], [ 17.1428344, 47.0147709 ], [ 17.1384184, 47.0135565 ], [ 17.1361312, 47.0154216 ], [ 17.1288798, 47.0156845 ], [ 17.1220942, 47.0186143 ], [ 17.1128587, 47.0276028 ], [ 17.091313, 47.0378994 ], [ 17.075305, 47.0490504 ] ] ] ] } }
]
}
